2025-06-01 13:55:11,657 - DEBUG - Fit Function: x.shape = (455, 30), y.shape = (455,)
2025-06-01 13:55:11,661 - DEBUG - Compute Cost Function: x.shape=(455, 30),y.shape=(455,)
2025-06-01 13:55:11,661 - DEBUG - Gradient Function: x.shape = (455, 30), y.shape = (455,)
2025-06-01 13:55:11,662 - INFO - Cost after iteration 0: 0.6931471805599453
2025-06-01 13:55:11,663 - DEBUG - Compute Cost Function: x.shape=(455, 30),y.shape=(455,)
2025-06-01 13:55:11,664 - DEBUG - Gradient Function: x.shape = (455, 30), y.shape = (455,)
2025-06-01 13:55:11,666 - DEBUG - Compute Cost Function: x.shape=(455, 30),y.shape=(455,)
2025-06-01 13:55:11,666 - DEBUG - Gradient Function: x.shape = (455, 30), y.shape = (455,)
2025-06-01 13:55:11,666 - DEBUG - Compute Cost Function: x.shape=(455, 30),y.shape=(455,)
2025-06-01 13:55:11,666 - DEBUG - Gradient Function: x.shape = (455, 30), y.shape = (455,)
2025-06-01 13:55:11,666 - DEBUG - Compute Cost Function: x.shape=(455, 30),y.shape=(455,)
2025-06-01 13:55:11,666 - DEBUG - Gradient Function: x.shape = (455, 30), y.shape = (455,)
2025-06-01 13:55:11,666 - DEBUG - Compute Cost Function: x.shape=(455, 30),y.shape=(455,)
2025-06-01 13:55:11,666 - DEBUG - Gradient Function: x.shape = (455, 30), y.shape = (455,)
2025-06-01 13:55:11,666 - DEBUG - Compute Cost Function: x.shape=(455, 30),y.shape=(455,)
2025-06-01 13:55:11,666 - DEBUG - Gradient Function: x.shape = (455, 30), y.shape = (455,)
2025-06-01 13:55:11,666 - DEBUG - Compute Cost Function: x.shape=(455, 30),y.shape=(455,)
2025-06-01 13:55:11,666 - DEBUG - Gradient Function: x.shape = (455, 30), y.shape = (455,)
2025-06-01 13:55:11,666 - DEBUG - Compute Cost Function: x.shape=(455, 30),y.shape=(455,)
2025-06-01 13:55:11,672 - DEBUG - Gradient Function: x.shape = (455, 30), y.shape = (455,)
2025-06-01 13:55:11,672 - DEBUG - Compute Cost Function: x.shape=(455, 30),y.shape=(455,)
2025-06-01 13:55:11,672 - DEBUG - Gradient Function: x.shape = (455, 30), y.shape = (455,)
2025-06-01 13:55:11,674 - DEBUG - Compute Cost Function: x.shape=(455, 30),y.shape=(455,)
2025-06-01 13:55:11,674 - DEBUG - Gradient Function: x.shape = (455, 30), y.shape = (455,)
2025-06-01 13:55:11,674 - DEBUG - Compute Cost Function: x.shape=(455, 30),y.shape=(455,)
2025-06-01 13:55:11,674 - DEBUG - Gradient Function: x.shape = (455, 30), y.shape = (455,)
2025-06-01 13:55:11,676 - DEBUG - Compute Cost Function: x.shape=(455, 30),y.shape=(455,)
2025-06-01 13:55:11,677 - DEBUG - Gradient Function: x.shape = (455, 30), y.shape = (455,)
2025-06-01 13:55:11,677 - DEBUG - Compute Cost Function: x.shape=(455, 30),y.shape=(455,)
2025-06-01 13:55:11,677 - DEBUG - Gradient Function: x.shape = (455, 30), y.shape = (455,)
2025-06-01 13:55:11,678 - DEBUG - Compute Cost Function: x.shape=(455, 30),y.shape=(455,)
2025-06-01 13:55:11,678 - DEBUG - Gradient Function: x.shape = (455, 30), y.shape = (455,)
2025-06-01 13:55:11,679 - DEBUG - Compute Cost Function: x.shape=(455, 30),y.shape=(455,)
2025-06-01 13:55:11,679 - DEBUG - Gradient Function: x.shape = (455, 30), y.shape = (455,)
2025-06-01 13:55:11,680 - DEBUG - Compute Cost Function: x.shape=(455, 30),y.shape=(455,)
2025-06-01 13:55:11,680 - DEBUG - Gradient Function: x.shape = (455, 30), y.shape = (455,)
2025-06-01 13:55:11,680 - DEBUG - Compute Cost Function: x.shape=(455, 30),y.shape=(455,)
2025-06-01 13:55:11,680 - DEBUG - Gradient Function: x.shape = (455, 30), y.shape = (455,)
2025-06-01 13:55:11,681 - DEBUG - Compute Cost Function: x.shape=(455, 30),y.shape=(455,)
2025-06-01 13:55:11,681 - DEBUG - Gradient Function: x.shape = (455, 30), y.shape = (455,)
2025-06-01 13:55:11,681 - DEBUG - Compute Cost Function: x.shape=(455, 30),y.shape=(455,)
2025-06-01 13:55:11,681 - DEBUG - Gradient Function: x.shape = (455, 30), y.shape = (455,)
2025-06-01 13:55:11,682 - DEBUG - Compute Cost Function: x.shape=(455, 30),y.shape=(455,)
2025-06-01 13:55:11,682 - DEBUG - Gradient Function: x.shape = (455, 30), y.shape = (455,)
2025-06-01 13:55:11,682 - DEBUG - Compute Cost Function: x.shape=(455, 30),y.shape=(455,)
2025-06-01 13:55:11,683 - DEBUG - Gradient Function: x.shape = (455, 30), y.shape = (455,)
2025-06-01 13:55:11,684 - DEBUG - Compute Cost Function: x.shape=(455, 30),y.shape=(455,)
2025-06-01 13:55:11,684 - DEBUG - Gradient Function: x.shape = (455, 30), y.shape = (455,)
2025-06-01 13:55:11,684 - DEBUG - Compute Cost Function: x.shape=(455, 30),y.shape=(455,)
2025-06-01 13:55:11,684 - DEBUG - Gradient Function: x.shape = (455, 30), y.shape = (455,)
2025-06-01 13:55:11,684 - DEBUG - Compute Cost Function: x.shape=(455, 30),y.shape=(455,)
2025-06-01 13:55:11,684 - DEBUG - Gradient Function: x.shape = (455, 30), y.shape = (455,)
2025-06-01 13:55:11,684 - DEBUG - Compute Cost Function: x.shape=(455, 30),y.shape=(455,)
2025-06-01 13:55:11,684 - DEBUG - Gradient Function: x.shape = (455, 30), y.shape = (455,)
2025-06-01 13:55:11,684 - DEBUG - Compute Cost Function: x.shape=(455, 30),y.shape=(455,)
2025-06-01 13:55:11,684 - DEBUG - Gradient Function: x.shape = (455, 30), y.shape = (455,)
2025-06-01 13:55:11,684 - DEBUG - Compute Cost Function: x.shape=(455, 30),y.shape=(455,)
2025-06-01 13:55:11,684 - DEBUG - Gradient Function: x.shape = (455, 30), y.shape = (455,)
2025-06-01 13:55:11,690 - DEBUG - Compute Cost Function: x.shape=(455, 30),y.shape=(455,)
2025-06-01 13:55:11,690 - DEBUG - Gradient Function: x.shape = (455, 30), y.shape = (455,)
2025-06-01 13:55:11,690 - DEBUG - Compute Cost Function: x.shape=(455, 30),y.shape=(455,)
2025-06-01 13:55:11,690 - DEBUG - Gradient Function: x.shape = (455, 30), y.shape = (455,)
2025-06-01 13:55:11,690 - DEBUG - Compute Cost Function: x.shape=(455, 30),y.shape=(455,)
2025-06-01 13:55:11,690 - DEBUG - Gradient Function: x.shape = (455, 30), y.shape = (455,)
2025-06-01 13:55:11,690 - DEBUG - Compute Cost Function: x.shape=(455, 30),y.shape=(455,)
2025-06-01 13:55:11,693 - DEBUG - Gradient Function: x.shape = (455, 30), y.shape = (455,)
2025-06-01 13:55:11,694 - DEBUG - Compute Cost Function: x.shape=(455, 30),y.shape=(455,)
2025-06-01 13:55:11,694 - DEBUG - Gradient Function: x.shape = (455, 30), y.shape = (455,)
2025-06-01 13:55:11,695 - DEBUG - Compute Cost Function: x.shape=(455, 30),y.shape=(455,)
2025-06-01 13:55:11,695 - DEBUG - Gradient Function: x.shape = (455, 30), y.shape = (455,)
2025-06-01 13:55:11,695 - DEBUG - Compute Cost Function: x.shape=(455, 30),y.shape=(455,)
2025-06-01 13:55:11,696 - DEBUG - Gradient Function: x.shape = (455, 30), y.shape = (455,)
2025-06-01 13:55:11,696 - DEBUG - Compute Cost Function: x.shape=(455, 30),y.shape=(455,)
2025-06-01 13:55:11,697 - DEBUG - Gradient Function: x.shape = (455, 30), y.shape = (455,)
2025-06-01 13:55:11,697 - DEBUG - Compute Cost Function: x.shape=(455, 30),y.shape=(455,)
2025-06-01 13:55:11,697 - DEBUG - Gradient Function: x.shape = (455, 30), y.shape = (455,)
2025-06-01 13:55:11,698 - DEBUG - Compute Cost Function: x.shape=(455, 30),y.shape=(455,)
2025-06-01 13:55:11,698 - DEBUG - Gradient Function: x.shape = (455, 30), y.shape = (455,)
2025-06-01 13:55:11,699 - DEBUG - Compute Cost Function: x.shape=(455, 30),y.shape=(455,)
2025-06-01 13:55:11,699 - DEBUG - Gradient Function: x.shape = (455, 30), y.shape = (455,)
2025-06-01 13:55:11,700 - DEBUG - Compute Cost Function: x.shape=(455, 30),y.shape=(455,)
2025-06-01 13:55:11,700 - DEBUG - Gradient Function: x.shape = (455, 30), y.shape = (455,)
2025-06-01 13:55:11,701 - DEBUG - Compute Cost Function: x.shape=(455, 30),y.shape=(455,)
2025-06-01 13:55:11,701 - DEBUG - Gradient Function: x.shape = (455, 30), y.shape = (455,)
2025-06-01 13:55:11,701 - DEBUG - Compute Cost Function: x.shape=(455, 30),y.shape=(455,)
2025-06-01 13:55:11,702 - DEBUG - Gradient Function: x.shape = (455, 30), y.shape = (455,)
2025-06-01 13:55:11,702 - DEBUG - Compute Cost Function: x.shape=(455, 30),y.shape=(455,)
2025-06-01 13:55:11,702 - DEBUG - Gradient Function: x.shape = (455, 30), y.shape = (455,)
2025-06-01 13:55:11,703 - DEBUG - Compute Cost Function: x.shape=(455, 30),y.shape=(455,)
2025-06-01 13:55:11,703 - DEBUG - Gradient Function: x.shape = (455, 30), y.shape = (455,)
2025-06-01 13:55:11,704 - DEBUG - Compute Cost Function: x.shape=(455, 30),y.shape=(455,)
2025-06-01 13:55:11,704 - DEBUG - Gradient Function: x.shape = (455, 30), y.shape = (455,)
2025-06-01 13:55:11,705 - DEBUG - Compute Cost Function: x.shape=(455, 30),y.shape=(455,)
2025-06-01 13:55:11,705 - DEBUG - Gradient Function: x.shape = (455, 30), y.shape = (455,)
2025-06-01 13:55:11,706 - DEBUG - Compute Cost Function: x.shape=(455, 30),y.shape=(455,)
2025-06-01 13:55:11,706 - DEBUG - Gradient Function: x.shape = (455, 30), y.shape = (455,)
2025-06-01 13:55:11,707 - DEBUG - Compute Cost Function: x.shape=(455, 30),y.shape=(455,)
2025-06-01 13:55:11,707 - DEBUG - Gradient Function: x.shape = (455, 30), y.shape = (455,)
2025-06-01 13:55:11,708 - DEBUG - Compute Cost Function: x.shape=(455, 30),y.shape=(455,)
2025-06-01 13:55:11,708 - DEBUG - Gradient Function: x.shape = (455, 30), y.shape = (455,)
2025-06-01 13:55:11,709 - DEBUG - Compute Cost Function: x.shape=(455, 30),y.shape=(455,)
2025-06-01 13:55:11,709 - DEBUG - Gradient Function: x.shape = (455, 30), y.shape = (455,)
2025-06-01 13:55:11,710 - DEBUG - Compute Cost Function: x.shape=(455, 30),y.shape=(455,)
2025-06-01 13:55:11,710 - DEBUG - Gradient Function: x.shape = (455, 30), y.shape = (455,)
2025-06-01 13:55:11,710 - DEBUG - Compute Cost Function: x.shape=(455, 30),y.shape=(455,)
2025-06-01 13:55:11,710 - DEBUG - Gradient Function: x.shape = (455, 30), y.shape = (455,)
2025-06-01 13:55:11,710 - DEBUG - Compute Cost Function: x.shape=(455, 30),y.shape=(455,)
2025-06-01 13:55:11,710 - DEBUG - Gradient Function: x.shape = (455, 30), y.shape = (455,)
2025-06-01 13:55:11,710 - DEBUG - Compute Cost Function: x.shape=(455, 30),y.shape=(455,)
2025-06-01 13:55:11,710 - DEBUG - Gradient Function: x.shape = (455, 30), y.shape = (455,)
2025-06-01 13:55:11,710 - DEBUG - Compute Cost Function: x.shape=(455, 30),y.shape=(455,)
2025-06-01 13:55:11,710 - DEBUG - Gradient Function: x.shape = (455, 30), y.shape = (455,)
2025-06-01 13:55:11,710 - DEBUG - Compute Cost Function: x.shape=(455, 30),y.shape=(455,)
2025-06-01 13:55:11,710 - DEBUG - Gradient Function: x.shape = (455, 30), y.shape = (455,)
2025-06-01 13:55:11,710 - DEBUG - Compute Cost Function: x.shape=(455, 30),y.shape=(455,)
2025-06-01 13:55:11,710 - DEBUG - Gradient Function: x.shape = (455, 30), y.shape = (455,)
2025-06-01 13:55:11,710 - DEBUG - Compute Cost Function: x.shape=(455, 30),y.shape=(455,)
2025-06-01 13:55:11,710 - DEBUG - Gradient Function: x.shape = (455, 30), y.shape = (455,)
2025-06-01 13:55:11,710 - DEBUG - Compute Cost Function: x.shape=(455, 30),y.shape=(455,)
2025-06-01 13:55:11,710 - DEBUG - Gradient Function: x.shape = (455, 30), y.shape = (455,)
2025-06-01 13:55:11,710 - DEBUG - Compute Cost Function: x.shape=(455, 30),y.shape=(455,)
2025-06-01 13:55:11,710 - DEBUG - Gradient Function: x.shape = (455, 30), y.shape = (455,)
2025-06-01 13:55:11,710 - DEBUG - Compute Cost Function: x.shape=(455, 30),y.shape=(455,)
2025-06-01 13:55:11,710 - DEBUG - Gradient Function: x.shape = (455, 30), y.shape = (455,)
2025-06-01 13:55:11,710 - DEBUG - Compute Cost Function: x.shape=(455, 30),y.shape=(455,)
2025-06-01 13:55:11,710 - DEBUG - Gradient Function: x.shape = (455, 30), y.shape = (455,)
2025-06-01 13:55:11,710 - DEBUG - Compute Cost Function: x.shape=(455, 30),y.shape=(455,)
2025-06-01 13:55:11,710 - DEBUG - Gradient Function: x.shape = (455, 30), y.shape = (455,)
2025-06-01 13:55:11,710 - DEBUG - Compute Cost Function: x.shape=(455, 30),y.shape=(455,)
2025-06-01 13:55:11,710 - DEBUG - Gradient Function: x.shape = (455, 30), y.shape = (455,)
2025-06-01 13:55:11,710 - DEBUG - Compute Cost Function: x.shape=(455, 30),y.shape=(455,)
2025-06-01 13:55:11,710 - DEBUG - Gradient Function: x.shape = (455, 30), y.shape = (455,)
2025-06-01 13:55:11,710 - DEBUG - Compute Cost Function: x.shape=(455, 30),y.shape=(455,)
2025-06-01 13:55:11,710 - DEBUG - Gradient Function: x.shape = (455, 30), y.shape = (455,)
2025-06-01 13:55:11,710 - DEBUG - Compute Cost Function: x.shape=(455, 30),y.shape=(455,)
2025-06-01 13:55:11,710 - DEBUG - Gradient Function: x.shape = (455, 30), y.shape = (455,)
2025-06-01 13:55:11,710 - DEBUG - Compute Cost Function: x.shape=(455, 30),y.shape=(455,)
2025-06-01 13:55:11,710 - DEBUG - Gradient Function: x.shape = (455, 30), y.shape = (455,)
2025-06-01 13:55:11,710 - DEBUG - Compute Cost Function: x.shape=(455, 30),y.shape=(455,)
2025-06-01 13:55:11,710 - DEBUG - Gradient Function: x.shape = (455, 30), y.shape = (455,)
2025-06-01 13:55:11,710 - DEBUG - Compute Cost Function: x.shape=(455, 30),y.shape=(455,)
2025-06-01 13:55:11,710 - DEBUG - Gradient Function: x.shape = (455, 30), y.shape = (455,)
2025-06-01 13:55:11,726 - DEBUG - Compute Cost Function: x.shape=(455, 30),y.shape=(455,)
2025-06-01 13:55:11,726 - DEBUG - Gradient Function: x.shape = (455, 30), y.shape = (455,)
2025-06-01 13:55:11,727 - DEBUG - Compute Cost Function: x.shape=(455, 30),y.shape=(455,)
2025-06-01 13:55:11,728 - DEBUG - Gradient Function: x.shape = (455, 30), y.shape = (455,)
2025-06-01 13:55:11,728 - DEBUG - Compute Cost Function: x.shape=(455, 30),y.shape=(455,)
2025-06-01 13:55:11,729 - DEBUG - Gradient Function: x.shape = (455, 30), y.shape = (455,)
2025-06-01 13:55:11,729 - DEBUG - Compute Cost Function: x.shape=(455, 30),y.shape=(455,)
2025-06-01 13:55:11,730 - DEBUG - Gradient Function: x.shape = (455, 30), y.shape = (455,)
2025-06-01 13:55:11,730 - DEBUG - Compute Cost Function: x.shape=(455, 30),y.shape=(455,)
2025-06-01 13:55:11,730 - DEBUG - Gradient Function: x.shape = (455, 30), y.shape = (455,)
2025-06-01 13:55:11,730 - DEBUG - Compute Cost Function: x.shape=(455, 30),y.shape=(455,)
2025-06-01 13:55:11,730 - DEBUG - Gradient Function: x.shape = (455, 30), y.shape = (455,)
2025-06-01 13:55:11,730 - DEBUG - Compute Cost Function: x.shape=(455, 30),y.shape=(455,)
2025-06-01 13:55:11,730 - DEBUG - Gradient Function: x.shape = (455, 30), y.shape = (455,)
2025-06-01 13:55:11,730 - DEBUG - Compute Cost Function: x.shape=(455, 30),y.shape=(455,)
2025-06-01 13:55:11,730 - DEBUG - Gradient Function: x.shape = (455, 30), y.shape = (455,)
2025-06-01 13:55:11,730 - DEBUG - Compute Cost Function: x.shape=(455, 30),y.shape=(455,)
2025-06-01 13:55:11,730 - DEBUG - Gradient Function: x.shape = (455, 30), y.shape = (455,)
2025-06-01 13:55:11,730 - DEBUG - Compute Cost Function: x.shape=(455, 30),y.shape=(455,)
2025-06-01 13:55:11,730 - DEBUG - Gradient Function: x.shape = (455, 30), y.shape = (455,)
2025-06-01 13:55:11,730 - DEBUG - Compute Cost Function: x.shape=(455, 30),y.shape=(455,)
2025-06-01 13:55:11,730 - DEBUG - Gradient Function: x.shape = (455, 30), y.shape = (455,)
2025-06-01 13:55:11,730 - DEBUG - Compute Cost Function: x.shape=(455, 30),y.shape=(455,)
2025-06-01 13:55:11,730 - DEBUG - Gradient Function: x.shape = (455, 30), y.shape = (455,)
2025-06-01 13:55:11,730 - DEBUG - Compute Cost Function: x.shape=(455, 30),y.shape=(455,)
2025-06-01 13:55:11,730 - DEBUG - Gradient Function: x.shape = (455, 30), y.shape = (455,)
2025-06-01 13:55:11,730 - DEBUG - Compute Cost Function: x.shape=(455, 30),y.shape=(455,)
2025-06-01 13:55:11,730 - DEBUG - Gradient Function: x.shape = (455, 30), y.shape = (455,)
2025-06-01 13:55:11,730 - DEBUG - Compute Cost Function: x.shape=(455, 30),y.shape=(455,)
2025-06-01 13:55:11,730 - DEBUG - Gradient Function: x.shape = (455, 30), y.shape = (455,)
2025-06-01 13:55:11,730 - DEBUG - Compute Cost Function: x.shape=(455, 30),y.shape=(455,)
2025-06-01 13:55:11,730 - DEBUG - Gradient Function: x.shape = (455, 30), y.shape = (455,)
2025-06-01 13:55:11,730 - DEBUG - Compute Cost Function: x.shape=(455, 30),y.shape=(455,)
2025-06-01 13:55:11,730 - DEBUG - Gradient Function: x.shape = (455, 30), y.shape = (455,)
2025-06-01 13:55:11,730 - DEBUG - Compute Cost Function: x.shape=(455, 30),y.shape=(455,)
2025-06-01 13:55:11,730 - DEBUG - Gradient Function: x.shape = (455, 30), y.shape = (455,)
2025-06-01 13:55:11,730 - DEBUG - Compute Cost Function: x.shape=(455, 30),y.shape=(455,)
2025-06-01 13:55:11,730 - DEBUG - Gradient Function: x.shape = (455, 30), y.shape = (455,)
2025-06-01 13:55:11,730 - DEBUG - Compute Cost Function: x.shape=(455, 30),y.shape=(455,)
2025-06-01 13:55:11,730 - DEBUG - Gradient Function: x.shape = (455, 30), y.shape = (455,)
2025-06-01 13:55:11,730 - DEBUG - Compute Cost Function: x.shape=(455, 30),y.shape=(455,)
2025-06-01 13:55:11,730 - DEBUG - Gradient Function: x.shape = (455, 30), y.shape = (455,)
2025-06-01 13:55:11,730 - DEBUG - Compute Cost Function: x.shape=(455, 30),y.shape=(455,)
2025-06-01 13:55:11,730 - DEBUG - Gradient Function: x.shape = (455, 30), y.shape = (455,)
2025-06-01 13:55:11,730 - DEBUG - Compute Cost Function: x.shape=(455, 30),y.shape=(455,)
2025-06-01 13:55:11,730 - DEBUG - Gradient Function: x.shape = (455, 30), y.shape = (455,)
2025-06-01 13:55:11,730 - DEBUG - Compute Cost Function: x.shape=(455, 30),y.shape=(455,)
2025-06-01 13:55:11,730 - DEBUG - Gradient Function: x.shape = (455, 30), y.shape = (455,)
2025-06-01 13:55:11,730 - DEBUG - Compute Cost Function: x.shape=(455, 30),y.shape=(455,)
2025-06-01 13:55:11,730 - DEBUG - Gradient Function: x.shape = (455, 30), y.shape = (455,)
2025-06-01 13:55:11,730 - DEBUG - Compute Cost Function: x.shape=(455, 30),y.shape=(455,)
2025-06-01 13:55:11,730 - DEBUG - Gradient Function: x.shape = (455, 30), y.shape = (455,)
2025-06-01 13:55:11,730 - DEBUG - Compute Cost Function: x.shape=(455, 30),y.shape=(455,)
2025-06-01 13:55:11,730 - DEBUG - Gradient Function: x.shape = (455, 30), y.shape = (455,)
2025-06-01 13:55:11,730 - DEBUG - Compute Cost Function: x.shape=(455, 30),y.shape=(455,)
2025-06-01 13:55:11,730 - DEBUG - Gradient Function: x.shape = (455, 30), y.shape = (455,)
2025-06-01 13:55:11,743 - DEBUG - Compute Cost Function: x.shape=(455, 30),y.shape=(455,)
2025-06-01 13:55:11,743 - DEBUG - Gradient Function: x.shape = (455, 30), y.shape = (455,)
2025-06-01 13:55:11,744 - DEBUG - Compute Cost Function: x.shape=(455, 30),y.shape=(455,)
2025-06-01 13:55:11,744 - DEBUG - Gradient Function: x.shape = (455, 30), y.shape = (455,)
2025-06-01 13:55:11,745 - DEBUG - Compute Cost Function: x.shape=(455, 30),y.shape=(455,)
2025-06-01 13:55:11,745 - DEBUG - Gradient Function: x.shape = (455, 30), y.shape = (455,)
2025-06-01 13:55:11,745 - INFO - Cost after iteration 100: 0.25426773835684746
2025-06-01 13:55:11,746 - DEBUG - Compute Cost Function: x.shape=(455, 30),y.shape=(455,)
2025-06-01 13:55:11,746 - DEBUG - Gradient Function: x.shape = (455, 30), y.shape = (455,)
2025-06-01 13:55:11,746 - DEBUG - Compute Cost Function: x.shape=(455, 30),y.shape=(455,)
2025-06-01 13:55:11,746 - DEBUG - Gradient Function: x.shape = (455, 30), y.shape = (455,)
2025-06-01 13:55:11,746 - DEBUG - Compute Cost Function: x.shape=(455, 30),y.shape=(455,)
2025-06-01 13:55:11,746 - DEBUG - Gradient Function: x.shape = (455, 30), y.shape = (455,)
2025-06-01 13:55:11,746 - DEBUG - Compute Cost Function: x.shape=(455, 30),y.shape=(455,)
2025-06-01 13:55:11,746 - DEBUG - Gradient Function: x.shape = (455, 30), y.shape = (455,)
2025-06-01 13:55:11,746 - DEBUG - Compute Cost Function: x.shape=(455, 30),y.shape=(455,)
2025-06-01 13:55:11,746 - DEBUG - Gradient Function: x.shape = (455, 30), y.shape = (455,)
2025-06-01 13:55:11,746 - DEBUG - Compute Cost Function: x.shape=(455, 30),y.shape=(455,)
2025-06-01 13:55:11,746 - DEBUG - Gradient Function: x.shape = (455, 30), y.shape = (455,)
2025-06-01 13:55:11,746 - DEBUG - Compute Cost Function: x.shape=(455, 30),y.shape=(455,)
2025-06-01 13:55:11,746 - DEBUG - Gradient Function: x.shape = (455, 30), y.shape = (455,)
2025-06-01 13:55:11,746 - DEBUG - Compute Cost Function: x.shape=(455, 30),y.shape=(455,)
2025-06-01 13:55:11,746 - DEBUG - Gradient Function: x.shape = (455, 30), y.shape = (455,)
2025-06-01 13:55:11,746 - DEBUG - Compute Cost Function: x.shape=(455, 30),y.shape=(455,)
2025-06-01 13:55:11,746 - DEBUG - Gradient Function: x.shape = (455, 30), y.shape = (455,)
2025-06-01 13:55:11,746 - DEBUG - Compute Cost Function: x.shape=(455, 30),y.shape=(455,)
2025-06-01 13:55:11,746 - DEBUG - Gradient Function: x.shape = (455, 30), y.shape = (455,)
2025-06-01 13:55:11,746 - DEBUG - Compute Cost Function: x.shape=(455, 30),y.shape=(455,)
2025-06-01 13:55:11,746 - DEBUG - Gradient Function: x.shape = (455, 30), y.shape = (455,)
2025-06-01 13:55:11,746 - DEBUG - Compute Cost Function: x.shape=(455, 30),y.shape=(455,)
2025-06-01 13:55:11,746 - DEBUG - Gradient Function: x.shape = (455, 30), y.shape = (455,)
2025-06-01 13:55:11,746 - DEBUG - Compute Cost Function: x.shape=(455, 30),y.shape=(455,)
2025-06-01 13:55:11,746 - DEBUG - Gradient Function: x.shape = (455, 30), y.shape = (455,)
2025-06-01 13:55:11,746 - DEBUG - Compute Cost Function: x.shape=(455, 30),y.shape=(455,)
2025-06-01 13:55:11,746 - DEBUG - Gradient Function: x.shape = (455, 30), y.shape = (455,)
2025-06-01 13:55:11,746 - DEBUG - Compute Cost Function: x.shape=(455, 30),y.shape=(455,)
2025-06-01 13:55:11,746 - DEBUG - Gradient Function: x.shape = (455, 30), y.shape = (455,)
2025-06-01 13:55:11,746 - DEBUG - Compute Cost Function: x.shape=(455, 30),y.shape=(455,)
2025-06-01 13:55:11,746 - DEBUG - Gradient Function: x.shape = (455, 30), y.shape = (455,)
2025-06-01 13:55:11,746 - DEBUG - Compute Cost Function: x.shape=(455, 30),y.shape=(455,)
2025-06-01 13:55:11,746 - DEBUG - Gradient Function: x.shape = (455, 30), y.shape = (455,)
2025-06-01 13:55:11,746 - DEBUG - Compute Cost Function: x.shape=(455, 30),y.shape=(455,)
2025-06-01 13:55:11,746 - DEBUG - Gradient Function: x.shape = (455, 30), y.shape = (455,)
2025-06-01 13:55:11,746 - DEBUG - Compute Cost Function: x.shape=(455, 30),y.shape=(455,)
2025-06-01 13:55:11,746 - DEBUG - Gradient Function: x.shape = (455, 30), y.shape = (455,)
2025-06-01 13:55:11,746 - DEBUG - Compute Cost Function: x.shape=(455, 30),y.shape=(455,)
2025-06-01 13:55:11,746 - DEBUG - Gradient Function: x.shape = (455, 30), y.shape = (455,)
2025-06-01 13:55:11,746 - DEBUG - Compute Cost Function: x.shape=(455, 30),y.shape=(455,)
2025-06-01 13:55:11,746 - DEBUG - Gradient Function: x.shape = (455, 30), y.shape = (455,)
2025-06-01 13:55:11,746 - DEBUG - Compute Cost Function: x.shape=(455, 30),y.shape=(455,)
2025-06-01 13:55:11,746 - DEBUG - Gradient Function: x.shape = (455, 30), y.shape = (455,)
2025-06-01 13:55:11,746 - DEBUG - Compute Cost Function: x.shape=(455, 30),y.shape=(455,)
2025-06-01 13:55:11,746 - DEBUG - Gradient Function: x.shape = (455, 30), y.shape = (455,)
2025-06-01 13:55:11,746 - DEBUG - Compute Cost Function: x.shape=(455, 30),y.shape=(455,)
2025-06-01 13:55:11,746 - DEBUG - Gradient Function: x.shape = (455, 30), y.shape = (455,)
2025-06-01 13:55:11,746 - DEBUG - Compute Cost Function: x.shape=(455, 30),y.shape=(455,)
2025-06-01 13:55:11,746 - DEBUG - Gradient Function: x.shape = (455, 30), y.shape = (455,)
2025-06-01 13:55:11,746 - DEBUG - Compute Cost Function: x.shape=(455, 30),y.shape=(455,)
2025-06-01 13:55:11,746 - DEBUG - Gradient Function: x.shape = (455, 30), y.shape = (455,)
2025-06-01 13:55:11,746 - DEBUG - Compute Cost Function: x.shape=(455, 30),y.shape=(455,)
2025-06-01 13:55:11,746 - DEBUG - Gradient Function: x.shape = (455, 30), y.shape = (455,)
2025-06-01 13:55:11,746 - DEBUG - Compute Cost Function: x.shape=(455, 30),y.shape=(455,)
2025-06-01 13:55:11,746 - DEBUG - Gradient Function: x.shape = (455, 30), y.shape = (455,)
2025-06-01 13:55:11,760 - DEBUG - Compute Cost Function: x.shape=(455, 30),y.shape=(455,)
2025-06-01 13:55:11,760 - DEBUG - Gradient Function: x.shape = (455, 30), y.shape = (455,)
2025-06-01 13:55:11,760 - DEBUG - Compute Cost Function: x.shape=(455, 30),y.shape=(455,)
2025-06-01 13:55:11,760 - DEBUG - Gradient Function: x.shape = (455, 30), y.shape = (455,)
2025-06-01 13:55:11,760 - DEBUG - Compute Cost Function: x.shape=(455, 30),y.shape=(455,)
2025-06-01 13:55:11,760 - DEBUG - Gradient Function: x.shape = (455, 30), y.shape = (455,)
2025-06-01 13:55:11,760 - DEBUG - Compute Cost Function: x.shape=(455, 30),y.shape=(455,)
2025-06-01 13:55:11,760 - DEBUG - Gradient Function: x.shape = (455, 30), y.shape = (455,)
2025-06-01 13:55:11,760 - DEBUG - Compute Cost Function: x.shape=(455, 30),y.shape=(455,)
2025-06-01 13:55:11,760 - DEBUG - Gradient Function: x.shape = (455, 30), y.shape = (455,)
2025-06-01 13:55:11,760 - DEBUG - Compute Cost Function: x.shape=(455, 30),y.shape=(455,)
2025-06-01 13:55:11,760 - DEBUG - Gradient Function: x.shape = (455, 30), y.shape = (455,)
2025-06-01 13:55:11,760 - DEBUG - Compute Cost Function: x.shape=(455, 30),y.shape=(455,)
2025-06-01 13:55:11,760 - DEBUG - Gradient Function: x.shape = (455, 30), y.shape = (455,)
2025-06-01 13:55:11,760 - DEBUG - Compute Cost Function: x.shape=(455, 30),y.shape=(455,)
2025-06-01 13:55:11,760 - DEBUG - Gradient Function: x.shape = (455, 30), y.shape = (455,)
2025-06-01 13:55:11,760 - DEBUG - Compute Cost Function: x.shape=(455, 30),y.shape=(455,)
2025-06-01 13:55:11,760 - DEBUG - Gradient Function: x.shape = (455, 30), y.shape = (455,)
2025-06-01 13:55:11,760 - DEBUG - Compute Cost Function: x.shape=(455, 30),y.shape=(455,)
2025-06-01 13:55:11,760 - DEBUG - Gradient Function: x.shape = (455, 30), y.shape = (455,)
2025-06-01 13:55:11,760 - DEBUG - Compute Cost Function: x.shape=(455, 30),y.shape=(455,)
2025-06-01 13:55:11,760 - DEBUG - Gradient Function: x.shape = (455, 30), y.shape = (455,)
2025-06-01 13:55:11,760 - DEBUG - Compute Cost Function: x.shape=(455, 30),y.shape=(455,)
2025-06-01 13:55:11,760 - DEBUG - Gradient Function: x.shape = (455, 30), y.shape = (455,)
2025-06-01 13:55:11,760 - DEBUG - Compute Cost Function: x.shape=(455, 30),y.shape=(455,)
2025-06-01 13:55:11,760 - DEBUG - Gradient Function: x.shape = (455, 30), y.shape = (455,)
2025-06-01 13:55:11,760 - DEBUG - Compute Cost Function: x.shape=(455, 30),y.shape=(455,)
2025-06-01 13:55:11,760 - DEBUG - Gradient Function: x.shape = (455, 30), y.shape = (455,)
2025-06-01 13:55:11,760 - DEBUG - Compute Cost Function: x.shape=(455, 30),y.shape=(455,)
2025-06-01 13:55:11,760 - DEBUG - Gradient Function: x.shape = (455, 30), y.shape = (455,)
2025-06-01 13:55:11,760 - DEBUG - Compute Cost Function: x.shape=(455, 30),y.shape=(455,)
2025-06-01 13:55:11,760 - DEBUG - Gradient Function: x.shape = (455, 30), y.shape = (455,)
2025-06-01 13:55:11,760 - DEBUG - Compute Cost Function: x.shape=(455, 30),y.shape=(455,)
2025-06-01 13:55:11,760 - DEBUG - Gradient Function: x.shape = (455, 30), y.shape = (455,)
2025-06-01 13:55:11,760 - DEBUG - Compute Cost Function: x.shape=(455, 30),y.shape=(455,)
2025-06-01 13:55:11,760 - DEBUG - Gradient Function: x.shape = (455, 30), y.shape = (455,)
2025-06-01 13:55:11,760 - DEBUG - Compute Cost Function: x.shape=(455, 30),y.shape=(455,)
2025-06-01 13:55:11,760 - DEBUG - Gradient Function: x.shape = (455, 30), y.shape = (455,)
2025-06-01 13:55:11,760 - DEBUG - Compute Cost Function: x.shape=(455, 30),y.shape=(455,)
2025-06-01 13:55:11,760 - DEBUG - Gradient Function: x.shape = (455, 30), y.shape = (455,)
2025-06-01 13:55:11,760 - DEBUG - Compute Cost Function: x.shape=(455, 30),y.shape=(455,)
2025-06-01 13:55:11,760 - DEBUG - Gradient Function: x.shape = (455, 30), y.shape = (455,)
2025-06-01 13:55:11,760 - DEBUG - Compute Cost Function: x.shape=(455, 30),y.shape=(455,)
2025-06-01 13:55:11,760 - DEBUG - Gradient Function: x.shape = (455, 30), y.shape = (455,)
2025-06-01 13:55:11,760 - DEBUG - Compute Cost Function: x.shape=(455, 30),y.shape=(455,)
2025-06-01 13:55:11,760 - DEBUG - Gradient Function: x.shape = (455, 30), y.shape = (455,)
2025-06-01 13:55:11,760 - DEBUG - Compute Cost Function: x.shape=(455, 30),y.shape=(455,)
2025-06-01 13:55:11,760 - DEBUG - Gradient Function: x.shape = (455, 30), y.shape = (455,)
2025-06-01 13:55:11,760 - DEBUG - Compute Cost Function: x.shape=(455, 30),y.shape=(455,)
2025-06-01 13:55:11,760 - DEBUG - Gradient Function: x.shape = (455, 30), y.shape = (455,)
2025-06-01 13:55:11,760 - DEBUG - Compute Cost Function: x.shape=(455, 30),y.shape=(455,)
2025-06-01 13:55:11,760 - DEBUG - Gradient Function: x.shape = (455, 30), y.shape = (455,)
2025-06-01 13:55:11,760 - DEBUG - Compute Cost Function: x.shape=(455, 30),y.shape=(455,)
2025-06-01 13:55:11,760 - DEBUG - Gradient Function: x.shape = (455, 30), y.shape = (455,)
2025-06-01 13:55:11,760 - DEBUG - Compute Cost Function: x.shape=(455, 30),y.shape=(455,)
2025-06-01 13:55:11,760 - DEBUG - Gradient Function: x.shape = (455, 30), y.shape = (455,)
2025-06-01 13:55:11,760 - DEBUG - Compute Cost Function: x.shape=(455, 30),y.shape=(455,)
2025-06-01 13:55:11,760 - DEBUG - Gradient Function: x.shape = (455, 30), y.shape = (455,)
2025-06-01 13:55:11,760 - DEBUG - Compute Cost Function: x.shape=(455, 30),y.shape=(455,)
2025-06-01 13:55:11,760 - DEBUG - Gradient Function: x.shape = (455, 30), y.shape = (455,)
2025-06-01 13:55:11,760 - DEBUG - Compute Cost Function: x.shape=(455, 30),y.shape=(455,)
2025-06-01 13:55:11,760 - DEBUG - Gradient Function: x.shape = (455, 30), y.shape = (455,)
2025-06-01 13:55:11,775 - DEBUG - Compute Cost Function: x.shape=(455, 30),y.shape=(455,)
2025-06-01 13:55:11,775 - DEBUG - Gradient Function: x.shape = (455, 30), y.shape = (455,)
2025-06-01 13:55:11,775 - DEBUG - Compute Cost Function: x.shape=(455, 30),y.shape=(455,)
2025-06-01 13:55:11,775 - DEBUG - Gradient Function: x.shape = (455, 30), y.shape = (455,)
2025-06-01 13:55:11,776 - DEBUG - Compute Cost Function: x.shape=(455, 30),y.shape=(455,)
2025-06-01 13:55:11,776 - DEBUG - Gradient Function: x.shape = (455, 30), y.shape = (455,)
2025-06-01 13:55:11,776 - DEBUG - Compute Cost Function: x.shape=(455, 30),y.shape=(455,)
2025-06-01 13:55:11,776 - DEBUG - Gradient Function: x.shape = (455, 30), y.shape = (455,)
2025-06-01 13:55:11,776 - DEBUG - Compute Cost Function: x.shape=(455, 30),y.shape=(455,)
2025-06-01 13:55:11,776 - DEBUG - Gradient Function: x.shape = (455, 30), y.shape = (455,)
2025-06-01 13:55:11,777 - DEBUG - Compute Cost Function: x.shape=(455, 30),y.shape=(455,)
2025-06-01 13:55:11,777 - DEBUG - Gradient Function: x.shape = (455, 30), y.shape = (455,)
2025-06-01 13:55:11,778 - DEBUG - Compute Cost Function: x.shape=(455, 30),y.shape=(455,)
2025-06-01 13:55:11,778 - DEBUG - Gradient Function: x.shape = (455, 30), y.shape = (455,)
2025-06-01 13:55:11,778 - DEBUG - Compute Cost Function: x.shape=(455, 30),y.shape=(455,)
2025-06-01 13:55:11,778 - DEBUG - Gradient Function: x.shape = (455, 30), y.shape = (455,)
2025-06-01 13:55:11,778 - DEBUG - Compute Cost Function: x.shape=(455, 30),y.shape=(455,)
2025-06-01 13:55:11,778 - DEBUG - Gradient Function: x.shape = (455, 30), y.shape = (455,)
2025-06-01 13:55:11,778 - DEBUG - Compute Cost Function: x.shape=(455, 30),y.shape=(455,)
2025-06-01 13:55:11,778 - DEBUG - Gradient Function: x.shape = (455, 30), y.shape = (455,)
2025-06-01 13:55:11,778 - DEBUG - Compute Cost Function: x.shape=(455, 30),y.shape=(455,)
2025-06-01 13:55:11,778 - DEBUG - Gradient Function: x.shape = (455, 30), y.shape = (455,)
2025-06-01 13:55:11,778 - DEBUG - Compute Cost Function: x.shape=(455, 30),y.shape=(455,)
2025-06-01 13:55:11,778 - DEBUG - Gradient Function: x.shape = (455, 30), y.shape = (455,)
2025-06-01 13:55:11,778 - DEBUG - Compute Cost Function: x.shape=(455, 30),y.shape=(455,)
2025-06-01 13:55:11,778 - DEBUG - Gradient Function: x.shape = (455, 30), y.shape = (455,)
2025-06-01 13:55:11,778 - DEBUG - Compute Cost Function: x.shape=(455, 30),y.shape=(455,)
2025-06-01 13:55:11,778 - DEBUG - Gradient Function: x.shape = (455, 30), y.shape = (455,)
2025-06-01 13:55:11,778 - DEBUG - Compute Cost Function: x.shape=(455, 30),y.shape=(455,)
2025-06-01 13:55:11,778 - DEBUG - Gradient Function: x.shape = (455, 30), y.shape = (455,)
2025-06-01 13:55:11,778 - DEBUG - Compute Cost Function: x.shape=(455, 30),y.shape=(455,)
2025-06-01 13:55:11,778 - DEBUG - Gradient Function: x.shape = (455, 30), y.shape = (455,)
2025-06-01 13:55:11,778 - DEBUG - Compute Cost Function: x.shape=(455, 30),y.shape=(455,)
2025-06-01 13:55:11,778 - DEBUG - Gradient Function: x.shape = (455, 30), y.shape = (455,)
2025-06-01 13:55:11,778 - DEBUG - Compute Cost Function: x.shape=(455, 30),y.shape=(455,)
2025-06-01 13:55:11,778 - DEBUG - Gradient Function: x.shape = (455, 30), y.shape = (455,)
2025-06-01 13:55:11,778 - DEBUG - Compute Cost Function: x.shape=(455, 30),y.shape=(455,)
2025-06-01 13:55:11,778 - DEBUG - Gradient Function: x.shape = (455, 30), y.shape = (455,)
2025-06-01 13:55:11,778 - DEBUG - Compute Cost Function: x.shape=(455, 30),y.shape=(455,)
2025-06-01 13:55:11,778 - DEBUG - Gradient Function: x.shape = (455, 30), y.shape = (455,)
2025-06-01 13:55:11,778 - DEBUG - Compute Cost Function: x.shape=(455, 30),y.shape=(455,)
2025-06-01 13:55:11,778 - DEBUG - Gradient Function: x.shape = (455, 30), y.shape = (455,)
2025-06-01 13:55:11,778 - DEBUG - Compute Cost Function: x.shape=(455, 30),y.shape=(455,)
2025-06-01 13:55:11,778 - DEBUG - Gradient Function: x.shape = (455, 30), y.shape = (455,)
2025-06-01 13:55:11,778 - DEBUG - Compute Cost Function: x.shape=(455, 30),y.shape=(455,)
2025-06-01 13:55:11,778 - DEBUG - Gradient Function: x.shape = (455, 30), y.shape = (455,)
2025-06-01 13:55:11,778 - DEBUG - Compute Cost Function: x.shape=(455, 30),y.shape=(455,)
2025-06-01 13:55:11,778 - DEBUG - Gradient Function: x.shape = (455, 30), y.shape = (455,)
2025-06-01 13:55:11,778 - DEBUG - Compute Cost Function: x.shape=(455, 30),y.shape=(455,)
2025-06-01 13:55:11,778 - DEBUG - Gradient Function: x.shape = (455, 30), y.shape = (455,)
2025-06-01 13:55:11,778 - DEBUG - Compute Cost Function: x.shape=(455, 30),y.shape=(455,)
2025-06-01 13:55:11,778 - DEBUG - Gradient Function: x.shape = (455, 30), y.shape = (455,)
2025-06-01 13:55:11,778 - DEBUG - Compute Cost Function: x.shape=(455, 30),y.shape=(455,)
2025-06-01 13:55:11,778 - DEBUG - Gradient Function: x.shape = (455, 30), y.shape = (455,)
2025-06-01 13:55:11,778 - DEBUG - Compute Cost Function: x.shape=(455, 30),y.shape=(455,)
2025-06-01 13:55:11,778 - DEBUG - Gradient Function: x.shape = (455, 30), y.shape = (455,)
2025-06-01 13:55:11,778 - DEBUG - Compute Cost Function: x.shape=(455, 30),y.shape=(455,)
2025-06-01 13:55:11,778 - DEBUG - Gradient Function: x.shape = (455, 30), y.shape = (455,)
2025-06-01 13:55:11,778 - DEBUG - Compute Cost Function: x.shape=(455, 30),y.shape=(455,)
2025-06-01 13:55:11,778 - DEBUG - Gradient Function: x.shape = (455, 30), y.shape = (455,)
2025-06-01 13:55:11,778 - DEBUG - Compute Cost Function: x.shape=(455, 30),y.shape=(455,)
2025-06-01 13:55:11,778 - DEBUG - Gradient Function: x.shape = (455, 30), y.shape = (455,)
2025-06-01 13:55:11,778 - DEBUG - Compute Cost Function: x.shape=(455, 30),y.shape=(455,)
2025-06-01 13:55:11,778 - DEBUG - Gradient Function: x.shape = (455, 30), y.shape = (455,)
2025-06-01 13:55:11,778 - DEBUG - Compute Cost Function: x.shape=(455, 30),y.shape=(455,)
2025-06-01 13:55:11,778 - DEBUG - Gradient Function: x.shape = (455, 30), y.shape = (455,)
2025-06-01 13:55:11,778 - DEBUG - Compute Cost Function: x.shape=(455, 30),y.shape=(455,)
2025-06-01 13:55:11,778 - DEBUG - Gradient Function: x.shape = (455, 30), y.shape = (455,)
2025-06-01 13:55:11,778 - DEBUG - Compute Cost Function: x.shape=(455, 30),y.shape=(455,)
2025-06-01 13:55:11,778 - DEBUG - Gradient Function: x.shape = (455, 30), y.shape = (455,)
2025-06-01 13:55:11,778 - DEBUG - Compute Cost Function: x.shape=(455, 30),y.shape=(455,)
2025-06-01 13:55:11,778 - DEBUG - Gradient Function: x.shape = (455, 30), y.shape = (455,)
2025-06-01 13:55:11,778 - DEBUG - Compute Cost Function: x.shape=(455, 30),y.shape=(455,)
2025-06-01 13:55:11,778 - DEBUG - Gradient Function: x.shape = (455, 30), y.shape = (455,)
2025-06-01 13:55:11,778 - DEBUG - Compute Cost Function: x.shape=(455, 30),y.shape=(455,)
2025-06-01 13:55:11,778 - DEBUG - Gradient Function: x.shape = (455, 30), y.shape = (455,)
2025-06-01 13:55:11,778 - DEBUG - Compute Cost Function: x.shape=(455, 30),y.shape=(455,)
2025-06-01 13:55:11,778 - DEBUG - Gradient Function: x.shape = (455, 30), y.shape = (455,)
2025-06-01 13:55:11,778 - DEBUG - Compute Cost Function: x.shape=(455, 30),y.shape=(455,)
2025-06-01 13:55:11,778 - DEBUG - Gradient Function: x.shape = (455, 30), y.shape = (455,)
2025-06-01 13:55:11,778 - DEBUG - Compute Cost Function: x.shape=(455, 30),y.shape=(455,)
2025-06-01 13:55:11,778 - DEBUG - Gradient Function: x.shape = (455, 30), y.shape = (455,)
2025-06-01 13:55:11,778 - INFO - Cost after iteration 200: 0.19172870862802444
2025-06-01 13:55:11,778 - DEBUG - Compute Cost Function: x.shape=(455, 30),y.shape=(455,)
2025-06-01 13:55:11,778 - DEBUG - Gradient Function: x.shape = (455, 30), y.shape = (455,)
2025-06-01 13:55:11,778 - DEBUG - Compute Cost Function: x.shape=(455, 30),y.shape=(455,)
2025-06-01 13:55:11,778 - DEBUG - Gradient Function: x.shape = (455, 30), y.shape = (455,)
2025-06-01 13:55:11,778 - DEBUG - Compute Cost Function: x.shape=(455, 30),y.shape=(455,)
2025-06-01 13:55:11,778 - DEBUG - Gradient Function: x.shape = (455, 30), y.shape = (455,)
2025-06-01 13:55:11,793 - DEBUG - Compute Cost Function: x.shape=(455, 30),y.shape=(455,)
2025-06-01 13:55:11,793 - DEBUG - Gradient Function: x.shape = (455, 30), y.shape = (455,)
2025-06-01 13:55:11,793 - DEBUG - Compute Cost Function: x.shape=(455, 30),y.shape=(455,)
2025-06-01 13:55:11,793 - DEBUG - Gradient Function: x.shape = (455, 30), y.shape = (455,)
2025-06-01 13:55:11,794 - DEBUG - Compute Cost Function: x.shape=(455, 30),y.shape=(455,)
2025-06-01 13:55:11,794 - DEBUG - Gradient Function: x.shape = (455, 30), y.shape = (455,)
2025-06-01 13:55:11,794 - DEBUG - Compute Cost Function: x.shape=(455, 30),y.shape=(455,)
2025-06-01 13:55:11,794 - DEBUG - Gradient Function: x.shape = (455, 30), y.shape = (455,)
2025-06-01 13:55:11,795 - DEBUG - Compute Cost Function: x.shape=(455, 30),y.shape=(455,)
2025-06-01 13:55:11,795 - DEBUG - Gradient Function: x.shape = (455, 30), y.shape = (455,)
2025-06-01 13:55:11,795 - DEBUG - Compute Cost Function: x.shape=(455, 30),y.shape=(455,)
2025-06-01 13:55:11,795 - DEBUG - Gradient Function: x.shape = (455, 30), y.shape = (455,)
2025-06-01 13:55:11,796 - DEBUG - Compute Cost Function: x.shape=(455, 30),y.shape=(455,)
2025-06-01 13:55:11,796 - DEBUG - Gradient Function: x.shape = (455, 30), y.shape = (455,)
2025-06-01 13:55:11,796 - DEBUG - Compute Cost Function: x.shape=(455, 30),y.shape=(455,)
2025-06-01 13:55:11,796 - DEBUG - Gradient Function: x.shape = (455, 30), y.shape = (455,)
2025-06-01 13:55:11,796 - DEBUG - Compute Cost Function: x.shape=(455, 30),y.shape=(455,)
2025-06-01 13:55:11,798 - DEBUG - Gradient Function: x.shape = (455, 30), y.shape = (455,)
2025-06-01 13:55:11,798 - DEBUG - Compute Cost Function: x.shape=(455, 30),y.shape=(455,)
2025-06-01 13:55:11,798 - DEBUG - Gradient Function: x.shape = (455, 30), y.shape = (455,)
2025-06-01 13:55:11,798 - DEBUG - Compute Cost Function: x.shape=(455, 30),y.shape=(455,)
2025-06-01 13:55:11,798 - DEBUG - Gradient Function: x.shape = (455, 30), y.shape = (455,)
2025-06-01 13:55:11,798 - DEBUG - Compute Cost Function: x.shape=(455, 30),y.shape=(455,)
2025-06-01 13:55:11,798 - DEBUG - Gradient Function: x.shape = (455, 30), y.shape = (455,)
2025-06-01 13:55:11,798 - DEBUG - Compute Cost Function: x.shape=(455, 30),y.shape=(455,)
2025-06-01 13:55:11,798 - DEBUG - Gradient Function: x.shape = (455, 30), y.shape = (455,)
2025-06-01 13:55:11,798 - DEBUG - Compute Cost Function: x.shape=(455, 30),y.shape=(455,)
2025-06-01 13:55:11,798 - DEBUG - Gradient Function: x.shape = (455, 30), y.shape = (455,)
2025-06-01 13:55:11,798 - DEBUG - Compute Cost Function: x.shape=(455, 30),y.shape=(455,)
2025-06-01 13:55:11,798 - DEBUG - Gradient Function: x.shape = (455, 30), y.shape = (455,)
2025-06-01 13:55:11,798 - DEBUG - Compute Cost Function: x.shape=(455, 30),y.shape=(455,)
2025-06-01 13:55:11,798 - DEBUG - Gradient Function: x.shape = (455, 30), y.shape = (455,)
2025-06-01 13:55:11,798 - DEBUG - Compute Cost Function: x.shape=(455, 30),y.shape=(455,)
2025-06-01 13:55:11,798 - DEBUG - Gradient Function: x.shape = (455, 30), y.shape = (455,)
2025-06-01 13:55:11,798 - DEBUG - Compute Cost Function: x.shape=(455, 30),y.shape=(455,)
2025-06-01 13:55:11,798 - DEBUG - Gradient Function: x.shape = (455, 30), y.shape = (455,)
2025-06-01 13:55:11,798 - DEBUG - Compute Cost Function: x.shape=(455, 30),y.shape=(455,)
2025-06-01 13:55:11,798 - DEBUG - Gradient Function: x.shape = (455, 30), y.shape = (455,)
2025-06-01 13:55:11,798 - DEBUG - Compute Cost Function: x.shape=(455, 30),y.shape=(455,)
2025-06-01 13:55:11,798 - DEBUG - Gradient Function: x.shape = (455, 30), y.shape = (455,)
2025-06-01 13:55:11,798 - DEBUG - Compute Cost Function: x.shape=(455, 30),y.shape=(455,)
2025-06-01 13:55:11,798 - DEBUG - Gradient Function: x.shape = (455, 30), y.shape = (455,)
2025-06-01 13:55:11,798 - DEBUG - Compute Cost Function: x.shape=(455, 30),y.shape=(455,)
2025-06-01 13:55:11,798 - DEBUG - Gradient Function: x.shape = (455, 30), y.shape = (455,)
2025-06-01 13:55:11,798 - DEBUG - Compute Cost Function: x.shape=(455, 30),y.shape=(455,)
2025-06-01 13:55:11,798 - DEBUG - Gradient Function: x.shape = (455, 30), y.shape = (455,)
2025-06-01 13:55:11,798 - DEBUG - Compute Cost Function: x.shape=(455, 30),y.shape=(455,)
2025-06-01 13:55:11,798 - DEBUG - Gradient Function: x.shape = (455, 30), y.shape = (455,)
2025-06-01 13:55:11,798 - DEBUG - Compute Cost Function: x.shape=(455, 30),y.shape=(455,)
2025-06-01 13:55:11,798 - DEBUG - Gradient Function: x.shape = (455, 30), y.shape = (455,)
2025-06-01 13:55:11,798 - DEBUG - Compute Cost Function: x.shape=(455, 30),y.shape=(455,)
2025-06-01 13:55:11,798 - DEBUG - Gradient Function: x.shape = (455, 30), y.shape = (455,)
2025-06-01 13:55:11,798 - DEBUG - Compute Cost Function: x.shape=(455, 30),y.shape=(455,)
2025-06-01 13:55:11,798 - DEBUG - Gradient Function: x.shape = (455, 30), y.shape = (455,)
2025-06-01 13:55:11,798 - DEBUG - Compute Cost Function: x.shape=(455, 30),y.shape=(455,)
2025-06-01 13:55:11,798 - DEBUG - Gradient Function: x.shape = (455, 30), y.shape = (455,)
2025-06-01 13:55:11,798 - DEBUG - Compute Cost Function: x.shape=(455, 30),y.shape=(455,)
2025-06-01 13:55:11,798 - DEBUG - Gradient Function: x.shape = (455, 30), y.shape = (455,)
2025-06-01 13:55:11,798 - DEBUG - Compute Cost Function: x.shape=(455, 30),y.shape=(455,)
2025-06-01 13:55:11,798 - DEBUG - Gradient Function: x.shape = (455, 30), y.shape = (455,)
2025-06-01 13:55:11,798 - DEBUG - Compute Cost Function: x.shape=(455, 30),y.shape=(455,)
2025-06-01 13:55:11,798 - DEBUG - Gradient Function: x.shape = (455, 30), y.shape = (455,)
2025-06-01 13:55:11,798 - DEBUG - Compute Cost Function: x.shape=(455, 30),y.shape=(455,)
2025-06-01 13:55:11,798 - DEBUG - Gradient Function: x.shape = (455, 30), y.shape = (455,)
2025-06-01 13:55:11,798 - DEBUG - Compute Cost Function: x.shape=(455, 30),y.shape=(455,)
2025-06-01 13:55:11,798 - DEBUG - Gradient Function: x.shape = (455, 30), y.shape = (455,)
2025-06-01 13:55:11,798 - DEBUG - Compute Cost Function: x.shape=(455, 30),y.shape=(455,)
2025-06-01 13:55:11,798 - DEBUG - Gradient Function: x.shape = (455, 30), y.shape = (455,)
2025-06-01 13:55:11,798 - DEBUG - Compute Cost Function: x.shape=(455, 30),y.shape=(455,)
2025-06-01 13:55:11,798 - DEBUG - Gradient Function: x.shape = (455, 30), y.shape = (455,)
2025-06-01 13:55:11,798 - DEBUG - Compute Cost Function: x.shape=(455, 30),y.shape=(455,)
2025-06-01 13:55:11,798 - DEBUG - Gradient Function: x.shape = (455, 30), y.shape = (455,)
2025-06-01 13:55:11,798 - DEBUG - Compute Cost Function: x.shape=(455, 30),y.shape=(455,)
2025-06-01 13:55:11,798 - DEBUG - Gradient Function: x.shape = (455, 30), y.shape = (455,)
2025-06-01 13:55:11,798 - DEBUG - Compute Cost Function: x.shape=(455, 30),y.shape=(455,)
2025-06-01 13:55:11,798 - DEBUG - Gradient Function: x.shape = (455, 30), y.shape = (455,)
2025-06-01 13:55:11,798 - DEBUG - Compute Cost Function: x.shape=(455, 30),y.shape=(455,)
2025-06-01 13:55:11,810 - DEBUG - Gradient Function: x.shape = (455, 30), y.shape = (455,)
2025-06-01 13:55:11,810 - DEBUG - Compute Cost Function: x.shape=(455, 30),y.shape=(455,)
2025-06-01 13:55:11,810 - DEBUG - Gradient Function: x.shape = (455, 30), y.shape = (455,)
2025-06-01 13:55:11,810 - DEBUG - Compute Cost Function: x.shape=(455, 30),y.shape=(455,)
2025-06-01 13:55:11,811 - DEBUG - Gradient Function: x.shape = (455, 30), y.shape = (455,)
2025-06-01 13:55:11,811 - DEBUG - Compute Cost Function: x.shape=(455, 30),y.shape=(455,)
2025-06-01 13:55:11,811 - DEBUG - Gradient Function: x.shape = (455, 30), y.shape = (455,)
2025-06-01 13:55:11,811 - DEBUG - Compute Cost Function: x.shape=(455, 30),y.shape=(455,)
2025-06-01 13:55:11,811 - DEBUG - Gradient Function: x.shape = (455, 30), y.shape = (455,)
2025-06-01 13:55:11,811 - DEBUG - Compute Cost Function: x.shape=(455, 30),y.shape=(455,)
2025-06-01 13:55:11,811 - DEBUG - Gradient Function: x.shape = (455, 30), y.shape = (455,)
2025-06-01 13:55:11,811 - DEBUG - Compute Cost Function: x.shape=(455, 30),y.shape=(455,)
2025-06-01 13:55:11,811 - DEBUG - Gradient Function: x.shape = (455, 30), y.shape = (455,)
2025-06-01 13:55:11,814 - DEBUG - Compute Cost Function: x.shape=(455, 30),y.shape=(455,)
2025-06-01 13:55:11,814 - DEBUG - Gradient Function: x.shape = (455, 30), y.shape = (455,)
2025-06-01 13:55:11,816 - DEBUG - Compute Cost Function: x.shape=(455, 30),y.shape=(455,)
2025-06-01 13:55:11,816 - DEBUG - Gradient Function: x.shape = (455, 30), y.shape = (455,)
2025-06-01 13:55:11,818 - DEBUG - Compute Cost Function: x.shape=(455, 30),y.shape=(455,)
2025-06-01 13:55:11,818 - DEBUG - Gradient Function: x.shape = (455, 30), y.shape = (455,)
2025-06-01 13:55:11,819 - DEBUG - Compute Cost Function: x.shape=(455, 30),y.shape=(455,)
2025-06-01 13:55:11,819 - DEBUG - Gradient Function: x.shape = (455, 30), y.shape = (455,)
2025-06-01 13:55:11,819 - DEBUG - Compute Cost Function: x.shape=(455, 30),y.shape=(455,)
2025-06-01 13:55:11,819 - DEBUG - Gradient Function: x.shape = (455, 30), y.shape = (455,)
2025-06-01 13:55:11,820 - DEBUG - Compute Cost Function: x.shape=(455, 30),y.shape=(455,)
2025-06-01 13:55:11,820 - DEBUG - Gradient Function: x.shape = (455, 30), y.shape = (455,)
2025-06-01 13:55:11,820 - DEBUG - Compute Cost Function: x.shape=(455, 30),y.shape=(455,)
2025-06-01 13:55:11,820 - DEBUG - Gradient Function: x.shape = (455, 30), y.shape = (455,)
2025-06-01 13:55:11,821 - DEBUG - Compute Cost Function: x.shape=(455, 30),y.shape=(455,)
2025-06-01 13:55:11,821 - DEBUG - Gradient Function: x.shape = (455, 30), y.shape = (455,)
2025-06-01 13:55:11,821 - DEBUG - Compute Cost Function: x.shape=(455, 30),y.shape=(455,)
2025-06-01 13:55:11,821 - DEBUG - Gradient Function: x.shape = (455, 30), y.shape = (455,)
2025-06-01 13:55:11,822 - DEBUG - Compute Cost Function: x.shape=(455, 30),y.shape=(455,)
2025-06-01 13:55:11,822 - DEBUG - Gradient Function: x.shape = (455, 30), y.shape = (455,)
2025-06-01 13:55:11,822 - DEBUG - Compute Cost Function: x.shape=(455, 30),y.shape=(455,)
2025-06-01 13:55:11,822 - DEBUG - Gradient Function: x.shape = (455, 30), y.shape = (455,)
2025-06-01 13:55:11,823 - DEBUG - Compute Cost Function: x.shape=(455, 30),y.shape=(455,)
2025-06-01 13:55:11,823 - DEBUG - Gradient Function: x.shape = (455, 30), y.shape = (455,)
2025-06-01 13:55:11,823 - DEBUG - Compute Cost Function: x.shape=(455, 30),y.shape=(455,)
2025-06-01 13:55:11,823 - DEBUG - Gradient Function: x.shape = (455, 30), y.shape = (455,)
2025-06-01 13:55:11,824 - DEBUG - Compute Cost Function: x.shape=(455, 30),y.shape=(455,)
2025-06-01 13:55:11,824 - DEBUG - Gradient Function: x.shape = (455, 30), y.shape = (455,)
2025-06-01 13:55:11,824 - DEBUG - Compute Cost Function: x.shape=(455, 30),y.shape=(455,)
2025-06-01 13:55:11,824 - DEBUG - Gradient Function: x.shape = (455, 30), y.shape = (455,)
2025-06-01 13:55:11,824 - DEBUG - Compute Cost Function: x.shape=(455, 30),y.shape=(455,)
2025-06-01 13:55:11,825 - DEBUG - Gradient Function: x.shape = (455, 30), y.shape = (455,)
2025-06-01 13:55:11,825 - DEBUG - Compute Cost Function: x.shape=(455, 30),y.shape=(455,)
2025-06-01 13:55:11,825 - DEBUG - Gradient Function: x.shape = (455, 30), y.shape = (455,)
2025-06-01 13:55:11,825 - DEBUG - Compute Cost Function: x.shape=(455, 30),y.shape=(455,)
2025-06-01 13:55:11,825 - DEBUG - Gradient Function: x.shape = (455, 30), y.shape = (455,)
2025-06-01 13:55:11,825 - DEBUG - Compute Cost Function: x.shape=(455, 30),y.shape=(455,)
2025-06-01 13:55:11,826 - DEBUG - Gradient Function: x.shape = (455, 30), y.shape = (455,)
2025-06-01 13:55:11,826 - DEBUG - Compute Cost Function: x.shape=(455, 30),y.shape=(455,)
2025-06-01 13:55:11,826 - DEBUG - Gradient Function: x.shape = (455, 30), y.shape = (455,)
2025-06-01 13:55:11,827 - DEBUG - Compute Cost Function: x.shape=(455, 30),y.shape=(455,)
2025-06-01 13:55:11,827 - DEBUG - Gradient Function: x.shape = (455, 30), y.shape = (455,)
2025-06-01 13:55:11,827 - DEBUG - Compute Cost Function: x.shape=(455, 30),y.shape=(455,)
2025-06-01 13:55:11,827 - DEBUG - Gradient Function: x.shape = (455, 30), y.shape = (455,)
2025-06-01 13:55:11,828 - DEBUG - Compute Cost Function: x.shape=(455, 30),y.shape=(455,)
2025-06-01 13:55:11,828 - DEBUG - Gradient Function: x.shape = (455, 30), y.shape = (455,)
2025-06-01 13:55:11,828 - DEBUG - Compute Cost Function: x.shape=(455, 30),y.shape=(455,)
2025-06-01 13:55:11,828 - DEBUG - Gradient Function: x.shape = (455, 30), y.shape = (455,)
2025-06-01 13:55:11,828 - DEBUG - Compute Cost Function: x.shape=(455, 30),y.shape=(455,)
2025-06-01 13:55:11,829 - DEBUG - Gradient Function: x.shape = (455, 30), y.shape = (455,)
2025-06-01 13:55:11,829 - DEBUG - Compute Cost Function: x.shape=(455, 30),y.shape=(455,)
2025-06-01 13:55:11,829 - DEBUG - Gradient Function: x.shape = (455, 30), y.shape = (455,)
2025-06-01 13:55:11,829 - DEBUG - Compute Cost Function: x.shape=(455, 30),y.shape=(455,)
2025-06-01 13:55:11,829 - DEBUG - Gradient Function: x.shape = (455, 30), y.shape = (455,)
2025-06-01 13:55:11,829 - DEBUG - Compute Cost Function: x.shape=(455, 30),y.shape=(455,)
2025-06-01 13:55:11,829 - DEBUG - Gradient Function: x.shape = (455, 30), y.shape = (455,)
2025-06-01 13:55:11,829 - DEBUG - Compute Cost Function: x.shape=(455, 30),y.shape=(455,)
2025-06-01 13:55:11,829 - DEBUG - Gradient Function: x.shape = (455, 30), y.shape = (455,)
2025-06-01 13:55:11,829 - DEBUG - Compute Cost Function: x.shape=(455, 30),y.shape=(455,)
2025-06-01 13:55:11,829 - DEBUG - Gradient Function: x.shape = (455, 30), y.shape = (455,)
2025-06-01 13:55:11,829 - DEBUG - Compute Cost Function: x.shape=(455, 30),y.shape=(455,)
2025-06-01 13:55:11,829 - DEBUG - Gradient Function: x.shape = (455, 30), y.shape = (455,)
2025-06-01 13:55:11,829 - DEBUG - Compute Cost Function: x.shape=(455, 30),y.shape=(455,)
2025-06-01 13:55:11,829 - DEBUG - Gradient Function: x.shape = (455, 30), y.shape = (455,)
2025-06-01 13:55:11,829 - DEBUG - Compute Cost Function: x.shape=(455, 30),y.shape=(455,)
2025-06-01 13:55:11,829 - DEBUG - Gradient Function: x.shape = (455, 30), y.shape = (455,)
2025-06-01 13:55:11,829 - DEBUG - Compute Cost Function: x.shape=(455, 30),y.shape=(455,)
2025-06-01 13:55:11,829 - DEBUG - Gradient Function: x.shape = (455, 30), y.shape = (455,)
2025-06-01 13:55:11,829 - DEBUG - Compute Cost Function: x.shape=(455, 30),y.shape=(455,)
2025-06-01 13:55:11,829 - DEBUG - Gradient Function: x.shape = (455, 30), y.shape = (455,)
2025-06-01 13:55:11,829 - DEBUG - Compute Cost Function: x.shape=(455, 30),y.shape=(455,)
2025-06-01 13:55:11,829 - DEBUG - Gradient Function: x.shape = (455, 30), y.shape = (455,)
2025-06-01 13:55:11,829 - DEBUG - Compute Cost Function: x.shape=(455, 30),y.shape=(455,)
2025-06-01 13:55:11,829 - DEBUG - Gradient Function: x.shape = (455, 30), y.shape = (455,)
2025-06-01 13:55:11,829 - DEBUG - Compute Cost Function: x.shape=(455, 30),y.shape=(455,)
2025-06-01 13:55:11,829 - DEBUG - Gradient Function: x.shape = (455, 30), y.shape = (455,)
2025-06-01 13:55:11,829 - DEBUG - Compute Cost Function: x.shape=(455, 30),y.shape=(455,)
2025-06-01 13:55:11,829 - DEBUG - Gradient Function: x.shape = (455, 30), y.shape = (455,)
2025-06-01 13:55:11,829 - DEBUG - Compute Cost Function: x.shape=(455, 30),y.shape=(455,)
2025-06-01 13:55:11,829 - DEBUG - Gradient Function: x.shape = (455, 30), y.shape = (455,)
2025-06-01 13:55:11,829 - DEBUG - Compute Cost Function: x.shape=(455, 30),y.shape=(455,)
2025-06-01 13:55:11,829 - DEBUG - Gradient Function: x.shape = (455, 30), y.shape = (455,)
2025-06-01 13:55:11,829 - DEBUG - Compute Cost Function: x.shape=(455, 30),y.shape=(455,)
2025-06-01 13:55:11,829 - DEBUG - Gradient Function: x.shape = (455, 30), y.shape = (455,)
2025-06-01 13:55:11,829 - DEBUG - Compute Cost Function: x.shape=(455, 30),y.shape=(455,)
2025-06-01 13:55:11,829 - DEBUG - Gradient Function: x.shape = (455, 30), y.shape = (455,)
2025-06-01 13:55:11,829 - DEBUG - Compute Cost Function: x.shape=(455, 30),y.shape=(455,)
2025-06-01 13:55:11,829 - DEBUG - Gradient Function: x.shape = (455, 30), y.shape = (455,)
2025-06-01 13:55:11,829 - DEBUG - Compute Cost Function: x.shape=(455, 30),y.shape=(455,)
2025-06-01 13:55:11,829 - DEBUG - Gradient Function: x.shape = (455, 30), y.shape = (455,)
2025-06-01 13:55:11,829 - DEBUG - Compute Cost Function: x.shape=(455, 30),y.shape=(455,)
2025-06-01 13:55:11,829 - DEBUG - Gradient Function: x.shape = (455, 30), y.shape = (455,)
2025-06-01 13:55:11,829 - DEBUG - Compute Cost Function: x.shape=(455, 30),y.shape=(455,)
2025-06-01 13:55:11,829 - DEBUG - Gradient Function: x.shape = (455, 30), y.shape = (455,)
2025-06-01 13:55:11,829 - DEBUG - Compute Cost Function: x.shape=(455, 30),y.shape=(455,)
2025-06-01 13:55:11,829 - DEBUG - Gradient Function: x.shape = (455, 30), y.shape = (455,)
2025-06-01 13:55:11,829 - DEBUG - Compute Cost Function: x.shape=(455, 30),y.shape=(455,)
2025-06-01 13:55:11,829 - DEBUG - Gradient Function: x.shape = (455, 30), y.shape = (455,)
2025-06-01 13:55:11,829 - DEBUG - Compute Cost Function: x.shape=(455, 30),y.shape=(455,)
2025-06-01 13:55:11,829 - DEBUG - Gradient Function: x.shape = (455, 30), y.shape = (455,)
2025-06-01 13:55:11,841 - DEBUG - Compute Cost Function: x.shape=(455, 30),y.shape=(455,)
2025-06-01 13:55:11,841 - DEBUG - Gradient Function: x.shape = (455, 30), y.shape = (455,)
2025-06-01 13:55:11,841 - DEBUG - Compute Cost Function: x.shape=(455, 30),y.shape=(455,)
2025-06-01 13:55:11,841 - DEBUG - Gradient Function: x.shape = (455, 30), y.shape = (455,)
2025-06-01 13:55:11,841 - INFO - Cost after iteration 300: 0.16334049004140977
2025-06-01 13:55:11,843 - DEBUG - Compute Cost Function: x.shape=(455, 30),y.shape=(455,)
2025-06-01 13:55:11,843 - DEBUG - Gradient Function: x.shape = (455, 30), y.shape = (455,)
2025-06-01 13:55:11,844 - DEBUG - Compute Cost Function: x.shape=(455, 30),y.shape=(455,)
2025-06-01 13:55:11,844 - DEBUG - Gradient Function: x.shape = (455, 30), y.shape = (455,)
2025-06-01 13:55:11,844 - DEBUG - Compute Cost Function: x.shape=(455, 30),y.shape=(455,)
2025-06-01 13:55:11,844 - DEBUG - Gradient Function: x.shape = (455, 30), y.shape = (455,)
2025-06-01 13:55:11,845 - DEBUG - Compute Cost Function: x.shape=(455, 30),y.shape=(455,)
2025-06-01 13:55:11,845 - DEBUG - Gradient Function: x.shape = (455, 30), y.shape = (455,)
2025-06-01 13:55:11,845 - DEBUG - Compute Cost Function: x.shape=(455, 30),y.shape=(455,)
2025-06-01 13:55:11,845 - DEBUG - Gradient Function: x.shape = (455, 30), y.shape = (455,)
2025-06-01 13:55:11,846 - DEBUG - Compute Cost Function: x.shape=(455, 30),y.shape=(455,)
2025-06-01 13:55:11,846 - DEBUG - Gradient Function: x.shape = (455, 30), y.shape = (455,)
2025-06-01 13:55:11,846 - DEBUG - Compute Cost Function: x.shape=(455, 30),y.shape=(455,)
2025-06-01 13:55:11,846 - DEBUG - Gradient Function: x.shape = (455, 30), y.shape = (455,)
2025-06-01 13:55:11,846 - DEBUG - Compute Cost Function: x.shape=(455, 30),y.shape=(455,)
2025-06-01 13:55:11,846 - DEBUG - Gradient Function: x.shape = (455, 30), y.shape = (455,)
2025-06-01 13:55:11,847 - DEBUG - Compute Cost Function: x.shape=(455, 30),y.shape=(455,)
2025-06-01 13:55:11,847 - DEBUG - Gradient Function: x.shape = (455, 30), y.shape = (455,)
2025-06-01 13:55:11,847 - DEBUG - Compute Cost Function: x.shape=(455, 30),y.shape=(455,)
2025-06-01 13:55:11,848 - DEBUG - Gradient Function: x.shape = (455, 30), y.shape = (455,)
2025-06-01 13:55:11,848 - DEBUG - Compute Cost Function: x.shape=(455, 30),y.shape=(455,)
2025-06-01 13:55:11,848 - DEBUG - Gradient Function: x.shape = (455, 30), y.shape = (455,)
2025-06-01 13:55:11,848 - DEBUG - Compute Cost Function: x.shape=(455, 30),y.shape=(455,)
2025-06-01 13:55:11,849 - DEBUG - Gradient Function: x.shape = (455, 30), y.shape = (455,)
2025-06-01 13:55:11,849 - DEBUG - Compute Cost Function: x.shape=(455, 30),y.shape=(455,)
2025-06-01 13:55:11,849 - DEBUG - Gradient Function: x.shape = (455, 30), y.shape = (455,)
2025-06-01 13:55:11,849 - DEBUG - Compute Cost Function: x.shape=(455, 30),y.shape=(455,)
2025-06-01 13:55:11,849 - DEBUG - Gradient Function: x.shape = (455, 30), y.shape = (455,)
2025-06-01 13:55:11,850 - DEBUG - Compute Cost Function: x.shape=(455, 30),y.shape=(455,)
2025-06-01 13:55:11,850 - DEBUG - Gradient Function: x.shape = (455, 30), y.shape = (455,)
2025-06-01 13:55:11,850 - DEBUG - Compute Cost Function: x.shape=(455, 30),y.shape=(455,)
2025-06-01 13:55:11,851 - DEBUG - Gradient Function: x.shape = (455, 30), y.shape = (455,)
2025-06-01 13:55:11,851 - DEBUG - Compute Cost Function: x.shape=(455, 30),y.shape=(455,)
2025-06-01 13:55:11,851 - DEBUG - Gradient Function: x.shape = (455, 30), y.shape = (455,)
2025-06-01 13:55:11,851 - DEBUG - Compute Cost Function: x.shape=(455, 30),y.shape=(455,)
2025-06-01 13:55:11,851 - DEBUG - Gradient Function: x.shape = (455, 30), y.shape = (455,)
2025-06-01 13:55:11,851 - DEBUG - Compute Cost Function: x.shape=(455, 30),y.shape=(455,)
2025-06-01 13:55:11,851 - DEBUG - Gradient Function: x.shape = (455, 30), y.shape = (455,)
2025-06-01 13:55:11,852 - DEBUG - Compute Cost Function: x.shape=(455, 30),y.shape=(455,)
2025-06-01 13:55:11,852 - DEBUG - Gradient Function: x.shape = (455, 30), y.shape = (455,)
2025-06-01 13:55:11,852 - DEBUG - Compute Cost Function: x.shape=(455, 30),y.shape=(455,)
2025-06-01 13:55:11,852 - DEBUG - Gradient Function: x.shape = (455, 30), y.shape = (455,)
2025-06-01 13:55:11,853 - DEBUG - Compute Cost Function: x.shape=(455, 30),y.shape=(455,)
2025-06-01 13:55:11,853 - DEBUG - Gradient Function: x.shape = (455, 30), y.shape = (455,)
2025-06-01 13:55:11,853 - DEBUG - Compute Cost Function: x.shape=(455, 30),y.shape=(455,)
2025-06-01 13:55:11,853 - DEBUG - Gradient Function: x.shape = (455, 30), y.shape = (455,)
2025-06-01 13:55:11,853 - DEBUG - Compute Cost Function: x.shape=(455, 30),y.shape=(455,)
2025-06-01 13:55:11,853 - DEBUG - Gradient Function: x.shape = (455, 30), y.shape = (455,)
2025-06-01 13:55:11,854 - DEBUG - Compute Cost Function: x.shape=(455, 30),y.shape=(455,)
2025-06-01 13:55:11,854 - DEBUG - Gradient Function: x.shape = (455, 30), y.shape = (455,)
2025-06-01 13:55:11,854 - DEBUG - Compute Cost Function: x.shape=(455, 30),y.shape=(455,)
2025-06-01 13:55:11,854 - DEBUG - Gradient Function: x.shape = (455, 30), y.shape = (455,)
2025-06-01 13:55:11,854 - DEBUG - Compute Cost Function: x.shape=(455, 30),y.shape=(455,)
2025-06-01 13:55:11,854 - DEBUG - Gradient Function: x.shape = (455, 30), y.shape = (455,)
2025-06-01 13:55:11,855 - DEBUG - Compute Cost Function: x.shape=(455, 30),y.shape=(455,)
2025-06-01 13:55:11,855 - DEBUG - Gradient Function: x.shape = (455, 30), y.shape = (455,)
2025-06-01 13:55:11,855 - DEBUG - Compute Cost Function: x.shape=(455, 30),y.shape=(455,)
2025-06-01 13:55:11,855 - DEBUG - Gradient Function: x.shape = (455, 30), y.shape = (455,)
2025-06-01 13:55:11,856 - DEBUG - Compute Cost Function: x.shape=(455, 30),y.shape=(455,)
2025-06-01 13:55:11,856 - DEBUG - Gradient Function: x.shape = (455, 30), y.shape = (455,)
2025-06-01 13:55:11,856 - DEBUG - Compute Cost Function: x.shape=(455, 30),y.shape=(455,)
2025-06-01 13:55:11,856 - DEBUG - Gradient Function: x.shape = (455, 30), y.shape = (455,)
2025-06-01 13:55:11,856 - DEBUG - Compute Cost Function: x.shape=(455, 30),y.shape=(455,)
2025-06-01 13:55:11,856 - DEBUG - Gradient Function: x.shape = (455, 30), y.shape = (455,)
2025-06-01 13:55:11,857 - DEBUG - Compute Cost Function: x.shape=(455, 30),y.shape=(455,)
2025-06-01 13:55:11,857 - DEBUG - Gradient Function: x.shape = (455, 30), y.shape = (455,)
2025-06-01 13:55:11,857 - DEBUG - Compute Cost Function: x.shape=(455, 30),y.shape=(455,)
2025-06-01 13:55:11,857 - DEBUG - Gradient Function: x.shape = (455, 30), y.shape = (455,)
2025-06-01 13:55:11,858 - DEBUG - Compute Cost Function: x.shape=(455, 30),y.shape=(455,)
2025-06-01 13:55:11,858 - DEBUG - Gradient Function: x.shape = (455, 30), y.shape = (455,)
2025-06-01 13:55:11,858 - DEBUG - Compute Cost Function: x.shape=(455, 30),y.shape=(455,)
2025-06-01 13:55:11,858 - DEBUG - Gradient Function: x.shape = (455, 30), y.shape = (455,)
2025-06-01 13:55:11,858 - DEBUG - Compute Cost Function: x.shape=(455, 30),y.shape=(455,)
2025-06-01 13:55:11,859 - DEBUG - Gradient Function: x.shape = (455, 30), y.shape = (455,)
2025-06-01 13:55:11,859 - DEBUG - Compute Cost Function: x.shape=(455, 30),y.shape=(455,)
2025-06-01 13:55:11,859 - DEBUG - Gradient Function: x.shape = (455, 30), y.shape = (455,)
2025-06-01 13:55:11,860 - DEBUG - Compute Cost Function: x.shape=(455, 30),y.shape=(455,)
2025-06-01 13:55:11,860 - DEBUG - Gradient Function: x.shape = (455, 30), y.shape = (455,)
2025-06-01 13:55:11,860 - DEBUG - Compute Cost Function: x.shape=(455, 30),y.shape=(455,)
2025-06-01 13:55:11,860 - DEBUG - Gradient Function: x.shape = (455, 30), y.shape = (455,)
2025-06-01 13:55:11,860 - DEBUG - Compute Cost Function: x.shape=(455, 30),y.shape=(455,)
2025-06-01 13:55:11,861 - DEBUG - Gradient Function: x.shape = (455, 30), y.shape = (455,)
2025-06-01 13:55:11,861 - DEBUG - Compute Cost Function: x.shape=(455, 30),y.shape=(455,)
2025-06-01 13:55:11,861 - DEBUG - Gradient Function: x.shape = (455, 30), y.shape = (455,)
2025-06-01 13:55:11,861 - DEBUG - Compute Cost Function: x.shape=(455, 30),y.shape=(455,)
2025-06-01 13:55:11,862 - DEBUG - Gradient Function: x.shape = (455, 30), y.shape = (455,)
2025-06-01 13:55:11,863 - DEBUG - Compute Cost Function: x.shape=(455, 30),y.shape=(455,)
2025-06-01 13:55:11,863 - DEBUG - Gradient Function: x.shape = (455, 30), y.shape = (455,)
2025-06-01 13:55:11,863 - DEBUG - Compute Cost Function: x.shape=(455, 30),y.shape=(455,)
2025-06-01 13:55:11,863 - DEBUG - Gradient Function: x.shape = (455, 30), y.shape = (455,)
2025-06-01 13:55:11,863 - DEBUG - Compute Cost Function: x.shape=(455, 30),y.shape=(455,)
2025-06-01 13:55:11,863 - DEBUG - Gradient Function: x.shape = (455, 30), y.shape = (455,)
2025-06-01 13:55:11,863 - DEBUG - Compute Cost Function: x.shape=(455, 30),y.shape=(455,)
2025-06-01 13:55:11,863 - DEBUG - Gradient Function: x.shape = (455, 30), y.shape = (455,)
2025-06-01 13:55:11,863 - DEBUG - Compute Cost Function: x.shape=(455, 30),y.shape=(455,)
2025-06-01 13:55:11,863 - DEBUG - Gradient Function: x.shape = (455, 30), y.shape = (455,)
2025-06-01 13:55:11,863 - DEBUG - Compute Cost Function: x.shape=(455, 30),y.shape=(455,)
2025-06-01 13:55:11,863 - DEBUG - Gradient Function: x.shape = (455, 30), y.shape = (455,)
2025-06-01 13:55:11,863 - DEBUG - Compute Cost Function: x.shape=(455, 30),y.shape=(455,)
2025-06-01 13:55:11,863 - DEBUG - Gradient Function: x.shape = (455, 30), y.shape = (455,)
2025-06-01 13:55:11,863 - DEBUG - Compute Cost Function: x.shape=(455, 30),y.shape=(455,)
2025-06-01 13:55:11,863 - DEBUG - Gradient Function: x.shape = (455, 30), y.shape = (455,)
2025-06-01 13:55:11,863 - DEBUG - Compute Cost Function: x.shape=(455, 30),y.shape=(455,)
2025-06-01 13:55:11,863 - DEBUG - Gradient Function: x.shape = (455, 30), y.shape = (455,)
2025-06-01 13:55:11,863 - DEBUG - Compute Cost Function: x.shape=(455, 30),y.shape=(455,)
2025-06-01 13:55:11,863 - DEBUG - Gradient Function: x.shape = (455, 30), y.shape = (455,)
2025-06-01 13:55:11,863 - DEBUG - Compute Cost Function: x.shape=(455, 30),y.shape=(455,)
2025-06-01 13:55:11,863 - DEBUG - Gradient Function: x.shape = (455, 30), y.shape = (455,)
2025-06-01 13:55:11,863 - DEBUG - Compute Cost Function: x.shape=(455, 30),y.shape=(455,)
2025-06-01 13:55:11,863 - DEBUG - Gradient Function: x.shape = (455, 30), y.shape = (455,)
2025-06-01 13:55:11,863 - DEBUG - Compute Cost Function: x.shape=(455, 30),y.shape=(455,)
2025-06-01 13:55:11,863 - DEBUG - Gradient Function: x.shape = (455, 30), y.shape = (455,)
2025-06-01 13:55:11,863 - DEBUG - Compute Cost Function: x.shape=(455, 30),y.shape=(455,)
2025-06-01 13:55:11,863 - DEBUG - Gradient Function: x.shape = (455, 30), y.shape = (455,)
2025-06-01 13:55:11,863 - DEBUG - Compute Cost Function: x.shape=(455, 30),y.shape=(455,)
2025-06-01 13:55:11,863 - DEBUG - Gradient Function: x.shape = (455, 30), y.shape = (455,)
2025-06-01 13:55:11,863 - DEBUG - Compute Cost Function: x.shape=(455, 30),y.shape=(455,)
2025-06-01 13:55:11,863 - DEBUG - Gradient Function: x.shape = (455, 30), y.shape = (455,)
2025-06-01 13:55:11,863 - DEBUG - Compute Cost Function: x.shape=(455, 30),y.shape=(455,)
2025-06-01 13:55:11,863 - DEBUG - Gradient Function: x.shape = (455, 30), y.shape = (455,)
2025-06-01 13:55:11,863 - DEBUG - Compute Cost Function: x.shape=(455, 30),y.shape=(455,)
2025-06-01 13:55:11,863 - DEBUG - Gradient Function: x.shape = (455, 30), y.shape = (455,)
2025-06-01 13:55:11,863 - DEBUG - Compute Cost Function: x.shape=(455, 30),y.shape=(455,)
2025-06-01 13:55:11,863 - DEBUG - Gradient Function: x.shape = (455, 30), y.shape = (455,)
2025-06-01 13:55:11,863 - DEBUG - Compute Cost Function: x.shape=(455, 30),y.shape=(455,)
2025-06-01 13:55:11,863 - DEBUG - Gradient Function: x.shape = (455, 30), y.shape = (455,)
2025-06-01 13:55:11,863 - DEBUG - Compute Cost Function: x.shape=(455, 30),y.shape=(455,)
2025-06-01 13:55:11,863 - DEBUG - Gradient Function: x.shape = (455, 30), y.shape = (455,)
2025-06-01 13:55:11,863 - DEBUG - Compute Cost Function: x.shape=(455, 30),y.shape=(455,)
2025-06-01 13:55:11,863 - DEBUG - Gradient Function: x.shape = (455, 30), y.shape = (455,)
2025-06-01 13:55:11,863 - DEBUG - Compute Cost Function: x.shape=(455, 30),y.shape=(455,)
2025-06-01 13:55:11,863 - DEBUG - Gradient Function: x.shape = (455, 30), y.shape = (455,)
2025-06-01 13:55:11,863 - DEBUG - Compute Cost Function: x.shape=(455, 30),y.shape=(455,)
2025-06-01 13:55:11,863 - DEBUG - Gradient Function: x.shape = (455, 30), y.shape = (455,)
2025-06-01 13:55:11,863 - DEBUG - Compute Cost Function: x.shape=(455, 30),y.shape=(455,)
2025-06-01 13:55:11,863 - DEBUG - Gradient Function: x.shape = (455, 30), y.shape = (455,)
2025-06-01 13:55:11,863 - DEBUG - Compute Cost Function: x.shape=(455, 30),y.shape=(455,)
2025-06-01 13:55:11,863 - DEBUG - Gradient Function: x.shape = (455, 30), y.shape = (455,)
2025-06-01 13:55:11,863 - DEBUG - Compute Cost Function: x.shape=(455, 30),y.shape=(455,)
2025-06-01 13:55:11,863 - DEBUG - Gradient Function: x.shape = (455, 30), y.shape = (455,)
2025-06-01 13:55:11,863 - DEBUG - Compute Cost Function: x.shape=(455, 30),y.shape=(455,)
2025-06-01 13:55:11,863 - DEBUG - Gradient Function: x.shape = (455, 30), y.shape = (455,)
2025-06-01 13:55:11,863 - DEBUG - Compute Cost Function: x.shape=(455, 30),y.shape=(455,)
2025-06-01 13:55:11,863 - DEBUG - Gradient Function: x.shape = (455, 30), y.shape = (455,)
2025-06-01 13:55:11,863 - DEBUG - Compute Cost Function: x.shape=(455, 30),y.shape=(455,)
2025-06-01 13:55:11,863 - DEBUG - Gradient Function: x.shape = (455, 30), y.shape = (455,)
2025-06-01 13:55:11,863 - DEBUG - Compute Cost Function: x.shape=(455, 30),y.shape=(455,)
2025-06-01 13:55:11,863 - DEBUG - Gradient Function: x.shape = (455, 30), y.shape = (455,)
2025-06-01 13:55:11,863 - DEBUG - Compute Cost Function: x.shape=(455, 30),y.shape=(455,)
2025-06-01 13:55:11,863 - DEBUG - Gradient Function: x.shape = (455, 30), y.shape = (455,)
2025-06-01 13:55:11,876 - DEBUG - Compute Cost Function: x.shape=(455, 30),y.shape=(455,)
2025-06-01 13:55:11,876 - DEBUG - Gradient Function: x.shape = (455, 30), y.shape = (455,)
2025-06-01 13:55:11,876 - DEBUG - Compute Cost Function: x.shape=(455, 30),y.shape=(455,)
2025-06-01 13:55:11,877 - DEBUG - Gradient Function: x.shape = (455, 30), y.shape = (455,)
2025-06-01 13:55:11,877 - DEBUG - Compute Cost Function: x.shape=(455, 30),y.shape=(455,)
2025-06-01 13:55:11,877 - DEBUG - Gradient Function: x.shape = (455, 30), y.shape = (455,)
2025-06-01 13:55:11,877 - DEBUG - Compute Cost Function: x.shape=(455, 30),y.shape=(455,)
2025-06-01 13:55:11,878 - DEBUG - Gradient Function: x.shape = (455, 30), y.shape = (455,)
2025-06-01 13:55:11,878 - DEBUG - Compute Cost Function: x.shape=(455, 30),y.shape=(455,)
2025-06-01 13:55:11,878 - DEBUG - Gradient Function: x.shape = (455, 30), y.shape = (455,)
2025-06-01 13:55:11,878 - DEBUG - Compute Cost Function: x.shape=(455, 30),y.shape=(455,)
2025-06-01 13:55:11,879 - DEBUG - Gradient Function: x.shape = (455, 30), y.shape = (455,)
2025-06-01 13:55:11,879 - DEBUG - Compute Cost Function: x.shape=(455, 30),y.shape=(455,)
2025-06-01 13:55:11,879 - DEBUG - Gradient Function: x.shape = (455, 30), y.shape = (455,)
2025-06-01 13:55:11,879 - DEBUG - Compute Cost Function: x.shape=(455, 30),y.shape=(455,)
2025-06-01 13:55:11,880 - DEBUG - Gradient Function: x.shape = (455, 30), y.shape = (455,)
2025-06-01 13:55:11,880 - DEBUG - Compute Cost Function: x.shape=(455, 30),y.shape=(455,)
2025-06-01 13:55:11,880 - DEBUG - Gradient Function: x.shape = (455, 30), y.shape = (455,)
2025-06-01 13:55:11,880 - DEBUG - Compute Cost Function: x.shape=(455, 30),y.shape=(455,)
2025-06-01 13:55:11,881 - DEBUG - Gradient Function: x.shape = (455, 30), y.shape = (455,)
2025-06-01 13:55:11,881 - DEBUG - Compute Cost Function: x.shape=(455, 30),y.shape=(455,)
2025-06-01 13:55:11,881 - DEBUG - Gradient Function: x.shape = (455, 30), y.shape = (455,)
2025-06-01 13:55:11,881 - DEBUG - Compute Cost Function: x.shape=(455, 30),y.shape=(455,)
2025-06-01 13:55:11,881 - DEBUG - Gradient Function: x.shape = (455, 30), y.shape = (455,)
2025-06-01 13:55:11,882 - DEBUG - Compute Cost Function: x.shape=(455, 30),y.shape=(455,)
2025-06-01 13:55:11,882 - DEBUG - Gradient Function: x.shape = (455, 30), y.shape = (455,)
2025-06-01 13:55:11,882 - DEBUG - Compute Cost Function: x.shape=(455, 30),y.shape=(455,)
2025-06-01 13:55:11,882 - DEBUG - Gradient Function: x.shape = (455, 30), y.shape = (455,)
2025-06-01 13:55:11,883 - DEBUG - Compute Cost Function: x.shape=(455, 30),y.shape=(455,)
2025-06-01 13:55:11,883 - DEBUG - Gradient Function: x.shape = (455, 30), y.shape = (455,)
2025-06-01 13:55:11,883 - DEBUG - Compute Cost Function: x.shape=(455, 30),y.shape=(455,)
2025-06-01 13:55:11,883 - DEBUG - Gradient Function: x.shape = (455, 30), y.shape = (455,)
2025-06-01 13:55:11,883 - DEBUG - Compute Cost Function: x.shape=(455, 30),y.shape=(455,)
2025-06-01 13:55:11,883 - DEBUG - Gradient Function: x.shape = (455, 30), y.shape = (455,)
2025-06-01 13:55:11,884 - DEBUG - Compute Cost Function: x.shape=(455, 30),y.shape=(455,)
2025-06-01 13:55:11,884 - DEBUG - Gradient Function: x.shape = (455, 30), y.shape = (455,)
2025-06-01 13:55:11,885 - DEBUG - Compute Cost Function: x.shape=(455, 30),y.shape=(455,)
2025-06-01 13:55:11,885 - DEBUG - Gradient Function: x.shape = (455, 30), y.shape = (455,)
2025-06-01 13:55:11,885 - DEBUG - Compute Cost Function: x.shape=(455, 30),y.shape=(455,)
2025-06-01 13:55:11,885 - DEBUG - Gradient Function: x.shape = (455, 30), y.shape = (455,)
2025-06-01 13:55:11,885 - DEBUG - Compute Cost Function: x.shape=(455, 30),y.shape=(455,)
2025-06-01 13:55:11,885 - DEBUG - Gradient Function: x.shape = (455, 30), y.shape = (455,)
2025-06-01 13:55:11,886 - DEBUG - Compute Cost Function: x.shape=(455, 30),y.shape=(455,)
2025-06-01 13:55:11,886 - DEBUG - Gradient Function: x.shape = (455, 30), y.shape = (455,)
2025-06-01 13:55:11,886 - DEBUG - Compute Cost Function: x.shape=(455, 30),y.shape=(455,)
2025-06-01 13:55:11,886 - DEBUG - Gradient Function: x.shape = (455, 30), y.shape = (455,)
2025-06-01 13:55:11,886 - DEBUG - Compute Cost Function: x.shape=(455, 30),y.shape=(455,)
2025-06-01 13:55:11,886 - DEBUG - Gradient Function: x.shape = (455, 30), y.shape = (455,)
2025-06-01 13:55:11,887 - DEBUG - Compute Cost Function: x.shape=(455, 30),y.shape=(455,)
2025-06-01 13:55:11,887 - DEBUG - Gradient Function: x.shape = (455, 30), y.shape = (455,)
2025-06-01 13:55:11,887 - INFO - Cost after iteration 400: 0.1464679268404012
2025-06-01 13:55:11,887 - DEBUG - Compute Cost Function: x.shape=(455, 30),y.shape=(455,)
2025-06-01 13:55:11,887 - DEBUG - Gradient Function: x.shape = (455, 30), y.shape = (455,)
2025-06-01 13:55:11,887 - DEBUG - Compute Cost Function: x.shape=(455, 30),y.shape=(455,)
2025-06-01 13:55:11,887 - DEBUG - Gradient Function: x.shape = (455, 30), y.shape = (455,)
2025-06-01 13:55:11,888 - DEBUG - Compute Cost Function: x.shape=(455, 30),y.shape=(455,)
2025-06-01 13:55:11,888 - DEBUG - Gradient Function: x.shape = (455, 30), y.shape = (455,)
2025-06-01 13:55:11,888 - DEBUG - Compute Cost Function: x.shape=(455, 30),y.shape=(455,)
2025-06-01 13:55:11,888 - DEBUG - Gradient Function: x.shape = (455, 30), y.shape = (455,)
2025-06-01 13:55:11,888 - DEBUG - Compute Cost Function: x.shape=(455, 30),y.shape=(455,)
2025-06-01 13:55:11,888 - DEBUG - Gradient Function: x.shape = (455, 30), y.shape = (455,)
2025-06-01 13:55:11,888 - DEBUG - Compute Cost Function: x.shape=(455, 30),y.shape=(455,)
2025-06-01 13:55:11,888 - DEBUG - Gradient Function: x.shape = (455, 30), y.shape = (455,)
2025-06-01 13:55:11,889 - DEBUG - Compute Cost Function: x.shape=(455, 30),y.shape=(455,)
2025-06-01 13:55:11,889 - DEBUG - Gradient Function: x.shape = (455, 30), y.shape = (455,)
2025-06-01 13:55:11,889 - DEBUG - Compute Cost Function: x.shape=(455, 30),y.shape=(455,)
2025-06-01 13:55:11,889 - DEBUG - Gradient Function: x.shape = (455, 30), y.shape = (455,)
2025-06-01 13:55:11,889 - DEBUG - Compute Cost Function: x.shape=(455, 30),y.shape=(455,)
2025-06-01 13:55:11,889 - DEBUG - Gradient Function: x.shape = (455, 30), y.shape = (455,)
2025-06-01 13:55:11,889 - DEBUG - Compute Cost Function: x.shape=(455, 30),y.shape=(455,)
2025-06-01 13:55:11,889 - DEBUG - Gradient Function: x.shape = (455, 30), y.shape = (455,)
2025-06-01 13:55:11,890 - DEBUG - Compute Cost Function: x.shape=(455, 30),y.shape=(455,)
2025-06-01 13:55:11,890 - DEBUG - Gradient Function: x.shape = (455, 30), y.shape = (455,)
2025-06-01 13:55:11,890 - DEBUG - Compute Cost Function: x.shape=(455, 30),y.shape=(455,)
2025-06-01 13:55:11,890 - DEBUG - Gradient Function: x.shape = (455, 30), y.shape = (455,)
2025-06-01 13:55:11,891 - DEBUG - Compute Cost Function: x.shape=(455, 30),y.shape=(455,)
2025-06-01 13:55:11,891 - DEBUG - Gradient Function: x.shape = (455, 30), y.shape = (455,)
2025-06-01 13:55:11,891 - DEBUG - Compute Cost Function: x.shape=(455, 30),y.shape=(455,)
2025-06-01 13:55:11,891 - DEBUG - Gradient Function: x.shape = (455, 30), y.shape = (455,)
2025-06-01 13:55:11,891 - DEBUG - Compute Cost Function: x.shape=(455, 30),y.shape=(455,)
2025-06-01 13:55:11,891 - DEBUG - Gradient Function: x.shape = (455, 30), y.shape = (455,)
2025-06-01 13:55:11,891 - DEBUG - Compute Cost Function: x.shape=(455, 30),y.shape=(455,)
2025-06-01 13:55:11,891 - DEBUG - Gradient Function: x.shape = (455, 30), y.shape = (455,)
2025-06-01 13:55:11,892 - DEBUG - Compute Cost Function: x.shape=(455, 30),y.shape=(455,)
2025-06-01 13:55:11,892 - DEBUG - Gradient Function: x.shape = (455, 30), y.shape = (455,)
2025-06-01 13:55:11,892 - DEBUG - Compute Cost Function: x.shape=(455, 30),y.shape=(455,)
2025-06-01 13:55:11,893 - DEBUG - Gradient Function: x.shape = (455, 30), y.shape = (455,)
2025-06-01 13:55:11,893 - DEBUG - Compute Cost Function: x.shape=(455, 30),y.shape=(455,)
2025-06-01 13:55:11,893 - DEBUG - Gradient Function: x.shape = (455, 30), y.shape = (455,)
2025-06-01 13:55:11,894 - DEBUG - Compute Cost Function: x.shape=(455, 30),y.shape=(455,)
2025-06-01 13:55:11,894 - DEBUG - Gradient Function: x.shape = (455, 30), y.shape = (455,)
2025-06-01 13:55:11,894 - DEBUG - Compute Cost Function: x.shape=(455, 30),y.shape=(455,)
2025-06-01 13:55:11,894 - DEBUG - Gradient Function: x.shape = (455, 30), y.shape = (455,)
2025-06-01 13:55:11,894 - DEBUG - Compute Cost Function: x.shape=(455, 30),y.shape=(455,)
2025-06-01 13:55:11,895 - DEBUG - Gradient Function: x.shape = (455, 30), y.shape = (455,)
2025-06-01 13:55:11,895 - DEBUG - Compute Cost Function: x.shape=(455, 30),y.shape=(455,)
2025-06-01 13:55:11,895 - DEBUG - Gradient Function: x.shape = (455, 30), y.shape = (455,)
2025-06-01 13:55:11,895 - DEBUG - Compute Cost Function: x.shape=(455, 30),y.shape=(455,)
2025-06-01 13:55:11,895 - DEBUG - Gradient Function: x.shape = (455, 30), y.shape = (455,)
2025-06-01 13:55:11,895 - DEBUG - Compute Cost Function: x.shape=(455, 30),y.shape=(455,)
2025-06-01 13:55:11,895 - DEBUG - Gradient Function: x.shape = (455, 30), y.shape = (455,)
2025-06-01 13:55:11,896 - DEBUG - Compute Cost Function: x.shape=(455, 30),y.shape=(455,)
2025-06-01 13:55:11,896 - DEBUG - Gradient Function: x.shape = (455, 30), y.shape = (455,)
2025-06-01 13:55:11,896 - DEBUG - Compute Cost Function: x.shape=(455, 30),y.shape=(455,)
2025-06-01 13:55:11,896 - DEBUG - Gradient Function: x.shape = (455, 30), y.shape = (455,)
2025-06-01 13:55:11,897 - DEBUG - Compute Cost Function: x.shape=(455, 30),y.shape=(455,)
2025-06-01 13:55:11,897 - DEBUG - Gradient Function: x.shape = (455, 30), y.shape = (455,)
2025-06-01 13:55:11,897 - DEBUG - Compute Cost Function: x.shape=(455, 30),y.shape=(455,)
2025-06-01 13:55:11,897 - DEBUG - Gradient Function: x.shape = (455, 30), y.shape = (455,)
2025-06-01 13:55:11,897 - DEBUG - Compute Cost Function: x.shape=(455, 30),y.shape=(455,)
2025-06-01 13:55:11,897 - DEBUG - Gradient Function: x.shape = (455, 30), y.shape = (455,)
2025-06-01 13:55:11,898 - DEBUG - Compute Cost Function: x.shape=(455, 30),y.shape=(455,)
2025-06-01 13:55:11,898 - DEBUG - Gradient Function: x.shape = (455, 30), y.shape = (455,)
2025-06-01 13:55:11,898 - DEBUG - Compute Cost Function: x.shape=(455, 30),y.shape=(455,)
2025-06-01 13:55:11,898 - DEBUG - Gradient Function: x.shape = (455, 30), y.shape = (455,)
2025-06-01 13:55:11,899 - DEBUG - Compute Cost Function: x.shape=(455, 30),y.shape=(455,)
2025-06-01 13:55:11,900 - DEBUG - Gradient Function: x.shape = (455, 30), y.shape = (455,)
2025-06-01 13:55:11,900 - DEBUG - Compute Cost Function: x.shape=(455, 30),y.shape=(455,)
2025-06-01 13:55:11,900 - DEBUG - Gradient Function: x.shape = (455, 30), y.shape = (455,)
2025-06-01 13:55:11,900 - DEBUG - Compute Cost Function: x.shape=(455, 30),y.shape=(455,)
2025-06-01 13:55:11,900 - DEBUG - Gradient Function: x.shape = (455, 30), y.shape = (455,)
2025-06-01 13:55:11,901 - DEBUG - Compute Cost Function: x.shape=(455, 30),y.shape=(455,)
2025-06-01 13:55:11,901 - DEBUG - Gradient Function: x.shape = (455, 30), y.shape = (455,)
2025-06-01 13:55:11,901 - DEBUG - Compute Cost Function: x.shape=(455, 30),y.shape=(455,)
2025-06-01 13:55:11,901 - DEBUG - Gradient Function: x.shape = (455, 30), y.shape = (455,)
2025-06-01 13:55:11,901 - DEBUG - Compute Cost Function: x.shape=(455, 30),y.shape=(455,)
2025-06-01 13:55:11,901 - DEBUG - Gradient Function: x.shape = (455, 30), y.shape = (455,)
2025-06-01 13:55:11,901 - DEBUG - Compute Cost Function: x.shape=(455, 30),y.shape=(455,)
2025-06-01 13:55:11,901 - DEBUG - Gradient Function: x.shape = (455, 30), y.shape = (455,)
2025-06-01 13:55:11,902 - DEBUG - Compute Cost Function: x.shape=(455, 30),y.shape=(455,)
2025-06-01 13:55:11,902 - DEBUG - Gradient Function: x.shape = (455, 30), y.shape = (455,)
2025-06-01 13:55:11,902 - DEBUG - Compute Cost Function: x.shape=(455, 30),y.shape=(455,)
2025-06-01 13:55:11,902 - DEBUG - Gradient Function: x.shape = (455, 30), y.shape = (455,)
2025-06-01 13:55:11,902 - DEBUG - Compute Cost Function: x.shape=(455, 30),y.shape=(455,)
2025-06-01 13:55:11,902 - DEBUG - Gradient Function: x.shape = (455, 30), y.shape = (455,)
2025-06-01 13:55:11,902 - DEBUG - Compute Cost Function: x.shape=(455, 30),y.shape=(455,)
2025-06-01 13:55:11,902 - DEBUG - Gradient Function: x.shape = (455, 30), y.shape = (455,)
2025-06-01 13:55:11,903 - DEBUG - Compute Cost Function: x.shape=(455, 30),y.shape=(455,)
2025-06-01 13:55:11,903 - DEBUG - Gradient Function: x.shape = (455, 30), y.shape = (455,)
2025-06-01 13:55:11,903 - DEBUG - Compute Cost Function: x.shape=(455, 30),y.shape=(455,)
2025-06-01 13:55:11,903 - DEBUG - Gradient Function: x.shape = (455, 30), y.shape = (455,)
2025-06-01 13:55:11,903 - DEBUG - Compute Cost Function: x.shape=(455, 30),y.shape=(455,)
2025-06-01 13:55:11,903 - DEBUG - Gradient Function: x.shape = (455, 30), y.shape = (455,)
2025-06-01 13:55:11,903 - DEBUG - Compute Cost Function: x.shape=(455, 30),y.shape=(455,)
2025-06-01 13:55:11,904 - DEBUG - Gradient Function: x.shape = (455, 30), y.shape = (455,)
2025-06-01 13:55:11,904 - DEBUG - Compute Cost Function: x.shape=(455, 30),y.shape=(455,)
2025-06-01 13:55:11,904 - DEBUG - Gradient Function: x.shape = (455, 30), y.shape = (455,)
2025-06-01 13:55:11,904 - DEBUG - Compute Cost Function: x.shape=(455, 30),y.shape=(455,)
2025-06-01 13:55:11,904 - DEBUG - Gradient Function: x.shape = (455, 30), y.shape = (455,)
2025-06-01 13:55:11,904 - DEBUG - Compute Cost Function: x.shape=(455, 30),y.shape=(455,)
2025-06-01 13:55:11,904 - DEBUG - Gradient Function: x.shape = (455, 30), y.shape = (455,)
2025-06-01 13:55:11,905 - DEBUG - Compute Cost Function: x.shape=(455, 30),y.shape=(455,)
2025-06-01 13:55:11,905 - DEBUG - Gradient Function: x.shape = (455, 30), y.shape = (455,)
2025-06-01 13:55:11,905 - DEBUG - Compute Cost Function: x.shape=(455, 30),y.shape=(455,)
2025-06-01 13:55:11,905 - DEBUG - Gradient Function: x.shape = (455, 30), y.shape = (455,)
2025-06-01 13:55:11,905 - DEBUG - Compute Cost Function: x.shape=(455, 30),y.shape=(455,)
2025-06-01 13:55:11,905 - DEBUG - Gradient Function: x.shape = (455, 30), y.shape = (455,)
2025-06-01 13:55:11,906 - DEBUG - Compute Cost Function: x.shape=(455, 30),y.shape=(455,)
2025-06-01 13:55:11,906 - DEBUG - Gradient Function: x.shape = (455, 30), y.shape = (455,)
2025-06-01 13:55:11,906 - DEBUG - Compute Cost Function: x.shape=(455, 30),y.shape=(455,)
2025-06-01 13:55:11,906 - DEBUG - Gradient Function: x.shape = (455, 30), y.shape = (455,)
2025-06-01 13:55:11,907 - DEBUG - Compute Cost Function: x.shape=(455, 30),y.shape=(455,)
2025-06-01 13:55:11,907 - DEBUG - Gradient Function: x.shape = (455, 30), y.shape = (455,)
2025-06-01 13:55:11,907 - DEBUG - Compute Cost Function: x.shape=(455, 30),y.shape=(455,)
2025-06-01 13:55:11,907 - DEBUG - Gradient Function: x.shape = (455, 30), y.shape = (455,)
2025-06-01 13:55:11,907 - DEBUG - Compute Cost Function: x.shape=(455, 30),y.shape=(455,)
2025-06-01 13:55:11,908 - DEBUG - Gradient Function: x.shape = (455, 30), y.shape = (455,)
2025-06-01 13:55:11,908 - DEBUG - Compute Cost Function: x.shape=(455, 30),y.shape=(455,)
2025-06-01 13:55:11,908 - DEBUG - Gradient Function: x.shape = (455, 30), y.shape = (455,)
2025-06-01 13:55:11,908 - DEBUG - Compute Cost Function: x.shape=(455, 30),y.shape=(455,)
2025-06-01 13:55:11,908 - DEBUG - Gradient Function: x.shape = (455, 30), y.shape = (455,)
2025-06-01 13:55:11,908 - DEBUG - Compute Cost Function: x.shape=(455, 30),y.shape=(455,)
2025-06-01 13:55:11,909 - DEBUG - Gradient Function: x.shape = (455, 30), y.shape = (455,)
2025-06-01 13:55:11,909 - DEBUG - Compute Cost Function: x.shape=(455, 30),y.shape=(455,)
2025-06-01 13:55:11,909 - DEBUG - Gradient Function: x.shape = (455, 30), y.shape = (455,)
2025-06-01 13:55:11,910 - DEBUG - Compute Cost Function: x.shape=(455, 30),y.shape=(455,)
2025-06-01 13:55:11,910 - DEBUG - Gradient Function: x.shape = (455, 30), y.shape = (455,)
2025-06-01 13:55:11,910 - DEBUG - Compute Cost Function: x.shape=(455, 30),y.shape=(455,)
2025-06-01 13:55:11,910 - DEBUG - Gradient Function: x.shape = (455, 30), y.shape = (455,)
2025-06-01 13:55:11,910 - DEBUG - Compute Cost Function: x.shape=(455, 30),y.shape=(455,)
2025-06-01 13:55:11,910 - DEBUG - Gradient Function: x.shape = (455, 30), y.shape = (455,)
2025-06-01 13:55:11,911 - DEBUG - Compute Cost Function: x.shape=(455, 30),y.shape=(455,)
2025-06-01 13:55:11,911 - DEBUG - Gradient Function: x.shape = (455, 30), y.shape = (455,)
2025-06-01 13:55:11,911 - DEBUG - Compute Cost Function: x.shape=(455, 30),y.shape=(455,)
2025-06-01 13:55:11,911 - DEBUG - Gradient Function: x.shape = (455, 30), y.shape = (455,)
2025-06-01 13:55:11,912 - DEBUG - Compute Cost Function: x.shape=(455, 30),y.shape=(455,)
2025-06-01 13:55:11,912 - DEBUG - Gradient Function: x.shape = (455, 30), y.shape = (455,)
2025-06-01 13:55:11,912 - DEBUG - Compute Cost Function: x.shape=(455, 30),y.shape=(455,)
2025-06-01 13:55:11,912 - DEBUG - Gradient Function: x.shape = (455, 30), y.shape = (455,)
2025-06-01 13:55:11,913 - DEBUG - Compute Cost Function: x.shape=(455, 30),y.shape=(455,)
2025-06-01 13:55:11,913 - DEBUG - Gradient Function: x.shape = (455, 30), y.shape = (455,)
2025-06-01 13:55:11,913 - DEBUG - Compute Cost Function: x.shape=(455, 30),y.shape=(455,)
2025-06-01 13:55:11,913 - DEBUG - Gradient Function: x.shape = (455, 30), y.shape = (455,)
2025-06-01 13:55:11,913 - DEBUG - Compute Cost Function: x.shape=(455, 30),y.shape=(455,)
2025-06-01 13:55:11,913 - DEBUG - Gradient Function: x.shape = (455, 30), y.shape = (455,)
2025-06-01 13:55:11,914 - DEBUG - Compute Cost Function: x.shape=(455, 30),y.shape=(455,)
2025-06-01 13:55:11,914 - DEBUG - Gradient Function: x.shape = (455, 30), y.shape = (455,)
2025-06-01 13:55:11,914 - DEBUG - Compute Cost Function: x.shape=(455, 30),y.shape=(455,)
2025-06-01 13:55:11,914 - DEBUG - Gradient Function: x.shape = (455, 30), y.shape = (455,)
2025-06-01 13:55:11,914 - DEBUG - Compute Cost Function: x.shape=(455, 30),y.shape=(455,)
2025-06-01 13:55:11,914 - DEBUG - Gradient Function: x.shape = (455, 30), y.shape = (455,)
2025-06-01 13:55:11,915 - DEBUG - Compute Cost Function: x.shape=(455, 30),y.shape=(455,)
2025-06-01 13:55:11,915 - DEBUG - Gradient Function: x.shape = (455, 30), y.shape = (455,)
2025-06-01 13:55:11,915 - DEBUG - Compute Cost Function: x.shape=(455, 30),y.shape=(455,)
2025-06-01 13:55:11,915 - DEBUG - Gradient Function: x.shape = (455, 30), y.shape = (455,)
2025-06-01 13:55:11,915 - DEBUG - Compute Cost Function: x.shape=(455, 30),y.shape=(455,)
2025-06-01 13:55:11,916 - DEBUG - Gradient Function: x.shape = (455, 30), y.shape = (455,)
2025-06-01 13:55:11,916 - DEBUG - Compute Cost Function: x.shape=(455, 30),y.shape=(455,)
2025-06-01 13:55:11,916 - DEBUG - Gradient Function: x.shape = (455, 30), y.shape = (455,)
2025-06-01 13:55:11,916 - DEBUG - Compute Cost Function: x.shape=(455, 30),y.shape=(455,)
2025-06-01 13:55:11,916 - DEBUG - Gradient Function: x.shape = (455, 30), y.shape = (455,)
2025-06-01 13:55:11,916 - DEBUG - Compute Cost Function: x.shape=(455, 30),y.shape=(455,)
2025-06-01 13:55:11,917 - DEBUG - Gradient Function: x.shape = (455, 30), y.shape = (455,)
2025-06-01 13:55:11,917 - DEBUG - Compute Cost Function: x.shape=(455, 30),y.shape=(455,)
2025-06-01 13:55:11,917 - DEBUG - Gradient Function: x.shape = (455, 30), y.shape = (455,)
2025-06-01 13:55:11,917 - DEBUG - Compute Cost Function: x.shape=(455, 30),y.shape=(455,)
2025-06-01 13:55:11,917 - DEBUG - Gradient Function: x.shape = (455, 30), y.shape = (455,)
2025-06-01 13:55:11,917 - DEBUG - Compute Cost Function: x.shape=(455, 30),y.shape=(455,)
2025-06-01 13:55:11,918 - DEBUG - Gradient Function: x.shape = (455, 30), y.shape = (455,)
2025-06-01 13:55:11,918 - DEBUG - Compute Cost Function: x.shape=(455, 30),y.shape=(455,)
2025-06-01 13:55:11,918 - DEBUG - Gradient Function: x.shape = (455, 30), y.shape = (455,)
2025-06-01 13:55:11,918 - DEBUG - Compute Cost Function: x.shape=(455, 30),y.shape=(455,)
2025-06-01 13:55:11,918 - DEBUG - Gradient Function: x.shape = (455, 30), y.shape = (455,)
2025-06-01 13:55:11,919 - DEBUG - Compute Cost Function: x.shape=(455, 30),y.shape=(455,)
2025-06-01 13:55:11,919 - DEBUG - Gradient Function: x.shape = (455, 30), y.shape = (455,)
2025-06-01 13:55:11,919 - DEBUG - Compute Cost Function: x.shape=(455, 30),y.shape=(455,)
2025-06-01 13:55:11,919 - DEBUG - Gradient Function: x.shape = (455, 30), y.shape = (455,)
2025-06-01 13:55:11,920 - DEBUG - Compute Cost Function: x.shape=(455, 30),y.shape=(455,)
2025-06-01 13:55:11,920 - DEBUG - Gradient Function: x.shape = (455, 30), y.shape = (455,)
2025-06-01 13:55:11,920 - DEBUG - Compute Cost Function: x.shape=(455, 30),y.shape=(455,)
2025-06-01 13:55:11,920 - DEBUG - Gradient Function: x.shape = (455, 30), y.shape = (455,)
2025-06-01 13:55:11,920 - DEBUG - Compute Cost Function: x.shape=(455, 30),y.shape=(455,)
2025-06-01 13:55:11,920 - DEBUG - Gradient Function: x.shape = (455, 30), y.shape = (455,)
2025-06-01 13:55:11,921 - DEBUG - Compute Cost Function: x.shape=(455, 30),y.shape=(455,)
2025-06-01 13:55:11,921 - DEBUG - Gradient Function: x.shape = (455, 30), y.shape = (455,)
2025-06-01 13:55:11,921 - DEBUG - Compute Cost Function: x.shape=(455, 30),y.shape=(455,)
2025-06-01 13:55:11,921 - DEBUG - Gradient Function: x.shape = (455, 30), y.shape = (455,)
2025-06-01 13:55:11,921 - DEBUG - Compute Cost Function: x.shape=(455, 30),y.shape=(455,)
2025-06-01 13:55:11,921 - DEBUG - Gradient Function: x.shape = (455, 30), y.shape = (455,)
2025-06-01 13:55:11,922 - DEBUG - Compute Cost Function: x.shape=(455, 30),y.shape=(455,)
2025-06-01 13:55:11,922 - DEBUG - Gradient Function: x.shape = (455, 30), y.shape = (455,)
2025-06-01 13:55:11,922 - DEBUG - Compute Cost Function: x.shape=(455, 30),y.shape=(455,)
2025-06-01 13:55:11,922 - DEBUG - Gradient Function: x.shape = (455, 30), y.shape = (455,)
2025-06-01 13:55:11,922 - DEBUG - Compute Cost Function: x.shape=(455, 30),y.shape=(455,)
2025-06-01 13:55:11,923 - DEBUG - Gradient Function: x.shape = (455, 30), y.shape = (455,)
2025-06-01 13:55:11,924 - DEBUG - Compute Cost Function: x.shape=(455, 30),y.shape=(455,)
2025-06-01 13:55:11,924 - DEBUG - Gradient Function: x.shape = (455, 30), y.shape = (455,)
2025-06-01 13:55:11,924 - DEBUG - Compute Cost Function: x.shape=(455, 30),y.shape=(455,)
2025-06-01 13:55:11,924 - DEBUG - Gradient Function: x.shape = (455, 30), y.shape = (455,)
2025-06-01 13:55:11,924 - DEBUG - Compute Cost Function: x.shape=(455, 30),y.shape=(455,)
2025-06-01 13:55:11,924 - DEBUG - Gradient Function: x.shape = (455, 30), y.shape = (455,)
2025-06-01 13:55:11,925 - INFO - Cost after iteration 500: 0.13503603131681405
2025-06-01 13:55:11,925 - DEBUG - Compute Cost Function: x.shape=(455, 30),y.shape=(455,)
2025-06-01 13:55:11,925 - DEBUG - Gradient Function: x.shape = (455, 30), y.shape = (455,)
2025-06-01 13:55:11,925 - DEBUG - Compute Cost Function: x.shape=(455, 30),y.shape=(455,)
2025-06-01 13:55:11,925 - DEBUG - Gradient Function: x.shape = (455, 30), y.shape = (455,)
2025-06-01 13:55:11,925 - DEBUG - Compute Cost Function: x.shape=(455, 30),y.shape=(455,)
2025-06-01 13:55:11,926 - DEBUG - Gradient Function: x.shape = (455, 30), y.shape = (455,)
2025-06-01 13:55:11,926 - DEBUG - Compute Cost Function: x.shape=(455, 30),y.shape=(455,)
2025-06-01 13:55:11,926 - DEBUG - Gradient Function: x.shape = (455, 30), y.shape = (455,)
2025-06-01 13:55:11,927 - DEBUG - Compute Cost Function: x.shape=(455, 30),y.shape=(455,)
2025-06-01 13:55:11,927 - DEBUG - Gradient Function: x.shape = (455, 30), y.shape = (455,)
2025-06-01 13:55:11,927 - DEBUG - Compute Cost Function: x.shape=(455, 30),y.shape=(455,)
2025-06-01 13:55:11,928 - DEBUG - Gradient Function: x.shape = (455, 30), y.shape = (455,)
2025-06-01 13:55:11,928 - DEBUG - Compute Cost Function: x.shape=(455, 30),y.shape=(455,)
2025-06-01 13:55:11,928 - DEBUG - Gradient Function: x.shape = (455, 30), y.shape = (455,)
2025-06-01 13:55:11,928 - DEBUG - Compute Cost Function: x.shape=(455, 30),y.shape=(455,)
2025-06-01 13:55:11,928 - DEBUG - Gradient Function: x.shape = (455, 30), y.shape = (455,)
2025-06-01 13:55:11,928 - DEBUG - Compute Cost Function: x.shape=(455, 30),y.shape=(455,)
2025-06-01 13:55:11,928 - DEBUG - Gradient Function: x.shape = (455, 30), y.shape = (455,)
2025-06-01 13:55:11,928 - DEBUG - Compute Cost Function: x.shape=(455, 30),y.shape=(455,)
2025-06-01 13:55:11,929 - DEBUG - Gradient Function: x.shape = (455, 30), y.shape = (455,)
2025-06-01 13:55:11,929 - DEBUG - Compute Cost Function: x.shape=(455, 30),y.shape=(455,)
2025-06-01 13:55:11,929 - DEBUG - Gradient Function: x.shape = (455, 30), y.shape = (455,)
2025-06-01 13:55:11,929 - DEBUG - Compute Cost Function: x.shape=(455, 30),y.shape=(455,)
2025-06-01 13:55:11,929 - DEBUG - Gradient Function: x.shape = (455, 30), y.shape = (455,)
2025-06-01 13:55:11,929 - DEBUG - Compute Cost Function: x.shape=(455, 30),y.shape=(455,)
2025-06-01 13:55:11,930 - DEBUG - Gradient Function: x.shape = (455, 30), y.shape = (455,)
2025-06-01 13:55:11,930 - DEBUG - Compute Cost Function: x.shape=(455, 30),y.shape=(455,)
2025-06-01 13:55:11,930 - DEBUG - Gradient Function: x.shape = (455, 30), y.shape = (455,)
2025-06-01 13:55:11,930 - DEBUG - Compute Cost Function: x.shape=(455, 30),y.shape=(455,)
2025-06-01 13:55:11,930 - DEBUG - Gradient Function: x.shape = (455, 30), y.shape = (455,)
2025-06-01 13:55:11,930 - DEBUG - Compute Cost Function: x.shape=(455, 30),y.shape=(455,)
2025-06-01 13:55:11,931 - DEBUG - Gradient Function: x.shape = (455, 30), y.shape = (455,)
2025-06-01 13:55:11,931 - DEBUG - Compute Cost Function: x.shape=(455, 30),y.shape=(455,)
2025-06-01 13:55:11,931 - DEBUG - Gradient Function: x.shape = (455, 30), y.shape = (455,)
2025-06-01 13:55:11,932 - DEBUG - Compute Cost Function: x.shape=(455, 30),y.shape=(455,)
2025-06-01 13:55:11,932 - DEBUG - Gradient Function: x.shape = (455, 30), y.shape = (455,)
2025-06-01 13:55:11,932 - DEBUG - Compute Cost Function: x.shape=(455, 30),y.shape=(455,)
2025-06-01 13:55:11,932 - DEBUG - Gradient Function: x.shape = (455, 30), y.shape = (455,)
2025-06-01 13:55:11,933 - DEBUG - Compute Cost Function: x.shape=(455, 30),y.shape=(455,)
2025-06-01 13:55:11,933 - DEBUG - Gradient Function: x.shape = (455, 30), y.shape = (455,)
2025-06-01 13:55:11,933 - DEBUG - Compute Cost Function: x.shape=(455, 30),y.shape=(455,)
2025-06-01 13:55:11,933 - DEBUG - Gradient Function: x.shape = (455, 30), y.shape = (455,)
2025-06-01 13:55:11,933 - DEBUG - Compute Cost Function: x.shape=(455, 30),y.shape=(455,)
2025-06-01 13:55:11,933 - DEBUG - Gradient Function: x.shape = (455, 30), y.shape = (455,)
2025-06-01 13:55:11,934 - DEBUG - Compute Cost Function: x.shape=(455, 30),y.shape=(455,)
2025-06-01 13:55:11,934 - DEBUG - Gradient Function: x.shape = (455, 30), y.shape = (455,)
2025-06-01 13:55:11,934 - DEBUG - Compute Cost Function: x.shape=(455, 30),y.shape=(455,)
2025-06-01 13:55:11,934 - DEBUG - Gradient Function: x.shape = (455, 30), y.shape = (455,)
2025-06-01 13:55:11,934 - DEBUG - Compute Cost Function: x.shape=(455, 30),y.shape=(455,)
2025-06-01 13:55:11,934 - DEBUG - Gradient Function: x.shape = (455, 30), y.shape = (455,)
2025-06-01 13:55:11,934 - DEBUG - Compute Cost Function: x.shape=(455, 30),y.shape=(455,)
2025-06-01 13:55:11,935 - DEBUG - Gradient Function: x.shape = (455, 30), y.shape = (455,)
2025-06-01 13:55:11,935 - DEBUG - Compute Cost Function: x.shape=(455, 30),y.shape=(455,)
2025-06-01 13:55:11,935 - DEBUG - Gradient Function: x.shape = (455, 30), y.shape = (455,)
2025-06-01 13:55:11,935 - DEBUG - Compute Cost Function: x.shape=(455, 30),y.shape=(455,)
2025-06-01 13:55:11,935 - DEBUG - Gradient Function: x.shape = (455, 30), y.shape = (455,)
2025-06-01 13:55:11,935 - DEBUG - Compute Cost Function: x.shape=(455, 30),y.shape=(455,)
2025-06-01 13:55:11,935 - DEBUG - Gradient Function: x.shape = (455, 30), y.shape = (455,)
2025-06-01 13:55:11,935 - DEBUG - Compute Cost Function: x.shape=(455, 30),y.shape=(455,)
2025-06-01 13:55:11,936 - DEBUG - Gradient Function: x.shape = (455, 30), y.shape = (455,)
2025-06-01 13:55:11,936 - DEBUG - Compute Cost Function: x.shape=(455, 30),y.shape=(455,)
2025-06-01 13:55:11,936 - DEBUG - Gradient Function: x.shape = (455, 30), y.shape = (455,)
2025-06-01 13:55:11,936 - DEBUG - Compute Cost Function: x.shape=(455, 30),y.shape=(455,)
2025-06-01 13:55:11,936 - DEBUG - Gradient Function: x.shape = (455, 30), y.shape = (455,)
2025-06-01 13:55:11,936 - DEBUG - Compute Cost Function: x.shape=(455, 30),y.shape=(455,)
2025-06-01 13:55:11,936 - DEBUG - Gradient Function: x.shape = (455, 30), y.shape = (455,)
2025-06-01 13:55:11,936 - DEBUG - Compute Cost Function: x.shape=(455, 30),y.shape=(455,)
2025-06-01 13:55:11,937 - DEBUG - Gradient Function: x.shape = (455, 30), y.shape = (455,)
2025-06-01 13:55:11,937 - DEBUG - Compute Cost Function: x.shape=(455, 30),y.shape=(455,)
2025-06-01 13:55:11,937 - DEBUG - Gradient Function: x.shape = (455, 30), y.shape = (455,)
2025-06-01 13:55:11,937 - DEBUG - Compute Cost Function: x.shape=(455, 30),y.shape=(455,)
2025-06-01 13:55:11,937 - DEBUG - Gradient Function: x.shape = (455, 30), y.shape = (455,)
2025-06-01 13:55:11,937 - DEBUG - Compute Cost Function: x.shape=(455, 30),y.shape=(455,)
2025-06-01 13:55:11,937 - DEBUG - Gradient Function: x.shape = (455, 30), y.shape = (455,)
2025-06-01 13:55:11,937 - DEBUG - Compute Cost Function: x.shape=(455, 30),y.shape=(455,)
2025-06-01 13:55:11,938 - DEBUG - Gradient Function: x.shape = (455, 30), y.shape = (455,)
2025-06-01 13:55:11,938 - DEBUG - Compute Cost Function: x.shape=(455, 30),y.shape=(455,)
2025-06-01 13:55:11,938 - DEBUG - Gradient Function: x.shape = (455, 30), y.shape = (455,)
2025-06-01 13:55:11,938 - DEBUG - Compute Cost Function: x.shape=(455, 30),y.shape=(455,)
2025-06-01 13:55:11,938 - DEBUG - Gradient Function: x.shape = (455, 30), y.shape = (455,)
2025-06-01 13:55:11,938 - DEBUG - Compute Cost Function: x.shape=(455, 30),y.shape=(455,)
2025-06-01 13:55:11,938 - DEBUG - Gradient Function: x.shape = (455, 30), y.shape = (455,)
2025-06-01 13:55:11,938 - DEBUG - Compute Cost Function: x.shape=(455, 30),y.shape=(455,)
2025-06-01 13:55:11,938 - DEBUG - Gradient Function: x.shape = (455, 30), y.shape = (455,)
2025-06-01 13:55:11,939 - DEBUG - Compute Cost Function: x.shape=(455, 30),y.shape=(455,)
2025-06-01 13:55:11,939 - DEBUG - Gradient Function: x.shape = (455, 30), y.shape = (455,)
2025-06-01 13:55:11,939 - DEBUG - Compute Cost Function: x.shape=(455, 30),y.shape=(455,)
2025-06-01 13:55:11,939 - DEBUG - Gradient Function: x.shape = (455, 30), y.shape = (455,)
2025-06-01 13:55:11,939 - DEBUG - Compute Cost Function: x.shape=(455, 30),y.shape=(455,)
2025-06-01 13:55:11,939 - DEBUG - Gradient Function: x.shape = (455, 30), y.shape = (455,)
2025-06-01 13:55:11,940 - DEBUG - Compute Cost Function: x.shape=(455, 30),y.shape=(455,)
2025-06-01 13:55:11,940 - DEBUG - Gradient Function: x.shape = (455, 30), y.shape = (455,)
2025-06-01 13:55:11,940 - DEBUG - Compute Cost Function: x.shape=(455, 30),y.shape=(455,)
2025-06-01 13:55:11,941 - DEBUG - Gradient Function: x.shape = (455, 30), y.shape = (455,)
2025-06-01 13:55:11,941 - DEBUG - Compute Cost Function: x.shape=(455, 30),y.shape=(455,)
2025-06-01 13:55:11,941 - DEBUG - Gradient Function: x.shape = (455, 30), y.shape = (455,)
2025-06-01 13:55:11,941 - DEBUG - Compute Cost Function: x.shape=(455, 30),y.shape=(455,)
2025-06-01 13:55:11,941 - DEBUG - Gradient Function: x.shape = (455, 30), y.shape = (455,)
2025-06-01 13:55:11,941 - DEBUG - Compute Cost Function: x.shape=(455, 30),y.shape=(455,)
2025-06-01 13:55:11,941 - DEBUG - Gradient Function: x.shape = (455, 30), y.shape = (455,)
2025-06-01 13:55:11,942 - DEBUG - Compute Cost Function: x.shape=(455, 30),y.shape=(455,)
2025-06-01 13:55:11,942 - DEBUG - Gradient Function: x.shape = (455, 30), y.shape = (455,)
2025-06-01 13:55:11,942 - DEBUG - Compute Cost Function: x.shape=(455, 30),y.shape=(455,)
2025-06-01 13:55:11,942 - DEBUG - Gradient Function: x.shape = (455, 30), y.shape = (455,)
2025-06-01 13:55:11,943 - DEBUG - Compute Cost Function: x.shape=(455, 30),y.shape=(455,)
2025-06-01 13:55:11,943 - DEBUG - Gradient Function: x.shape = (455, 30), y.shape = (455,)
2025-06-01 13:55:11,943 - DEBUG - Compute Cost Function: x.shape=(455, 30),y.shape=(455,)
2025-06-01 13:55:11,943 - DEBUG - Gradient Function: x.shape = (455, 30), y.shape = (455,)
2025-06-01 13:55:11,944 - DEBUG - Compute Cost Function: x.shape=(455, 30),y.shape=(455,)
2025-06-01 13:55:11,944 - DEBUG - Gradient Function: x.shape = (455, 30), y.shape = (455,)
2025-06-01 13:55:11,944 - DEBUG - Compute Cost Function: x.shape=(455, 30),y.shape=(455,)
2025-06-01 13:55:11,944 - DEBUG - Gradient Function: x.shape = (455, 30), y.shape = (455,)
2025-06-01 13:55:11,944 - DEBUG - Compute Cost Function: x.shape=(455, 30),y.shape=(455,)
2025-06-01 13:55:11,945 - DEBUG - Gradient Function: x.shape = (455, 30), y.shape = (455,)
2025-06-01 13:55:11,945 - DEBUG - Compute Cost Function: x.shape=(455, 30),y.shape=(455,)
2025-06-01 13:55:11,945 - DEBUG - Gradient Function: x.shape = (455, 30), y.shape = (455,)
2025-06-01 13:55:11,945 - DEBUG - Compute Cost Function: x.shape=(455, 30),y.shape=(455,)
2025-06-01 13:55:11,945 - DEBUG - Gradient Function: x.shape = (455, 30), y.shape = (455,)
2025-06-01 13:55:11,946 - DEBUG - Compute Cost Function: x.shape=(455, 30),y.shape=(455,)
2025-06-01 13:55:11,946 - DEBUG - Gradient Function: x.shape = (455, 30), y.shape = (455,)
2025-06-01 13:55:11,946 - DEBUG - Compute Cost Function: x.shape=(455, 30),y.shape=(455,)
2025-06-01 13:55:11,946 - DEBUG - Gradient Function: x.shape = (455, 30), y.shape = (455,)
2025-06-01 13:55:11,946 - DEBUG - Compute Cost Function: x.shape=(455, 30),y.shape=(455,)
2025-06-01 13:55:11,947 - DEBUG - Gradient Function: x.shape = (455, 30), y.shape = (455,)
2025-06-01 13:55:11,947 - DEBUG - Compute Cost Function: x.shape=(455, 30),y.shape=(455,)
2025-06-01 13:55:11,947 - DEBUG - Gradient Function: x.shape = (455, 30), y.shape = (455,)
2025-06-01 13:55:11,947 - DEBUG - Compute Cost Function: x.shape=(455, 30),y.shape=(455,)
2025-06-01 13:55:11,947 - DEBUG - Gradient Function: x.shape = (455, 30), y.shape = (455,)
2025-06-01 13:55:11,948 - DEBUG - Compute Cost Function: x.shape=(455, 30),y.shape=(455,)
2025-06-01 13:55:11,948 - DEBUG - Gradient Function: x.shape = (455, 30), y.shape = (455,)
2025-06-01 13:55:11,948 - DEBUG - Compute Cost Function: x.shape=(455, 30),y.shape=(455,)
2025-06-01 13:55:11,948 - DEBUG - Gradient Function: x.shape = (455, 30), y.shape = (455,)
2025-06-01 13:55:11,948 - DEBUG - Compute Cost Function: x.shape=(455, 30),y.shape=(455,)
2025-06-01 13:55:11,948 - DEBUG - Gradient Function: x.shape = (455, 30), y.shape = (455,)
2025-06-01 13:55:11,948 - DEBUG - Compute Cost Function: x.shape=(455, 30),y.shape=(455,)
2025-06-01 13:55:11,948 - DEBUG - Gradient Function: x.shape = (455, 30), y.shape = (455,)
2025-06-01 13:55:11,949 - DEBUG - Compute Cost Function: x.shape=(455, 30),y.shape=(455,)
2025-06-01 13:55:11,949 - DEBUG - Gradient Function: x.shape = (455, 30), y.shape = (455,)
2025-06-01 13:55:11,949 - DEBUG - Compute Cost Function: x.shape=(455, 30),y.shape=(455,)
2025-06-01 13:55:11,949 - DEBUG - Gradient Function: x.shape = (455, 30), y.shape = (455,)
2025-06-01 13:55:11,949 - DEBUG - Compute Cost Function: x.shape=(455, 30),y.shape=(455,)
2025-06-01 13:55:11,950 - DEBUG - Gradient Function: x.shape = (455, 30), y.shape = (455,)
2025-06-01 13:55:11,950 - DEBUG - Compute Cost Function: x.shape=(455, 30),y.shape=(455,)
2025-06-01 13:55:11,950 - DEBUG - Gradient Function: x.shape = (455, 30), y.shape = (455,)
2025-06-01 13:55:11,950 - DEBUG - Compute Cost Function: x.shape=(455, 30),y.shape=(455,)
2025-06-01 13:55:11,950 - DEBUG - Gradient Function: x.shape = (455, 30), y.shape = (455,)
2025-06-01 13:55:11,951 - DEBUG - Compute Cost Function: x.shape=(455, 30),y.shape=(455,)
2025-06-01 13:55:11,951 - DEBUG - Gradient Function: x.shape = (455, 30), y.shape = (455,)
2025-06-01 13:55:11,951 - DEBUG - Compute Cost Function: x.shape=(455, 30),y.shape=(455,)
2025-06-01 13:55:11,951 - DEBUG - Gradient Function: x.shape = (455, 30), y.shape = (455,)
2025-06-01 13:55:11,951 - DEBUG - Compute Cost Function: x.shape=(455, 30),y.shape=(455,)
2025-06-01 13:55:11,952 - DEBUG - Gradient Function: x.shape = (455, 30), y.shape = (455,)
2025-06-01 13:55:11,952 - DEBUG - Compute Cost Function: x.shape=(455, 30),y.shape=(455,)
2025-06-01 13:55:11,952 - DEBUG - Gradient Function: x.shape = (455, 30), y.shape = (455,)
2025-06-01 13:55:11,952 - DEBUG - Compute Cost Function: x.shape=(455, 30),y.shape=(455,)
2025-06-01 13:55:11,952 - DEBUG - Gradient Function: x.shape = (455, 30), y.shape = (455,)
2025-06-01 13:55:11,953 - DEBUG - Compute Cost Function: x.shape=(455, 30),y.shape=(455,)
2025-06-01 13:55:11,953 - DEBUG - Gradient Function: x.shape = (455, 30), y.shape = (455,)
2025-06-01 13:55:11,953 - DEBUG - Compute Cost Function: x.shape=(455, 30),y.shape=(455,)
2025-06-01 13:55:11,953 - DEBUG - Gradient Function: x.shape = (455, 30), y.shape = (455,)
2025-06-01 13:55:11,954 - DEBUG - Compute Cost Function: x.shape=(455, 30),y.shape=(455,)
2025-06-01 13:55:11,954 - DEBUG - Gradient Function: x.shape = (455, 30), y.shape = (455,)
2025-06-01 13:55:11,954 - DEBUG - Compute Cost Function: x.shape=(455, 30),y.shape=(455,)
2025-06-01 13:55:11,954 - DEBUG - Gradient Function: x.shape = (455, 30), y.shape = (455,)
2025-06-01 13:55:11,955 - DEBUG - Compute Cost Function: x.shape=(455, 30),y.shape=(455,)
2025-06-01 13:55:11,955 - DEBUG - Gradient Function: x.shape = (455, 30), y.shape = (455,)
2025-06-01 13:55:11,955 - DEBUG - Compute Cost Function: x.shape=(455, 30),y.shape=(455,)
2025-06-01 13:55:11,955 - DEBUG - Gradient Function: x.shape = (455, 30), y.shape = (455,)
2025-06-01 13:55:11,955 - DEBUG - Compute Cost Function: x.shape=(455, 30),y.shape=(455,)
2025-06-01 13:55:11,955 - DEBUG - Gradient Function: x.shape = (455, 30), y.shape = (455,)
2025-06-01 13:55:11,956 - DEBUG - Compute Cost Function: x.shape=(455, 30),y.shape=(455,)
2025-06-01 13:55:11,956 - DEBUG - Gradient Function: x.shape = (455, 30), y.shape = (455,)
2025-06-01 13:55:11,956 - DEBUG - Compute Cost Function: x.shape=(455, 30),y.shape=(455,)
2025-06-01 13:55:11,956 - DEBUG - Gradient Function: x.shape = (455, 30), y.shape = (455,)
2025-06-01 13:55:11,956 - DEBUG - Compute Cost Function: x.shape=(455, 30),y.shape=(455,)
2025-06-01 13:55:11,956 - DEBUG - Gradient Function: x.shape = (455, 30), y.shape = (455,)
2025-06-01 13:55:11,956 - DEBUG - Compute Cost Function: x.shape=(455, 30),y.shape=(455,)
2025-06-01 13:55:11,956 - DEBUG - Gradient Function: x.shape = (455, 30), y.shape = (455,)
2025-06-01 13:55:11,957 - DEBUG - Compute Cost Function: x.shape=(455, 30),y.shape=(455,)
2025-06-01 13:55:11,957 - DEBUG - Gradient Function: x.shape = (455, 30), y.shape = (455,)
2025-06-01 13:55:11,957 - DEBUG - Compute Cost Function: x.shape=(455, 30),y.shape=(455,)
2025-06-01 13:55:11,957 - DEBUG - Gradient Function: x.shape = (455, 30), y.shape = (455,)
2025-06-01 13:55:11,957 - DEBUG - Compute Cost Function: x.shape=(455, 30),y.shape=(455,)
2025-06-01 13:55:11,957 - DEBUG - Gradient Function: x.shape = (455, 30), y.shape = (455,)
2025-06-01 13:55:11,958 - DEBUG - Compute Cost Function: x.shape=(455, 30),y.shape=(455,)
2025-06-01 13:55:11,958 - DEBUG - Gradient Function: x.shape = (455, 30), y.shape = (455,)
2025-06-01 13:55:11,958 - DEBUG - Compute Cost Function: x.shape=(455, 30),y.shape=(455,)
2025-06-01 13:55:11,958 - DEBUG - Gradient Function: x.shape = (455, 30), y.shape = (455,)
2025-06-01 13:55:11,958 - DEBUG - Compute Cost Function: x.shape=(455, 30),y.shape=(455,)
2025-06-01 13:55:11,958 - DEBUG - Gradient Function: x.shape = (455, 30), y.shape = (455,)
2025-06-01 13:55:11,959 - DEBUG - Compute Cost Function: x.shape=(455, 30),y.shape=(455,)
2025-06-01 13:55:11,959 - DEBUG - Gradient Function: x.shape = (455, 30), y.shape = (455,)
2025-06-01 13:55:11,959 - DEBUG - Compute Cost Function: x.shape=(455, 30),y.shape=(455,)
2025-06-01 13:55:11,959 - DEBUG - Gradient Function: x.shape = (455, 30), y.shape = (455,)
2025-06-01 13:55:11,960 - DEBUG - Compute Cost Function: x.shape=(455, 30),y.shape=(455,)
2025-06-01 13:55:11,960 - DEBUG - Gradient Function: x.shape = (455, 30), y.shape = (455,)
2025-06-01 13:55:11,960 - DEBUG - Compute Cost Function: x.shape=(455, 30),y.shape=(455,)
2025-06-01 13:55:11,960 - DEBUG - Gradient Function: x.shape = (455, 30), y.shape = (455,)
2025-06-01 13:55:11,960 - DEBUG - Compute Cost Function: x.shape=(455, 30),y.shape=(455,)
2025-06-01 13:55:11,960 - DEBUG - Gradient Function: x.shape = (455, 30), y.shape = (455,)
2025-06-01 13:55:11,960 - INFO - Cost after iteration 600: 0.12665413524715488
2025-06-01 13:55:11,961 - DEBUG - Compute Cost Function: x.shape=(455, 30),y.shape=(455,)
2025-06-01 13:55:11,961 - DEBUG - Gradient Function: x.shape = (455, 30), y.shape = (455,)
2025-06-01 13:55:11,961 - DEBUG - Compute Cost Function: x.shape=(455, 30),y.shape=(455,)
2025-06-01 13:55:11,961 - DEBUG - Gradient Function: x.shape = (455, 30), y.shape = (455,)
2025-06-01 13:55:11,962 - DEBUG - Compute Cost Function: x.shape=(455, 30),y.shape=(455,)
2025-06-01 13:55:11,962 - DEBUG - Gradient Function: x.shape = (455, 30), y.shape = (455,)
2025-06-01 13:55:11,962 - DEBUG - Compute Cost Function: x.shape=(455, 30),y.shape=(455,)
2025-06-01 13:55:11,962 - DEBUG - Gradient Function: x.shape = (455, 30), y.shape = (455,)
2025-06-01 13:55:11,962 - DEBUG - Compute Cost Function: x.shape=(455, 30),y.shape=(455,)
2025-06-01 13:55:11,962 - DEBUG - Gradient Function: x.shape = (455, 30), y.shape = (455,)
2025-06-01 13:55:11,963 - DEBUG - Compute Cost Function: x.shape=(455, 30),y.shape=(455,)
2025-06-01 13:55:11,963 - DEBUG - Gradient Function: x.shape = (455, 30), y.shape = (455,)
2025-06-01 13:55:11,963 - DEBUG - Compute Cost Function: x.shape=(455, 30),y.shape=(455,)
2025-06-01 13:55:11,963 - DEBUG - Gradient Function: x.shape = (455, 30), y.shape = (455,)
2025-06-01 13:55:11,963 - DEBUG - Compute Cost Function: x.shape=(455, 30),y.shape=(455,)
2025-06-01 13:55:11,963 - DEBUG - Gradient Function: x.shape = (455, 30), y.shape = (455,)
2025-06-01 13:55:11,963 - DEBUG - Compute Cost Function: x.shape=(455, 30),y.shape=(455,)
2025-06-01 13:55:11,963 - DEBUG - Gradient Function: x.shape = (455, 30), y.shape = (455,)
2025-06-01 13:55:11,964 - DEBUG - Compute Cost Function: x.shape=(455, 30),y.shape=(455,)
2025-06-01 13:55:11,964 - DEBUG - Gradient Function: x.shape = (455, 30), y.shape = (455,)
2025-06-01 13:55:11,964 - DEBUG - Compute Cost Function: x.shape=(455, 30),y.shape=(455,)
2025-06-01 13:55:11,964 - DEBUG - Gradient Function: x.shape = (455, 30), y.shape = (455,)
2025-06-01 13:55:11,964 - DEBUG - Compute Cost Function: x.shape=(455, 30),y.shape=(455,)
2025-06-01 13:55:11,964 - DEBUG - Gradient Function: x.shape = (455, 30), y.shape = (455,)
2025-06-01 13:55:11,964 - DEBUG - Compute Cost Function: x.shape=(455, 30),y.shape=(455,)
2025-06-01 13:55:11,964 - DEBUG - Gradient Function: x.shape = (455, 30), y.shape = (455,)
2025-06-01 13:55:11,965 - DEBUG - Compute Cost Function: x.shape=(455, 30),y.shape=(455,)
2025-06-01 13:55:11,965 - DEBUG - Gradient Function: x.shape = (455, 30), y.shape = (455,)
2025-06-01 13:55:11,965 - DEBUG - Compute Cost Function: x.shape=(455, 30),y.shape=(455,)
2025-06-01 13:55:11,965 - DEBUG - Gradient Function: x.shape = (455, 30), y.shape = (455,)
2025-06-01 13:55:11,965 - DEBUG - Compute Cost Function: x.shape=(455, 30),y.shape=(455,)
2025-06-01 13:55:11,965 - DEBUG - Gradient Function: x.shape = (455, 30), y.shape = (455,)
2025-06-01 13:55:11,966 - DEBUG - Compute Cost Function: x.shape=(455, 30),y.shape=(455,)
2025-06-01 13:55:11,966 - DEBUG - Gradient Function: x.shape = (455, 30), y.shape = (455,)
2025-06-01 13:55:11,966 - DEBUG - Compute Cost Function: x.shape=(455, 30),y.shape=(455,)
2025-06-01 13:55:11,966 - DEBUG - Gradient Function: x.shape = (455, 30), y.shape = (455,)
2025-06-01 13:55:11,966 - DEBUG - Compute Cost Function: x.shape=(455, 30),y.shape=(455,)
2025-06-01 13:55:11,966 - DEBUG - Gradient Function: x.shape = (455, 30), y.shape = (455,)
2025-06-01 13:55:11,967 - DEBUG - Compute Cost Function: x.shape=(455, 30),y.shape=(455,)
2025-06-01 13:55:11,967 - DEBUG - Gradient Function: x.shape = (455, 30), y.shape = (455,)
2025-06-01 13:55:11,967 - DEBUG - Compute Cost Function: x.shape=(455, 30),y.shape=(455,)
2025-06-01 13:55:11,968 - DEBUG - Gradient Function: x.shape = (455, 30), y.shape = (455,)
2025-06-01 13:55:11,968 - DEBUG - Compute Cost Function: x.shape=(455, 30),y.shape=(455,)
2025-06-01 13:55:11,968 - DEBUG - Gradient Function: x.shape = (455, 30), y.shape = (455,)
2025-06-01 13:55:11,969 - DEBUG - Compute Cost Function: x.shape=(455, 30),y.shape=(455,)
2025-06-01 13:55:11,969 - DEBUG - Gradient Function: x.shape = (455, 30), y.shape = (455,)
2025-06-01 13:55:11,969 - DEBUG - Compute Cost Function: x.shape=(455, 30),y.shape=(455,)
2025-06-01 13:55:11,969 - DEBUG - Gradient Function: x.shape = (455, 30), y.shape = (455,)
2025-06-01 13:55:11,969 - DEBUG - Compute Cost Function: x.shape=(455, 30),y.shape=(455,)
2025-06-01 13:55:11,969 - DEBUG - Gradient Function: x.shape = (455, 30), y.shape = (455,)
2025-06-01 13:55:11,970 - DEBUG - Compute Cost Function: x.shape=(455, 30),y.shape=(455,)
2025-06-01 13:55:11,970 - DEBUG - Gradient Function: x.shape = (455, 30), y.shape = (455,)
2025-06-01 13:55:11,970 - DEBUG - Compute Cost Function: x.shape=(455, 30),y.shape=(455,)
2025-06-01 13:55:11,970 - DEBUG - Gradient Function: x.shape = (455, 30), y.shape = (455,)
2025-06-01 13:55:11,970 - DEBUG - Compute Cost Function: x.shape=(455, 30),y.shape=(455,)
2025-06-01 13:55:11,970 - DEBUG - Gradient Function: x.shape = (455, 30), y.shape = (455,)
2025-06-01 13:55:11,970 - DEBUG - Compute Cost Function: x.shape=(455, 30),y.shape=(455,)
2025-06-01 13:55:11,971 - DEBUG - Gradient Function: x.shape = (455, 30), y.shape = (455,)
2025-06-01 13:55:11,971 - DEBUG - Compute Cost Function: x.shape=(455, 30),y.shape=(455,)
2025-06-01 13:55:11,971 - DEBUG - Gradient Function: x.shape = (455, 30), y.shape = (455,)
2025-06-01 13:55:11,971 - DEBUG - Compute Cost Function: x.shape=(455, 30),y.shape=(455,)
2025-06-01 13:55:11,971 - DEBUG - Gradient Function: x.shape = (455, 30), y.shape = (455,)
2025-06-01 13:55:11,971 - DEBUG - Compute Cost Function: x.shape=(455, 30),y.shape=(455,)
2025-06-01 13:55:11,971 - DEBUG - Gradient Function: x.shape = (455, 30), y.shape = (455,)
2025-06-01 13:55:11,971 - DEBUG - Compute Cost Function: x.shape=(455, 30),y.shape=(455,)
2025-06-01 13:55:11,972 - DEBUG - Gradient Function: x.shape = (455, 30), y.shape = (455,)
2025-06-01 13:55:11,972 - DEBUG - Compute Cost Function: x.shape=(455, 30),y.shape=(455,)
2025-06-01 13:55:11,972 - DEBUG - Gradient Function: x.shape = (455, 30), y.shape = (455,)
2025-06-01 13:55:11,972 - DEBUG - Compute Cost Function: x.shape=(455, 30),y.shape=(455,)
2025-06-01 13:55:11,972 - DEBUG - Gradient Function: x.shape = (455, 30), y.shape = (455,)
2025-06-01 13:55:11,972 - DEBUG - Compute Cost Function: x.shape=(455, 30),y.shape=(455,)
2025-06-01 13:55:11,972 - DEBUG - Gradient Function: x.shape = (455, 30), y.shape = (455,)
2025-06-01 13:55:11,972 - DEBUG - Compute Cost Function: x.shape=(455, 30),y.shape=(455,)
2025-06-01 13:55:11,973 - DEBUG - Gradient Function: x.shape = (455, 30), y.shape = (455,)
2025-06-01 13:55:11,973 - DEBUG - Compute Cost Function: x.shape=(455, 30),y.shape=(455,)
2025-06-01 13:55:11,973 - DEBUG - Gradient Function: x.shape = (455, 30), y.shape = (455,)
2025-06-01 13:55:11,973 - DEBUG - Compute Cost Function: x.shape=(455, 30),y.shape=(455,)
2025-06-01 13:55:11,973 - DEBUG - Gradient Function: x.shape = (455, 30), y.shape = (455,)
2025-06-01 13:55:11,973 - DEBUG - Compute Cost Function: x.shape=(455, 30),y.shape=(455,)
2025-06-01 13:55:11,973 - DEBUG - Gradient Function: x.shape = (455, 30), y.shape = (455,)
2025-06-01 13:55:11,973 - DEBUG - Compute Cost Function: x.shape=(455, 30),y.shape=(455,)
2025-06-01 13:55:11,973 - DEBUG - Gradient Function: x.shape = (455, 30), y.shape = (455,)
2025-06-01 13:55:11,974 - DEBUG - Compute Cost Function: x.shape=(455, 30),y.shape=(455,)
2025-06-01 13:55:11,974 - DEBUG - Gradient Function: x.shape = (455, 30), y.shape = (455,)
2025-06-01 13:55:11,974 - DEBUG - Compute Cost Function: x.shape=(455, 30),y.shape=(455,)
2025-06-01 13:55:11,974 - DEBUG - Gradient Function: x.shape = (455, 30), y.shape = (455,)
2025-06-01 13:55:11,974 - DEBUG - Compute Cost Function: x.shape=(455, 30),y.shape=(455,)
2025-06-01 13:55:11,975 - DEBUG - Gradient Function: x.shape = (455, 30), y.shape = (455,)
2025-06-01 13:55:11,975 - DEBUG - Compute Cost Function: x.shape=(455, 30),y.shape=(455,)
2025-06-01 13:55:11,975 - DEBUG - Gradient Function: x.shape = (455, 30), y.shape = (455,)
2025-06-01 13:55:11,976 - DEBUG - Compute Cost Function: x.shape=(455, 30),y.shape=(455,)
2025-06-01 13:55:11,976 - DEBUG - Gradient Function: x.shape = (455, 30), y.shape = (455,)
2025-06-01 13:55:11,977 - DEBUG - Compute Cost Function: x.shape=(455, 30),y.shape=(455,)
2025-06-01 13:55:11,977 - DEBUG - Gradient Function: x.shape = (455, 30), y.shape = (455,)
2025-06-01 13:55:11,977 - DEBUG - Compute Cost Function: x.shape=(455, 30),y.shape=(455,)
2025-06-01 13:55:11,977 - DEBUG - Gradient Function: x.shape = (455, 30), y.shape = (455,)
2025-06-01 13:55:11,977 - DEBUG - Compute Cost Function: x.shape=(455, 30),y.shape=(455,)
2025-06-01 13:55:11,977 - DEBUG - Gradient Function: x.shape = (455, 30), y.shape = (455,)
2025-06-01 13:55:11,978 - DEBUG - Compute Cost Function: x.shape=(455, 30),y.shape=(455,)
2025-06-01 13:55:11,978 - DEBUG - Gradient Function: x.shape = (455, 30), y.shape = (455,)
2025-06-01 13:55:11,978 - DEBUG - Compute Cost Function: x.shape=(455, 30),y.shape=(455,)
2025-06-01 13:55:11,978 - DEBUG - Gradient Function: x.shape = (455, 30), y.shape = (455,)
2025-06-01 13:55:11,978 - DEBUG - Compute Cost Function: x.shape=(455, 30),y.shape=(455,)
2025-06-01 13:55:11,978 - DEBUG - Gradient Function: x.shape = (455, 30), y.shape = (455,)
2025-06-01 13:55:11,979 - DEBUG - Compute Cost Function: x.shape=(455, 30),y.shape=(455,)
2025-06-01 13:55:11,979 - DEBUG - Gradient Function: x.shape = (455, 30), y.shape = (455,)
2025-06-01 13:55:11,979 - DEBUG - Compute Cost Function: x.shape=(455, 30),y.shape=(455,)
2025-06-01 13:55:11,979 - DEBUG - Gradient Function: x.shape = (455, 30), y.shape = (455,)
2025-06-01 13:55:11,979 - DEBUG - Compute Cost Function: x.shape=(455, 30),y.shape=(455,)
2025-06-01 13:55:11,979 - DEBUG - Gradient Function: x.shape = (455, 30), y.shape = (455,)
2025-06-01 13:55:11,980 - DEBUG - Compute Cost Function: x.shape=(455, 30),y.shape=(455,)
2025-06-01 13:55:11,980 - DEBUG - Gradient Function: x.shape = (455, 30), y.shape = (455,)
2025-06-01 13:55:11,980 - DEBUG - Compute Cost Function: x.shape=(455, 30),y.shape=(455,)
2025-06-01 13:55:11,980 - DEBUG - Gradient Function: x.shape = (455, 30), y.shape = (455,)
2025-06-01 13:55:11,980 - DEBUG - Compute Cost Function: x.shape=(455, 30),y.shape=(455,)
2025-06-01 13:55:11,981 - DEBUG - Gradient Function: x.shape = (455, 30), y.shape = (455,)
2025-06-01 13:55:11,981 - DEBUG - Compute Cost Function: x.shape=(455, 30),y.shape=(455,)
2025-06-01 13:55:11,981 - DEBUG - Gradient Function: x.shape = (455, 30), y.shape = (455,)
2025-06-01 13:55:11,981 - DEBUG - Compute Cost Function: x.shape=(455, 30),y.shape=(455,)
2025-06-01 13:55:11,981 - DEBUG - Gradient Function: x.shape = (455, 30), y.shape = (455,)
2025-06-01 13:55:11,981 - DEBUG - Compute Cost Function: x.shape=(455, 30),y.shape=(455,)
2025-06-01 13:55:11,981 - DEBUG - Gradient Function: x.shape = (455, 30), y.shape = (455,)
2025-06-01 13:55:11,982 - DEBUG - Compute Cost Function: x.shape=(455, 30),y.shape=(455,)
2025-06-01 13:55:11,982 - DEBUG - Gradient Function: x.shape = (455, 30), y.shape = (455,)
2025-06-01 13:55:11,983 - DEBUG - Compute Cost Function: x.shape=(455, 30),y.shape=(455,)
2025-06-01 13:55:11,983 - DEBUG - Gradient Function: x.shape = (455, 30), y.shape = (455,)
2025-06-01 13:55:11,983 - DEBUG - Compute Cost Function: x.shape=(455, 30),y.shape=(455,)
2025-06-01 13:55:11,984 - DEBUG - Gradient Function: x.shape = (455, 30), y.shape = (455,)
2025-06-01 13:55:11,984 - DEBUG - Compute Cost Function: x.shape=(455, 30),y.shape=(455,)
2025-06-01 13:55:11,984 - DEBUG - Gradient Function: x.shape = (455, 30), y.shape = (455,)
2025-06-01 13:55:11,984 - DEBUG - Compute Cost Function: x.shape=(455, 30),y.shape=(455,)
2025-06-01 13:55:11,984 - DEBUG - Gradient Function: x.shape = (455, 30), y.shape = (455,)
2025-06-01 13:55:11,984 - DEBUG - Compute Cost Function: x.shape=(455, 30),y.shape=(455,)
2025-06-01 13:55:11,985 - DEBUG - Gradient Function: x.shape = (455, 30), y.shape = (455,)
2025-06-01 13:55:11,985 - DEBUG - Compute Cost Function: x.shape=(455, 30),y.shape=(455,)
2025-06-01 13:55:11,985 - DEBUG - Gradient Function: x.shape = (455, 30), y.shape = (455,)
2025-06-01 13:55:11,985 - DEBUG - Compute Cost Function: x.shape=(455, 30),y.shape=(455,)
2025-06-01 13:55:11,985 - DEBUG - Gradient Function: x.shape = (455, 30), y.shape = (455,)
2025-06-01 13:55:11,986 - DEBUG - Compute Cost Function: x.shape=(455, 30),y.shape=(455,)
2025-06-01 13:55:11,986 - DEBUG - Gradient Function: x.shape = (455, 30), y.shape = (455,)
2025-06-01 13:55:11,987 - DEBUG - Compute Cost Function: x.shape=(455, 30),y.shape=(455,)
2025-06-01 13:55:11,987 - DEBUG - Gradient Function: x.shape = (455, 30), y.shape = (455,)
2025-06-01 13:55:11,987 - DEBUG - Compute Cost Function: x.shape=(455, 30),y.shape=(455,)
2025-06-01 13:55:11,987 - DEBUG - Gradient Function: x.shape = (455, 30), y.shape = (455,)
2025-06-01 13:55:11,987 - DEBUG - Compute Cost Function: x.shape=(455, 30),y.shape=(455,)
2025-06-01 13:55:11,987 - DEBUG - Gradient Function: x.shape = (455, 30), y.shape = (455,)
2025-06-01 13:55:11,988 - DEBUG - Compute Cost Function: x.shape=(455, 30),y.shape=(455,)
2025-06-01 13:55:11,988 - DEBUG - Gradient Function: x.shape = (455, 30), y.shape = (455,)
2025-06-01 13:55:11,988 - DEBUG - Compute Cost Function: x.shape=(455, 30),y.shape=(455,)
2025-06-01 13:55:11,988 - DEBUG - Gradient Function: x.shape = (455, 30), y.shape = (455,)
2025-06-01 13:55:11,988 - DEBUG - Compute Cost Function: x.shape=(455, 30),y.shape=(455,)
2025-06-01 13:55:11,988 - DEBUG - Gradient Function: x.shape = (455, 30), y.shape = (455,)
2025-06-01 13:55:11,989 - DEBUG - Compute Cost Function: x.shape=(455, 30),y.shape=(455,)
2025-06-01 13:55:11,989 - DEBUG - Gradient Function: x.shape = (455, 30), y.shape = (455,)
2025-06-01 13:55:11,989 - DEBUG - Compute Cost Function: x.shape=(455, 30),y.shape=(455,)
2025-06-01 13:55:11,989 - DEBUG - Gradient Function: x.shape = (455, 30), y.shape = (455,)
2025-06-01 13:55:11,989 - DEBUG - Compute Cost Function: x.shape=(455, 30),y.shape=(455,)
2025-06-01 13:55:11,990 - DEBUG - Gradient Function: x.shape = (455, 30), y.shape = (455,)
2025-06-01 13:55:11,990 - DEBUG - Compute Cost Function: x.shape=(455, 30),y.shape=(455,)
2025-06-01 13:55:11,990 - DEBUG - Gradient Function: x.shape = (455, 30), y.shape = (455,)
2025-06-01 13:55:11,990 - DEBUG - Compute Cost Function: x.shape=(455, 30),y.shape=(455,)
2025-06-01 13:55:11,990 - DEBUG - Gradient Function: x.shape = (455, 30), y.shape = (455,)
2025-06-01 13:55:11,991 - DEBUG - Compute Cost Function: x.shape=(455, 30),y.shape=(455,)
2025-06-01 13:55:11,991 - DEBUG - Gradient Function: x.shape = (455, 30), y.shape = (455,)
2025-06-01 13:55:11,991 - DEBUG - Compute Cost Function: x.shape=(455, 30),y.shape=(455,)
2025-06-01 13:55:11,991 - DEBUG - Gradient Function: x.shape = (455, 30), y.shape = (455,)
2025-06-01 13:55:11,992 - DEBUG - Compute Cost Function: x.shape=(455, 30),y.shape=(455,)
2025-06-01 13:55:11,992 - DEBUG - Gradient Function: x.shape = (455, 30), y.shape = (455,)
2025-06-01 13:55:11,992 - DEBUG - Compute Cost Function: x.shape=(455, 30),y.shape=(455,)
2025-06-01 13:55:11,992 - DEBUG - Gradient Function: x.shape = (455, 30), y.shape = (455,)
2025-06-01 13:55:11,993 - DEBUG - Compute Cost Function: x.shape=(455, 30),y.shape=(455,)
2025-06-01 13:55:11,993 - DEBUG - Gradient Function: x.shape = (455, 30), y.shape = (455,)
2025-06-01 13:55:11,993 - DEBUG - Compute Cost Function: x.shape=(455, 30),y.shape=(455,)
2025-06-01 13:55:11,994 - DEBUG - Gradient Function: x.shape = (455, 30), y.shape = (455,)
2025-06-01 13:55:11,994 - DEBUG - Compute Cost Function: x.shape=(455, 30),y.shape=(455,)
2025-06-01 13:55:11,994 - DEBUG - Gradient Function: x.shape = (455, 30), y.shape = (455,)
2025-06-01 13:55:11,994 - DEBUG - Compute Cost Function: x.shape=(455, 30),y.shape=(455,)
2025-06-01 13:55:11,994 - DEBUG - Gradient Function: x.shape = (455, 30), y.shape = (455,)
2025-06-01 13:55:11,995 - DEBUG - Compute Cost Function: x.shape=(455, 30),y.shape=(455,)
2025-06-01 13:55:11,995 - DEBUG - Gradient Function: x.shape = (455, 30), y.shape = (455,)
2025-06-01 13:55:11,995 - DEBUG - Compute Cost Function: x.shape=(455, 30),y.shape=(455,)
2025-06-01 13:55:11,995 - DEBUG - Gradient Function: x.shape = (455, 30), y.shape = (455,)
2025-06-01 13:55:11,995 - DEBUG - Compute Cost Function: x.shape=(455, 30),y.shape=(455,)
2025-06-01 13:55:11,995 - DEBUG - Gradient Function: x.shape = (455, 30), y.shape = (455,)
2025-06-01 13:55:11,996 - DEBUG - Compute Cost Function: x.shape=(455, 30),y.shape=(455,)
2025-06-01 13:55:11,996 - DEBUG - Gradient Function: x.shape = (455, 30), y.shape = (455,)
2025-06-01 13:55:11,996 - DEBUG - Compute Cost Function: x.shape=(455, 30),y.shape=(455,)
2025-06-01 13:55:11,996 - DEBUG - Gradient Function: x.shape = (455, 30), y.shape = (455,)
2025-06-01 13:55:11,997 - DEBUG - Compute Cost Function: x.shape=(455, 30),y.shape=(455,)
2025-06-01 13:55:11,997 - DEBUG - Gradient Function: x.shape = (455, 30), y.shape = (455,)
2025-06-01 13:55:11,997 - DEBUG - Compute Cost Function: x.shape=(455, 30),y.shape=(455,)
2025-06-01 13:55:11,997 - DEBUG - Gradient Function: x.shape = (455, 30), y.shape = (455,)
2025-06-01 13:55:11,998 - DEBUG - Compute Cost Function: x.shape=(455, 30),y.shape=(455,)
2025-06-01 13:55:11,998 - DEBUG - Gradient Function: x.shape = (455, 30), y.shape = (455,)
2025-06-01 13:55:11,998 - DEBUG - Compute Cost Function: x.shape=(455, 30),y.shape=(455,)
2025-06-01 13:55:11,998 - DEBUG - Gradient Function: x.shape = (455, 30), y.shape = (455,)
2025-06-01 13:55:11,998 - DEBUG - Compute Cost Function: x.shape=(455, 30),y.shape=(455,)
2025-06-01 13:55:11,999 - DEBUG - Gradient Function: x.shape = (455, 30), y.shape = (455,)
2025-06-01 13:55:11,999 - DEBUG - Compute Cost Function: x.shape=(455, 30),y.shape=(455,)
2025-06-01 13:55:11,999 - DEBUG - Gradient Function: x.shape = (455, 30), y.shape = (455,)
2025-06-01 13:55:11,999 - INFO - Cost after iteration 700: 0.12017627062877675
2025-06-01 13:55:11,999 - DEBUG - Compute Cost Function: x.shape=(455, 30),y.shape=(455,)
2025-06-01 13:55:11,999 - DEBUG - Gradient Function: x.shape = (455, 30), y.shape = (455,)
2025-06-01 13:55:12,000 - DEBUG - Compute Cost Function: x.shape=(455, 30),y.shape=(455,)
2025-06-01 13:55:12,000 - DEBUG - Gradient Function: x.shape = (455, 30), y.shape = (455,)
2025-06-01 13:55:12,000 - DEBUG - Compute Cost Function: x.shape=(455, 30),y.shape=(455,)
2025-06-01 13:55:12,000 - DEBUG - Gradient Function: x.shape = (455, 30), y.shape = (455,)
2025-06-01 13:55:12,000 - DEBUG - Compute Cost Function: x.shape=(455, 30),y.shape=(455,)
2025-06-01 13:55:12,000 - DEBUG - Gradient Function: x.shape = (455, 30), y.shape = (455,)
2025-06-01 13:55:12,001 - DEBUG - Compute Cost Function: x.shape=(455, 30),y.shape=(455,)
2025-06-01 13:55:12,001 - DEBUG - Gradient Function: x.shape = (455, 30), y.shape = (455,)
2025-06-01 13:55:12,001 - DEBUG - Compute Cost Function: x.shape=(455, 30),y.shape=(455,)
2025-06-01 13:55:12,001 - DEBUG - Gradient Function: x.shape = (455, 30), y.shape = (455,)
2025-06-01 13:55:12,001 - DEBUG - Compute Cost Function: x.shape=(455, 30),y.shape=(455,)
2025-06-01 13:55:12,001 - DEBUG - Gradient Function: x.shape = (455, 30), y.shape = (455,)
2025-06-01 13:55:12,002 - DEBUG - Compute Cost Function: x.shape=(455, 30),y.shape=(455,)
2025-06-01 13:55:12,002 - DEBUG - Gradient Function: x.shape = (455, 30), y.shape = (455,)
2025-06-01 13:55:12,002 - DEBUG - Compute Cost Function: x.shape=(455, 30),y.shape=(455,)
2025-06-01 13:55:12,002 - DEBUG - Gradient Function: x.shape = (455, 30), y.shape = (455,)
2025-06-01 13:55:12,002 - DEBUG - Compute Cost Function: x.shape=(455, 30),y.shape=(455,)
2025-06-01 13:55:12,003 - DEBUG - Gradient Function: x.shape = (455, 30), y.shape = (455,)
2025-06-01 13:55:12,003 - DEBUG - Compute Cost Function: x.shape=(455, 30),y.shape=(455,)
2025-06-01 13:55:12,003 - DEBUG - Gradient Function: x.shape = (455, 30), y.shape = (455,)
2025-06-01 13:55:12,004 - DEBUG - Compute Cost Function: x.shape=(455, 30),y.shape=(455,)
2025-06-01 13:55:12,004 - DEBUG - Gradient Function: x.shape = (455, 30), y.shape = (455,)
2025-06-01 13:55:12,004 - DEBUG - Compute Cost Function: x.shape=(455, 30),y.shape=(455,)
2025-06-01 13:55:12,004 - DEBUG - Gradient Function: x.shape = (455, 30), y.shape = (455,)
2025-06-01 13:55:12,004 - DEBUG - Compute Cost Function: x.shape=(455, 30),y.shape=(455,)
2025-06-01 13:55:12,005 - DEBUG - Gradient Function: x.shape = (455, 30), y.shape = (455,)
2025-06-01 13:55:12,005 - DEBUG - Compute Cost Function: x.shape=(455, 30),y.shape=(455,)
2025-06-01 13:55:12,005 - DEBUG - Gradient Function: x.shape = (455, 30), y.shape = (455,)
2025-06-01 13:55:12,005 - DEBUG - Compute Cost Function: x.shape=(455, 30),y.shape=(455,)
2025-06-01 13:55:12,005 - DEBUG - Gradient Function: x.shape = (455, 30), y.shape = (455,)
2025-06-01 13:55:12,006 - DEBUG - Compute Cost Function: x.shape=(455, 30),y.shape=(455,)
2025-06-01 13:55:12,006 - DEBUG - Gradient Function: x.shape = (455, 30), y.shape = (455,)
2025-06-01 13:55:12,006 - DEBUG - Compute Cost Function: x.shape=(455, 30),y.shape=(455,)
2025-06-01 13:55:12,006 - DEBUG - Gradient Function: x.shape = (455, 30), y.shape = (455,)
2025-06-01 13:55:12,006 - DEBUG - Compute Cost Function: x.shape=(455, 30),y.shape=(455,)
2025-06-01 13:55:12,006 - DEBUG - Gradient Function: x.shape = (455, 30), y.shape = (455,)
2025-06-01 13:55:12,007 - DEBUG - Compute Cost Function: x.shape=(455, 30),y.shape=(455,)
2025-06-01 13:55:12,007 - DEBUG - Gradient Function: x.shape = (455, 30), y.shape = (455,)
2025-06-01 13:55:12,007 - DEBUG - Compute Cost Function: x.shape=(455, 30),y.shape=(455,)
2025-06-01 13:55:12,007 - DEBUG - Gradient Function: x.shape = (455, 30), y.shape = (455,)
2025-06-01 13:55:12,007 - DEBUG - Compute Cost Function: x.shape=(455, 30),y.shape=(455,)
2025-06-01 13:55:12,007 - DEBUG - Gradient Function: x.shape = (455, 30), y.shape = (455,)
2025-06-01 13:55:12,008 - DEBUG - Compute Cost Function: x.shape=(455, 30),y.shape=(455,)
2025-06-01 13:55:12,008 - DEBUG - Gradient Function: x.shape = (455, 30), y.shape = (455,)
2025-06-01 13:55:12,008 - DEBUG - Compute Cost Function: x.shape=(455, 30),y.shape=(455,)
2025-06-01 13:55:12,008 - DEBUG - Gradient Function: x.shape = (455, 30), y.shape = (455,)
2025-06-01 13:55:12,008 - DEBUG - Compute Cost Function: x.shape=(455, 30),y.shape=(455,)
2025-06-01 13:55:12,008 - DEBUG - Gradient Function: x.shape = (455, 30), y.shape = (455,)
2025-06-01 13:55:12,009 - DEBUG - Compute Cost Function: x.shape=(455, 30),y.shape=(455,)
2025-06-01 13:55:12,009 - DEBUG - Gradient Function: x.shape = (455, 30), y.shape = (455,)
2025-06-01 13:55:12,009 - DEBUG - Compute Cost Function: x.shape=(455, 30),y.shape=(455,)
2025-06-01 13:55:12,009 - DEBUG - Gradient Function: x.shape = (455, 30), y.shape = (455,)
2025-06-01 13:55:12,009 - DEBUG - Compute Cost Function: x.shape=(455, 30),y.shape=(455,)
2025-06-01 13:55:12,009 - DEBUG - Gradient Function: x.shape = (455, 30), y.shape = (455,)
2025-06-01 13:55:12,009 - DEBUG - Compute Cost Function: x.shape=(455, 30),y.shape=(455,)
2025-06-01 13:55:12,009 - DEBUG - Gradient Function: x.shape = (455, 30), y.shape = (455,)
2025-06-01 13:55:12,011 - DEBUG - Compute Cost Function: x.shape=(455, 30),y.shape=(455,)
2025-06-01 13:55:12,011 - DEBUG - Gradient Function: x.shape = (455, 30), y.shape = (455,)
2025-06-01 13:55:12,011 - DEBUG - Compute Cost Function: x.shape=(455, 30),y.shape=(455,)
2025-06-01 13:55:12,011 - DEBUG - Gradient Function: x.shape = (455, 30), y.shape = (455,)
2025-06-01 13:55:12,012 - DEBUG - Compute Cost Function: x.shape=(455, 30),y.shape=(455,)
2025-06-01 13:55:12,012 - DEBUG - Gradient Function: x.shape = (455, 30), y.shape = (455,)
2025-06-01 13:55:12,012 - DEBUG - Compute Cost Function: x.shape=(455, 30),y.shape=(455,)
2025-06-01 13:55:12,012 - DEBUG - Gradient Function: x.shape = (455, 30), y.shape = (455,)
2025-06-01 13:55:12,013 - DEBUG - Compute Cost Function: x.shape=(455, 30),y.shape=(455,)
2025-06-01 13:55:12,013 - DEBUG - Gradient Function: x.shape = (455, 30), y.shape = (455,)
2025-06-01 13:55:12,013 - DEBUG - Compute Cost Function: x.shape=(455, 30),y.shape=(455,)
2025-06-01 13:55:12,013 - DEBUG - Gradient Function: x.shape = (455, 30), y.shape = (455,)
2025-06-01 13:55:12,013 - DEBUG - Compute Cost Function: x.shape=(455, 30),y.shape=(455,)
2025-06-01 13:55:12,013 - DEBUG - Gradient Function: x.shape = (455, 30), y.shape = (455,)
2025-06-01 13:55:12,014 - DEBUG - Compute Cost Function: x.shape=(455, 30),y.shape=(455,)
2025-06-01 13:55:12,014 - DEBUG - Gradient Function: x.shape = (455, 30), y.shape = (455,)
2025-06-01 13:55:12,014 - DEBUG - Compute Cost Function: x.shape=(455, 30),y.shape=(455,)
2025-06-01 13:55:12,014 - DEBUG - Gradient Function: x.shape = (455, 30), y.shape = (455,)
2025-06-01 13:55:12,014 - DEBUG - Compute Cost Function: x.shape=(455, 30),y.shape=(455,)
2025-06-01 13:55:12,014 - DEBUG - Gradient Function: x.shape = (455, 30), y.shape = (455,)
2025-06-01 13:55:12,015 - DEBUG - Compute Cost Function: x.shape=(455, 30),y.shape=(455,)
2025-06-01 13:55:12,015 - DEBUG - Gradient Function: x.shape = (455, 30), y.shape = (455,)
2025-06-01 13:55:12,015 - DEBUG - Compute Cost Function: x.shape=(455, 30),y.shape=(455,)
2025-06-01 13:55:12,015 - DEBUG - Gradient Function: x.shape = (455, 30), y.shape = (455,)
2025-06-01 13:55:12,015 - DEBUG - Compute Cost Function: x.shape=(455, 30),y.shape=(455,)
2025-06-01 13:55:12,015 - DEBUG - Gradient Function: x.shape = (455, 30), y.shape = (455,)
2025-06-01 13:55:12,016 - DEBUG - Compute Cost Function: x.shape=(455, 30),y.shape=(455,)
2025-06-01 13:55:12,016 - DEBUG - Gradient Function: x.shape = (455, 30), y.shape = (455,)
2025-06-01 13:55:12,016 - DEBUG - Compute Cost Function: x.shape=(455, 30),y.shape=(455,)
2025-06-01 13:55:12,016 - DEBUG - Gradient Function: x.shape = (455, 30), y.shape = (455,)
2025-06-01 13:55:12,016 - DEBUG - Compute Cost Function: x.shape=(455, 30),y.shape=(455,)
2025-06-01 13:55:12,016 - DEBUG - Gradient Function: x.shape = (455, 30), y.shape = (455,)
2025-06-01 13:55:12,016 - DEBUG - Compute Cost Function: x.shape=(455, 30),y.shape=(455,)
2025-06-01 13:55:12,017 - DEBUG - Gradient Function: x.shape = (455, 30), y.shape = (455,)
2025-06-01 13:55:12,017 - DEBUG - Compute Cost Function: x.shape=(455, 30),y.shape=(455,)
2025-06-01 13:55:12,017 - DEBUG - Gradient Function: x.shape = (455, 30), y.shape = (455,)
2025-06-01 13:55:12,018 - DEBUG - Compute Cost Function: x.shape=(455, 30),y.shape=(455,)
2025-06-01 13:55:12,018 - DEBUG - Gradient Function: x.shape = (455, 30), y.shape = (455,)
2025-06-01 13:55:12,018 - DEBUG - Compute Cost Function: x.shape=(455, 30),y.shape=(455,)
2025-06-01 13:55:12,018 - DEBUG - Gradient Function: x.shape = (455, 30), y.shape = (455,)
2025-06-01 13:55:12,018 - DEBUG - Compute Cost Function: x.shape=(455, 30),y.shape=(455,)
2025-06-01 13:55:12,018 - DEBUG - Gradient Function: x.shape = (455, 30), y.shape = (455,)
2025-06-01 13:55:12,019 - DEBUG - Compute Cost Function: x.shape=(455, 30),y.shape=(455,)
2025-06-01 13:55:12,019 - DEBUG - Gradient Function: x.shape = (455, 30), y.shape = (455,)
2025-06-01 13:55:12,019 - DEBUG - Compute Cost Function: x.shape=(455, 30),y.shape=(455,)
2025-06-01 13:55:12,019 - DEBUG - Gradient Function: x.shape = (455, 30), y.shape = (455,)
2025-06-01 13:55:12,020 - DEBUG - Compute Cost Function: x.shape=(455, 30),y.shape=(455,)
2025-06-01 13:55:12,020 - DEBUG - Gradient Function: x.shape = (455, 30), y.shape = (455,)
2025-06-01 13:55:12,020 - DEBUG - Compute Cost Function: x.shape=(455, 30),y.shape=(455,)
2025-06-01 13:55:12,020 - DEBUG - Gradient Function: x.shape = (455, 30), y.shape = (455,)
2025-06-01 13:55:12,020 - DEBUG - Compute Cost Function: x.shape=(455, 30),y.shape=(455,)
2025-06-01 13:55:12,020 - DEBUG - Gradient Function: x.shape = (455, 30), y.shape = (455,)
2025-06-01 13:55:12,020 - DEBUG - Compute Cost Function: x.shape=(455, 30),y.shape=(455,)
2025-06-01 13:55:12,021 - DEBUG - Gradient Function: x.shape = (455, 30), y.shape = (455,)
2025-06-01 13:55:12,021 - DEBUG - Compute Cost Function: x.shape=(455, 30),y.shape=(455,)
2025-06-01 13:55:12,021 - DEBUG - Gradient Function: x.shape = (455, 30), y.shape = (455,)
2025-06-01 13:55:12,021 - DEBUG - Compute Cost Function: x.shape=(455, 30),y.shape=(455,)
2025-06-01 13:55:12,021 - DEBUG - Gradient Function: x.shape = (455, 30), y.shape = (455,)
2025-06-01 13:55:12,022 - DEBUG - Compute Cost Function: x.shape=(455, 30),y.shape=(455,)
2025-06-01 13:55:12,022 - DEBUG - Gradient Function: x.shape = (455, 30), y.shape = (455,)
2025-06-01 13:55:12,022 - DEBUG - Compute Cost Function: x.shape=(455, 30),y.shape=(455,)
2025-06-01 13:55:12,022 - DEBUG - Gradient Function: x.shape = (455, 30), y.shape = (455,)
2025-06-01 13:55:12,023 - DEBUG - Compute Cost Function: x.shape=(455, 30),y.shape=(455,)
2025-06-01 13:55:12,023 - DEBUG - Gradient Function: x.shape = (455, 30), y.shape = (455,)
2025-06-01 13:55:12,023 - DEBUG - Compute Cost Function: x.shape=(455, 30),y.shape=(455,)
2025-06-01 13:55:12,023 - DEBUG - Gradient Function: x.shape = (455, 30), y.shape = (455,)
2025-06-01 13:55:12,023 - DEBUG - Compute Cost Function: x.shape=(455, 30),y.shape=(455,)
2025-06-01 13:55:12,023 - DEBUG - Gradient Function: x.shape = (455, 30), y.shape = (455,)
2025-06-01 13:55:12,024 - DEBUG - Compute Cost Function: x.shape=(455, 30),y.shape=(455,)
2025-06-01 13:55:12,024 - DEBUG - Gradient Function: x.shape = (455, 30), y.shape = (455,)
2025-06-01 13:55:12,024 - DEBUG - Compute Cost Function: x.shape=(455, 30),y.shape=(455,)
2025-06-01 13:55:12,024 - DEBUG - Gradient Function: x.shape = (455, 30), y.shape = (455,)
2025-06-01 13:55:12,025 - DEBUG - Compute Cost Function: x.shape=(455, 30),y.shape=(455,)
2025-06-01 13:55:12,025 - DEBUG - Gradient Function: x.shape = (455, 30), y.shape = (455,)
2025-06-01 13:55:12,025 - DEBUG - Compute Cost Function: x.shape=(455, 30),y.shape=(455,)
2025-06-01 13:55:12,025 - DEBUG - Gradient Function: x.shape = (455, 30), y.shape = (455,)
2025-06-01 13:55:12,026 - DEBUG - Compute Cost Function: x.shape=(455, 30),y.shape=(455,)
2025-06-01 13:55:12,026 - DEBUG - Gradient Function: x.shape = (455, 30), y.shape = (455,)
2025-06-01 13:55:12,026 - DEBUG - Compute Cost Function: x.shape=(455, 30),y.shape=(455,)
2025-06-01 13:55:12,026 - DEBUG - Gradient Function: x.shape = (455, 30), y.shape = (455,)
2025-06-01 13:55:12,026 - DEBUG - Compute Cost Function: x.shape=(455, 30),y.shape=(455,)
2025-06-01 13:55:12,026 - DEBUG - Gradient Function: x.shape = (455, 30), y.shape = (455,)
2025-06-01 13:55:12,026 - DEBUG - Compute Cost Function: x.shape=(455, 30),y.shape=(455,)
2025-06-01 13:55:12,026 - DEBUG - Gradient Function: x.shape = (455, 30), y.shape = (455,)
2025-06-01 13:55:12,027 - DEBUG - Compute Cost Function: x.shape=(455, 30),y.shape=(455,)
2025-06-01 13:55:12,027 - DEBUG - Gradient Function: x.shape = (455, 30), y.shape = (455,)
2025-06-01 13:55:12,027 - DEBUG - Compute Cost Function: x.shape=(455, 30),y.shape=(455,)
2025-06-01 13:55:12,027 - DEBUG - Gradient Function: x.shape = (455, 30), y.shape = (455,)
2025-06-01 13:55:12,027 - DEBUG - Compute Cost Function: x.shape=(455, 30),y.shape=(455,)
2025-06-01 13:55:12,028 - DEBUG - Gradient Function: x.shape = (455, 30), y.shape = (455,)
2025-06-01 13:55:12,028 - DEBUG - Compute Cost Function: x.shape=(455, 30),y.shape=(455,)
2025-06-01 13:55:12,028 - DEBUG - Gradient Function: x.shape = (455, 30), y.shape = (455,)
2025-06-01 13:55:12,028 - DEBUG - Compute Cost Function: x.shape=(455, 30),y.shape=(455,)
2025-06-01 13:55:12,028 - DEBUG - Gradient Function: x.shape = (455, 30), y.shape = (455,)
2025-06-01 13:55:12,028 - DEBUG - Compute Cost Function: x.shape=(455, 30),y.shape=(455,)
2025-06-01 13:55:12,028 - DEBUG - Gradient Function: x.shape = (455, 30), y.shape = (455,)
2025-06-01 13:55:12,029 - DEBUG - Compute Cost Function: x.shape=(455, 30),y.shape=(455,)
2025-06-01 13:55:12,029 - DEBUG - Gradient Function: x.shape = (455, 30), y.shape = (455,)
2025-06-01 13:55:12,029 - DEBUG - Compute Cost Function: x.shape=(455, 30),y.shape=(455,)
2025-06-01 13:55:12,029 - DEBUG - Gradient Function: x.shape = (455, 30), y.shape = (455,)
2025-06-01 13:55:12,029 - DEBUG - Compute Cost Function: x.shape=(455, 30),y.shape=(455,)
2025-06-01 13:55:12,030 - DEBUG - Gradient Function: x.shape = (455, 30), y.shape = (455,)
2025-06-01 13:55:12,030 - DEBUG - Compute Cost Function: x.shape=(455, 30),y.shape=(455,)
2025-06-01 13:55:12,030 - DEBUG - Gradient Function: x.shape = (455, 30), y.shape = (455,)
2025-06-01 13:55:12,030 - DEBUG - Compute Cost Function: x.shape=(455, 30),y.shape=(455,)
2025-06-01 13:55:12,030 - DEBUG - Gradient Function: x.shape = (455, 30), y.shape = (455,)
2025-06-01 13:55:12,030 - DEBUG - Compute Cost Function: x.shape=(455, 30),y.shape=(455,)
2025-06-01 13:55:12,031 - DEBUG - Gradient Function: x.shape = (455, 30), y.shape = (455,)
2025-06-01 13:55:12,031 - DEBUG - Compute Cost Function: x.shape=(455, 30),y.shape=(455,)
2025-06-01 13:55:12,031 - DEBUG - Gradient Function: x.shape = (455, 30), y.shape = (455,)
2025-06-01 13:55:12,031 - DEBUG - Compute Cost Function: x.shape=(455, 30),y.shape=(455,)
2025-06-01 13:55:12,031 - DEBUG - Gradient Function: x.shape = (455, 30), y.shape = (455,)
2025-06-01 13:55:12,032 - DEBUG - Compute Cost Function: x.shape=(455, 30),y.shape=(455,)
2025-06-01 13:55:12,032 - DEBUG - Gradient Function: x.shape = (455, 30), y.shape = (455,)
2025-06-01 13:55:12,032 - DEBUG - Compute Cost Function: x.shape=(455, 30),y.shape=(455,)
2025-06-01 13:55:12,032 - DEBUG - Gradient Function: x.shape = (455, 30), y.shape = (455,)
2025-06-01 13:55:12,032 - DEBUG - Compute Cost Function: x.shape=(455, 30),y.shape=(455,)
2025-06-01 13:55:12,033 - DEBUG - Gradient Function: x.shape = (455, 30), y.shape = (455,)
2025-06-01 13:55:12,033 - DEBUG - Compute Cost Function: x.shape=(455, 30),y.shape=(455,)
2025-06-01 13:55:12,033 - DEBUG - Gradient Function: x.shape = (455, 30), y.shape = (455,)
2025-06-01 13:55:12,033 - DEBUG - Compute Cost Function: x.shape=(455, 30),y.shape=(455,)
2025-06-01 13:55:12,033 - DEBUG - Gradient Function: x.shape = (455, 30), y.shape = (455,)
2025-06-01 13:55:12,033 - DEBUG - Compute Cost Function: x.shape=(455, 30),y.shape=(455,)
2025-06-01 13:55:12,034 - DEBUG - Gradient Function: x.shape = (455, 30), y.shape = (455,)
2025-06-01 13:55:12,034 - DEBUG - Compute Cost Function: x.shape=(455, 30),y.shape=(455,)
2025-06-01 13:55:12,034 - DEBUG - Gradient Function: x.shape = (455, 30), y.shape = (455,)
2025-06-01 13:55:12,034 - DEBUG - Compute Cost Function: x.shape=(455, 30),y.shape=(455,)
2025-06-01 13:55:12,034 - DEBUG - Gradient Function: x.shape = (455, 30), y.shape = (455,)
2025-06-01 13:55:12,035 - DEBUG - Compute Cost Function: x.shape=(455, 30),y.shape=(455,)
2025-06-01 13:55:12,035 - DEBUG - Gradient Function: x.shape = (455, 30), y.shape = (455,)
2025-06-01 13:55:12,035 - DEBUG - Compute Cost Function: x.shape=(455, 30),y.shape=(455,)
2025-06-01 13:55:12,035 - DEBUG - Gradient Function: x.shape = (455, 30), y.shape = (455,)
2025-06-01 13:55:12,035 - DEBUG - Compute Cost Function: x.shape=(455, 30),y.shape=(455,)
2025-06-01 13:55:12,035 - DEBUG - Gradient Function: x.shape = (455, 30), y.shape = (455,)
2025-06-01 13:55:12,036 - DEBUG - Compute Cost Function: x.shape=(455, 30),y.shape=(455,)
2025-06-01 13:55:12,036 - DEBUG - Gradient Function: x.shape = (455, 30), y.shape = (455,)
2025-06-01 13:55:12,036 - DEBUG - Compute Cost Function: x.shape=(455, 30),y.shape=(455,)
2025-06-01 13:55:12,036 - DEBUG - Gradient Function: x.shape = (455, 30), y.shape = (455,)
2025-06-01 13:55:12,036 - DEBUG - Compute Cost Function: x.shape=(455, 30),y.shape=(455,)
2025-06-01 13:55:12,036 - DEBUG - Gradient Function: x.shape = (455, 30), y.shape = (455,)
2025-06-01 13:55:12,036 - DEBUG - Compute Cost Function: x.shape=(455, 30),y.shape=(455,)
2025-06-01 13:55:12,036 - DEBUG - Gradient Function: x.shape = (455, 30), y.shape = (455,)
2025-06-01 13:55:12,037 - INFO - Cost after iteration 800: 0.11497872280901868
2025-06-01 13:55:12,037 - DEBUG - Compute Cost Function: x.shape=(455, 30),y.shape=(455,)
2025-06-01 13:55:12,037 - DEBUG - Gradient Function: x.shape = (455, 30), y.shape = (455,)
2025-06-01 13:55:12,037 - DEBUG - Compute Cost Function: x.shape=(455, 30),y.shape=(455,)
2025-06-01 13:55:12,037 - DEBUG - Gradient Function: x.shape = (455, 30), y.shape = (455,)
2025-06-01 13:55:12,037 - DEBUG - Compute Cost Function: x.shape=(455, 30),y.shape=(455,)
2025-06-01 13:55:12,037 - DEBUG - Gradient Function: x.shape = (455, 30), y.shape = (455,)
2025-06-01 13:55:12,038 - DEBUG - Compute Cost Function: x.shape=(455, 30),y.shape=(455,)
2025-06-01 13:55:12,038 - DEBUG - Gradient Function: x.shape = (455, 30), y.shape = (455,)
2025-06-01 13:55:12,039 - DEBUG - Compute Cost Function: x.shape=(455, 30),y.shape=(455,)
2025-06-01 13:55:12,039 - DEBUG - Gradient Function: x.shape = (455, 30), y.shape = (455,)
2025-06-01 13:55:12,039 - DEBUG - Compute Cost Function: x.shape=(455, 30),y.shape=(455,)
2025-06-01 13:55:12,040 - DEBUG - Gradient Function: x.shape = (455, 30), y.shape = (455,)
2025-06-01 13:55:12,043 - DEBUG - Compute Cost Function: x.shape=(455, 30),y.shape=(455,)
2025-06-01 13:55:12,043 - DEBUG - Gradient Function: x.shape = (455, 30), y.shape = (455,)
2025-06-01 13:55:12,043 - DEBUG - Compute Cost Function: x.shape=(455, 30),y.shape=(455,)
2025-06-01 13:55:12,043 - DEBUG - Gradient Function: x.shape = (455, 30), y.shape = (455,)
2025-06-01 13:55:12,045 - DEBUG - Compute Cost Function: x.shape=(455, 30),y.shape=(455,)
2025-06-01 13:55:12,045 - DEBUG - Gradient Function: x.shape = (455, 30), y.shape = (455,)
2025-06-01 13:55:12,045 - DEBUG - Compute Cost Function: x.shape=(455, 30),y.shape=(455,)
2025-06-01 13:55:12,045 - DEBUG - Gradient Function: x.shape = (455, 30), y.shape = (455,)
2025-06-01 13:55:12,046 - DEBUG - Compute Cost Function: x.shape=(455, 30),y.shape=(455,)
2025-06-01 13:55:12,046 - DEBUG - Gradient Function: x.shape = (455, 30), y.shape = (455,)
2025-06-01 13:55:12,046 - DEBUG - Compute Cost Function: x.shape=(455, 30),y.shape=(455,)
2025-06-01 13:55:12,046 - DEBUG - Gradient Function: x.shape = (455, 30), y.shape = (455,)
2025-06-01 13:55:12,047 - DEBUG - Compute Cost Function: x.shape=(455, 30),y.shape=(455,)
2025-06-01 13:55:12,047 - DEBUG - Gradient Function: x.shape = (455, 30), y.shape = (455,)
2025-06-01 13:55:12,047 - DEBUG - Compute Cost Function: x.shape=(455, 30),y.shape=(455,)
2025-06-01 13:55:12,047 - DEBUG - Gradient Function: x.shape = (455, 30), y.shape = (455,)
2025-06-01 13:55:12,048 - DEBUG - Compute Cost Function: x.shape=(455, 30),y.shape=(455,)
2025-06-01 13:55:12,048 - DEBUG - Gradient Function: x.shape = (455, 30), y.shape = (455,)
2025-06-01 13:55:12,048 - DEBUG - Compute Cost Function: x.shape=(455, 30),y.shape=(455,)
2025-06-01 13:55:12,048 - DEBUG - Gradient Function: x.shape = (455, 30), y.shape = (455,)
2025-06-01 13:55:12,048 - DEBUG - Compute Cost Function: x.shape=(455, 30),y.shape=(455,)
2025-06-01 13:55:12,048 - DEBUG - Gradient Function: x.shape = (455, 30), y.shape = (455,)
2025-06-01 13:55:12,048 - DEBUG - Compute Cost Function: x.shape=(455, 30),y.shape=(455,)
2025-06-01 13:55:12,049 - DEBUG - Gradient Function: x.shape = (455, 30), y.shape = (455,)
2025-06-01 13:55:12,049 - DEBUG - Compute Cost Function: x.shape=(455, 30),y.shape=(455,)
2025-06-01 13:55:12,049 - DEBUG - Gradient Function: x.shape = (455, 30), y.shape = (455,)
2025-06-01 13:55:12,049 - DEBUG - Compute Cost Function: x.shape=(455, 30),y.shape=(455,)
2025-06-01 13:55:12,049 - DEBUG - Gradient Function: x.shape = (455, 30), y.shape = (455,)
2025-06-01 13:55:12,049 - DEBUG - Compute Cost Function: x.shape=(455, 30),y.shape=(455,)
2025-06-01 13:55:12,049 - DEBUG - Gradient Function: x.shape = (455, 30), y.shape = (455,)
2025-06-01 13:55:12,050 - DEBUG - Compute Cost Function: x.shape=(455, 30),y.shape=(455,)
2025-06-01 13:55:12,050 - DEBUG - Gradient Function: x.shape = (455, 30), y.shape = (455,)
2025-06-01 13:55:12,050 - DEBUG - Compute Cost Function: x.shape=(455, 30),y.shape=(455,)
2025-06-01 13:55:12,050 - DEBUG - Gradient Function: x.shape = (455, 30), y.shape = (455,)
2025-06-01 13:55:12,050 - DEBUG - Compute Cost Function: x.shape=(455, 30),y.shape=(455,)
2025-06-01 13:55:12,050 - DEBUG - Gradient Function: x.shape = (455, 30), y.shape = (455,)
2025-06-01 13:55:12,050 - DEBUG - Compute Cost Function: x.shape=(455, 30),y.shape=(455,)
2025-06-01 13:55:12,050 - DEBUG - Gradient Function: x.shape = (455, 30), y.shape = (455,)
2025-06-01 13:55:12,050 - DEBUG - Compute Cost Function: x.shape=(455, 30),y.shape=(455,)
2025-06-01 13:55:12,051 - DEBUG - Gradient Function: x.shape = (455, 30), y.shape = (455,)
2025-06-01 13:55:12,051 - DEBUG - Compute Cost Function: x.shape=(455, 30),y.shape=(455,)
2025-06-01 13:55:12,051 - DEBUG - Gradient Function: x.shape = (455, 30), y.shape = (455,)
2025-06-01 13:55:12,051 - DEBUG - Compute Cost Function: x.shape=(455, 30),y.shape=(455,)
2025-06-01 13:55:12,051 - DEBUG - Gradient Function: x.shape = (455, 30), y.shape = (455,)
2025-06-01 13:55:12,051 - DEBUG - Compute Cost Function: x.shape=(455, 30),y.shape=(455,)
2025-06-01 13:55:12,051 - DEBUG - Gradient Function: x.shape = (455, 30), y.shape = (455,)
2025-06-01 13:55:12,051 - DEBUG - Compute Cost Function: x.shape=(455, 30),y.shape=(455,)
2025-06-01 13:55:12,052 - DEBUG - Gradient Function: x.shape = (455, 30), y.shape = (455,)
2025-06-01 13:55:12,052 - DEBUG - Compute Cost Function: x.shape=(455, 30),y.shape=(455,)
2025-06-01 13:55:12,052 - DEBUG - Gradient Function: x.shape = (455, 30), y.shape = (455,)
2025-06-01 13:55:12,052 - DEBUG - Compute Cost Function: x.shape=(455, 30),y.shape=(455,)
2025-06-01 13:55:12,052 - DEBUG - Gradient Function: x.shape = (455, 30), y.shape = (455,)
2025-06-01 13:55:12,052 - DEBUG - Compute Cost Function: x.shape=(455, 30),y.shape=(455,)
2025-06-01 13:55:12,052 - DEBUG - Gradient Function: x.shape = (455, 30), y.shape = (455,)
2025-06-01 13:55:12,053 - DEBUG - Compute Cost Function: x.shape=(455, 30),y.shape=(455,)
2025-06-01 13:55:12,053 - DEBUG - Gradient Function: x.shape = (455, 30), y.shape = (455,)
2025-06-01 13:55:12,053 - DEBUG - Compute Cost Function: x.shape=(455, 30),y.shape=(455,)
2025-06-01 13:55:12,053 - DEBUG - Gradient Function: x.shape = (455, 30), y.shape = (455,)
2025-06-01 13:55:12,053 - DEBUG - Compute Cost Function: x.shape=(455, 30),y.shape=(455,)
2025-06-01 13:55:12,053 - DEBUG - Gradient Function: x.shape = (455, 30), y.shape = (455,)
2025-06-01 13:55:12,054 - DEBUG - Compute Cost Function: x.shape=(455, 30),y.shape=(455,)
2025-06-01 13:55:12,054 - DEBUG - Gradient Function: x.shape = (455, 30), y.shape = (455,)
2025-06-01 13:55:12,054 - DEBUG - Compute Cost Function: x.shape=(455, 30),y.shape=(455,)
2025-06-01 13:55:12,054 - DEBUG - Gradient Function: x.shape = (455, 30), y.shape = (455,)
2025-06-01 13:55:12,054 - DEBUG - Compute Cost Function: x.shape=(455, 30),y.shape=(455,)
2025-06-01 13:55:12,054 - DEBUG - Gradient Function: x.shape = (455, 30), y.shape = (455,)
2025-06-01 13:55:12,054 - DEBUG - Compute Cost Function: x.shape=(455, 30),y.shape=(455,)
2025-06-01 13:55:12,055 - DEBUG - Gradient Function: x.shape = (455, 30), y.shape = (455,)
2025-06-01 13:55:12,055 - DEBUG - Compute Cost Function: x.shape=(455, 30),y.shape=(455,)
2025-06-01 13:55:12,055 - DEBUG - Gradient Function: x.shape = (455, 30), y.shape = (455,)
2025-06-01 13:55:12,055 - DEBUG - Compute Cost Function: x.shape=(455, 30),y.shape=(455,)
2025-06-01 13:55:12,055 - DEBUG - Gradient Function: x.shape = (455, 30), y.shape = (455,)
2025-06-01 13:55:12,055 - DEBUG - Compute Cost Function: x.shape=(455, 30),y.shape=(455,)
2025-06-01 13:55:12,056 - DEBUG - Gradient Function: x.shape = (455, 30), y.shape = (455,)
2025-06-01 13:55:12,056 - DEBUG - Compute Cost Function: x.shape=(455, 30),y.shape=(455,)
2025-06-01 13:55:12,056 - DEBUG - Gradient Function: x.shape = (455, 30), y.shape = (455,)
2025-06-01 13:55:12,056 - DEBUG - Compute Cost Function: x.shape=(455, 30),y.shape=(455,)
2025-06-01 13:55:12,056 - DEBUG - Gradient Function: x.shape = (455, 30), y.shape = (455,)
2025-06-01 13:55:12,057 - DEBUG - Compute Cost Function: x.shape=(455, 30),y.shape=(455,)
2025-06-01 13:55:12,057 - DEBUG - Gradient Function: x.shape = (455, 30), y.shape = (455,)
2025-06-01 13:55:12,057 - DEBUG - Compute Cost Function: x.shape=(455, 30),y.shape=(455,)
2025-06-01 13:55:12,057 - DEBUG - Gradient Function: x.shape = (455, 30), y.shape = (455,)
2025-06-01 13:55:12,058 - DEBUG - Compute Cost Function: x.shape=(455, 30),y.shape=(455,)
2025-06-01 13:55:12,058 - DEBUG - Gradient Function: x.shape = (455, 30), y.shape = (455,)
2025-06-01 13:55:12,058 - DEBUG - Compute Cost Function: x.shape=(455, 30),y.shape=(455,)
2025-06-01 13:55:12,058 - DEBUG - Gradient Function: x.shape = (455, 30), y.shape = (455,)
2025-06-01 13:55:12,058 - DEBUG - Compute Cost Function: x.shape=(455, 30),y.shape=(455,)
2025-06-01 13:55:12,058 - DEBUG - Gradient Function: x.shape = (455, 30), y.shape = (455,)
2025-06-01 13:55:12,059 - DEBUG - Compute Cost Function: x.shape=(455, 30),y.shape=(455,)
2025-06-01 13:55:12,059 - DEBUG - Gradient Function: x.shape = (455, 30), y.shape = (455,)
2025-06-01 13:55:12,061 - DEBUG - Compute Cost Function: x.shape=(455, 30),y.shape=(455,)
2025-06-01 13:55:12,061 - DEBUG - Gradient Function: x.shape = (455, 30), y.shape = (455,)
2025-06-01 13:55:12,062 - DEBUG - Compute Cost Function: x.shape=(455, 30),y.shape=(455,)
2025-06-01 13:55:12,062 - DEBUG - Gradient Function: x.shape = (455, 30), y.shape = (455,)
2025-06-01 13:55:12,062 - DEBUG - Compute Cost Function: x.shape=(455, 30),y.shape=(455,)
2025-06-01 13:55:12,063 - DEBUG - Gradient Function: x.shape = (455, 30), y.shape = (455,)
2025-06-01 13:55:12,063 - DEBUG - Compute Cost Function: x.shape=(455, 30),y.shape=(455,)
2025-06-01 13:55:12,063 - DEBUG - Gradient Function: x.shape = (455, 30), y.shape = (455,)
2025-06-01 13:55:12,063 - DEBUG - Compute Cost Function: x.shape=(455, 30),y.shape=(455,)
2025-06-01 13:55:12,063 - DEBUG - Gradient Function: x.shape = (455, 30), y.shape = (455,)
2025-06-01 13:55:12,064 - DEBUG - Compute Cost Function: x.shape=(455, 30),y.shape=(455,)
2025-06-01 13:55:12,064 - DEBUG - Gradient Function: x.shape = (455, 30), y.shape = (455,)
2025-06-01 13:55:12,064 - DEBUG - Compute Cost Function: x.shape=(455, 30),y.shape=(455,)
2025-06-01 13:55:12,064 - DEBUG - Gradient Function: x.shape = (455, 30), y.shape = (455,)
2025-06-01 13:55:12,064 - DEBUG - Compute Cost Function: x.shape=(455, 30),y.shape=(455,)
2025-06-01 13:55:12,064 - DEBUG - Gradient Function: x.shape = (455, 30), y.shape = (455,)
2025-06-01 13:55:12,064 - DEBUG - Compute Cost Function: x.shape=(455, 30),y.shape=(455,)
2025-06-01 13:55:12,065 - DEBUG - Gradient Function: x.shape = (455, 30), y.shape = (455,)
2025-06-01 13:55:12,065 - DEBUG - Compute Cost Function: x.shape=(455, 30),y.shape=(455,)
2025-06-01 13:55:12,065 - DEBUG - Gradient Function: x.shape = (455, 30), y.shape = (455,)
2025-06-01 13:55:12,065 - DEBUG - Compute Cost Function: x.shape=(455, 30),y.shape=(455,)
2025-06-01 13:55:12,065 - DEBUG - Gradient Function: x.shape = (455, 30), y.shape = (455,)
2025-06-01 13:55:12,065 - DEBUG - Compute Cost Function: x.shape=(455, 30),y.shape=(455,)
2025-06-01 13:55:12,065 - DEBUG - Gradient Function: x.shape = (455, 30), y.shape = (455,)
2025-06-01 13:55:12,066 - DEBUG - Compute Cost Function: x.shape=(455, 30),y.shape=(455,)
2025-06-01 13:55:12,066 - DEBUG - Gradient Function: x.shape = (455, 30), y.shape = (455,)
2025-06-01 13:55:12,066 - DEBUG - Compute Cost Function: x.shape=(455, 30),y.shape=(455,)
2025-06-01 13:55:12,066 - DEBUG - Gradient Function: x.shape = (455, 30), y.shape = (455,)
2025-06-01 13:55:12,066 - DEBUG - Compute Cost Function: x.shape=(455, 30),y.shape=(455,)
2025-06-01 13:55:12,066 - DEBUG - Gradient Function: x.shape = (455, 30), y.shape = (455,)
2025-06-01 13:55:12,066 - DEBUG - Compute Cost Function: x.shape=(455, 30),y.shape=(455,)
2025-06-01 13:55:12,066 - DEBUG - Gradient Function: x.shape = (455, 30), y.shape = (455,)
2025-06-01 13:55:12,067 - DEBUG - Compute Cost Function: x.shape=(455, 30),y.shape=(455,)
2025-06-01 13:55:12,067 - DEBUG - Gradient Function: x.shape = (455, 30), y.shape = (455,)
2025-06-01 13:55:12,067 - DEBUG - Compute Cost Function: x.shape=(455, 30),y.shape=(455,)
2025-06-01 13:55:12,067 - DEBUG - Gradient Function: x.shape = (455, 30), y.shape = (455,)
2025-06-01 13:55:12,067 - DEBUG - Compute Cost Function: x.shape=(455, 30),y.shape=(455,)
2025-06-01 13:55:12,067 - DEBUG - Gradient Function: x.shape = (455, 30), y.shape = (455,)
2025-06-01 13:55:12,067 - DEBUG - Compute Cost Function: x.shape=(455, 30),y.shape=(455,)
2025-06-01 13:55:12,068 - DEBUG - Gradient Function: x.shape = (455, 30), y.shape = (455,)
2025-06-01 13:55:12,068 - DEBUG - Compute Cost Function: x.shape=(455, 30),y.shape=(455,)
2025-06-01 13:55:12,068 - DEBUG - Gradient Function: x.shape = (455, 30), y.shape = (455,)
2025-06-01 13:55:12,068 - DEBUG - Compute Cost Function: x.shape=(455, 30),y.shape=(455,)
2025-06-01 13:55:12,068 - DEBUG - Gradient Function: x.shape = (455, 30), y.shape = (455,)
2025-06-01 13:55:12,069 - DEBUG - Compute Cost Function: x.shape=(455, 30),y.shape=(455,)
2025-06-01 13:55:12,069 - DEBUG - Gradient Function: x.shape = (455, 30), y.shape = (455,)
2025-06-01 13:55:12,069 - DEBUG - Compute Cost Function: x.shape=(455, 30),y.shape=(455,)
2025-06-01 13:55:12,069 - DEBUG - Gradient Function: x.shape = (455, 30), y.shape = (455,)
2025-06-01 13:55:12,070 - DEBUG - Compute Cost Function: x.shape=(455, 30),y.shape=(455,)
2025-06-01 13:55:12,070 - DEBUG - Gradient Function: x.shape = (455, 30), y.shape = (455,)
2025-06-01 13:55:12,070 - DEBUG - Compute Cost Function: x.shape=(455, 30),y.shape=(455,)
2025-06-01 13:55:12,070 - DEBUG - Gradient Function: x.shape = (455, 30), y.shape = (455,)
2025-06-01 13:55:12,070 - DEBUG - Compute Cost Function: x.shape=(455, 30),y.shape=(455,)
2025-06-01 13:55:12,071 - DEBUG - Gradient Function: x.shape = (455, 30), y.shape = (455,)
2025-06-01 13:55:12,071 - DEBUG - Compute Cost Function: x.shape=(455, 30),y.shape=(455,)
2025-06-01 13:55:12,071 - DEBUG - Gradient Function: x.shape = (455, 30), y.shape = (455,)
2025-06-01 13:55:12,071 - DEBUG - Compute Cost Function: x.shape=(455, 30),y.shape=(455,)
2025-06-01 13:55:12,071 - DEBUG - Gradient Function: x.shape = (455, 30), y.shape = (455,)
2025-06-01 13:55:12,072 - DEBUG - Compute Cost Function: x.shape=(455, 30),y.shape=(455,)
2025-06-01 13:55:12,072 - DEBUG - Gradient Function: x.shape = (455, 30), y.shape = (455,)
2025-06-01 13:55:12,072 - DEBUG - Compute Cost Function: x.shape=(455, 30),y.shape=(455,)
2025-06-01 13:55:12,072 - DEBUG - Gradient Function: x.shape = (455, 30), y.shape = (455,)
2025-06-01 13:55:12,072 - DEBUG - Compute Cost Function: x.shape=(455, 30),y.shape=(455,)
2025-06-01 13:55:12,072 - DEBUG - Gradient Function: x.shape = (455, 30), y.shape = (455,)
2025-06-01 13:55:12,073 - DEBUG - Compute Cost Function: x.shape=(455, 30),y.shape=(455,)
2025-06-01 13:55:12,073 - DEBUG - Gradient Function: x.shape = (455, 30), y.shape = (455,)
2025-06-01 13:55:12,073 - DEBUG - Compute Cost Function: x.shape=(455, 30),y.shape=(455,)
2025-06-01 13:55:12,073 - DEBUG - Gradient Function: x.shape = (455, 30), y.shape = (455,)
2025-06-01 13:55:12,074 - DEBUG - Compute Cost Function: x.shape=(455, 30),y.shape=(455,)
2025-06-01 13:55:12,074 - DEBUG - Gradient Function: x.shape = (455, 30), y.shape = (455,)
2025-06-01 13:55:12,074 - DEBUG - Compute Cost Function: x.shape=(455, 30),y.shape=(455,)
2025-06-01 13:55:12,074 - DEBUG - Gradient Function: x.shape = (455, 30), y.shape = (455,)
2025-06-01 13:55:12,075 - DEBUG - Compute Cost Function: x.shape=(455, 30),y.shape=(455,)
2025-06-01 13:55:12,075 - DEBUG - Gradient Function: x.shape = (455, 30), y.shape = (455,)
2025-06-01 13:55:12,075 - DEBUG - Compute Cost Function: x.shape=(455, 30),y.shape=(455,)
2025-06-01 13:55:12,075 - DEBUG - Gradient Function: x.shape = (455, 30), y.shape = (455,)
2025-06-01 13:55:12,076 - DEBUG - Compute Cost Function: x.shape=(455, 30),y.shape=(455,)
2025-06-01 13:55:12,076 - DEBUG - Gradient Function: x.shape = (455, 30), y.shape = (455,)
2025-06-01 13:55:12,077 - DEBUG - Compute Cost Function: x.shape=(455, 30),y.shape=(455,)
2025-06-01 13:55:12,077 - DEBUG - Gradient Function: x.shape = (455, 30), y.shape = (455,)
2025-06-01 13:55:12,077 - DEBUG - Compute Cost Function: x.shape=(455, 30),y.shape=(455,)
2025-06-01 13:55:12,077 - DEBUG - Gradient Function: x.shape = (455, 30), y.shape = (455,)
2025-06-01 13:55:12,078 - DEBUG - Compute Cost Function: x.shape=(455, 30),y.shape=(455,)
2025-06-01 13:55:12,078 - DEBUG - Gradient Function: x.shape = (455, 30), y.shape = (455,)
2025-06-01 13:55:12,078 - DEBUG - Compute Cost Function: x.shape=(455, 30),y.shape=(455,)
2025-06-01 13:55:12,078 - DEBUG - Gradient Function: x.shape = (455, 30), y.shape = (455,)
2025-06-01 13:55:12,078 - DEBUG - Compute Cost Function: x.shape=(455, 30),y.shape=(455,)
2025-06-01 13:55:12,079 - DEBUG - Gradient Function: x.shape = (455, 30), y.shape = (455,)
2025-06-01 13:55:12,079 - DEBUG - Compute Cost Function: x.shape=(455, 30),y.shape=(455,)
2025-06-01 13:55:12,079 - DEBUG - Gradient Function: x.shape = (455, 30), y.shape = (455,)
2025-06-01 13:55:12,079 - DEBUG - Compute Cost Function: x.shape=(455, 30),y.shape=(455,)
2025-06-01 13:55:12,079 - DEBUG - Gradient Function: x.shape = (455, 30), y.shape = (455,)
2025-06-01 13:55:12,080 - DEBUG - Compute Cost Function: x.shape=(455, 30),y.shape=(455,)
2025-06-01 13:55:12,080 - DEBUG - Gradient Function: x.shape = (455, 30), y.shape = (455,)
2025-06-01 13:55:12,080 - DEBUG - Compute Cost Function: x.shape=(455, 30),y.shape=(455,)
2025-06-01 13:55:12,080 - DEBUG - Gradient Function: x.shape = (455, 30), y.shape = (455,)
2025-06-01 13:55:12,080 - DEBUG - Compute Cost Function: x.shape=(455, 30),y.shape=(455,)
2025-06-01 13:55:12,080 - DEBUG - Gradient Function: x.shape = (455, 30), y.shape = (455,)
2025-06-01 13:55:12,080 - INFO - Cost after iteration 900: 0.11069010539669438
2025-06-01 13:55:12,080 - DEBUG - Compute Cost Function: x.shape=(455, 30),y.shape=(455,)
2025-06-01 13:55:12,080 - DEBUG - Gradient Function: x.shape = (455, 30), y.shape = (455,)
2025-06-01 13:55:12,081 - DEBUG - Compute Cost Function: x.shape=(455, 30),y.shape=(455,)
2025-06-01 13:55:12,081 - DEBUG - Gradient Function: x.shape = (455, 30), y.shape = (455,)
2025-06-01 13:55:12,082 - DEBUG - Compute Cost Function: x.shape=(455, 30),y.shape=(455,)
2025-06-01 13:55:12,082 - DEBUG - Gradient Function: x.shape = (455, 30), y.shape = (455,)
2025-06-01 13:55:12,082 - DEBUG - Compute Cost Function: x.shape=(455, 30),y.shape=(455,)
2025-06-01 13:55:12,082 - DEBUG - Gradient Function: x.shape = (455, 30), y.shape = (455,)
2025-06-01 13:55:12,082 - DEBUG - Compute Cost Function: x.shape=(455, 30),y.shape=(455,)
2025-06-01 13:55:12,082 - DEBUG - Gradient Function: x.shape = (455, 30), y.shape = (455,)
2025-06-01 13:55:12,083 - DEBUG - Compute Cost Function: x.shape=(455, 30),y.shape=(455,)
2025-06-01 13:55:12,083 - DEBUG - Gradient Function: x.shape = (455, 30), y.shape = (455,)
2025-06-01 13:55:12,083 - DEBUG - Compute Cost Function: x.shape=(455, 30),y.shape=(455,)
2025-06-01 13:55:12,083 - DEBUG - Gradient Function: x.shape = (455, 30), y.shape = (455,)
2025-06-01 13:55:12,083 - DEBUG - Compute Cost Function: x.shape=(455, 30),y.shape=(455,)
2025-06-01 13:55:12,083 - DEBUG - Gradient Function: x.shape = (455, 30), y.shape = (455,)
2025-06-01 13:55:12,084 - DEBUG - Compute Cost Function: x.shape=(455, 30),y.shape=(455,)
2025-06-01 13:55:12,084 - DEBUG - Gradient Function: x.shape = (455, 30), y.shape = (455,)
2025-06-01 13:55:12,084 - DEBUG - Compute Cost Function: x.shape=(455, 30),y.shape=(455,)
2025-06-01 13:55:12,084 - DEBUG - Gradient Function: x.shape = (455, 30), y.shape = (455,)
2025-06-01 13:55:12,084 - DEBUG - Compute Cost Function: x.shape=(455, 30),y.shape=(455,)
2025-06-01 13:55:12,084 - DEBUG - Gradient Function: x.shape = (455, 30), y.shape = (455,)
2025-06-01 13:55:12,085 - DEBUG - Compute Cost Function: x.shape=(455, 30),y.shape=(455,)
2025-06-01 13:55:12,085 - DEBUG - Gradient Function: x.shape = (455, 30), y.shape = (455,)
2025-06-01 13:55:12,085 - DEBUG - Compute Cost Function: x.shape=(455, 30),y.shape=(455,)
2025-06-01 13:55:12,085 - DEBUG - Gradient Function: x.shape = (455, 30), y.shape = (455,)
2025-06-01 13:55:12,085 - DEBUG - Compute Cost Function: x.shape=(455, 30),y.shape=(455,)
2025-06-01 13:55:12,085 - DEBUG - Gradient Function: x.shape = (455, 30), y.shape = (455,)
2025-06-01 13:55:12,086 - DEBUG - Compute Cost Function: x.shape=(455, 30),y.shape=(455,)
2025-06-01 13:55:12,086 - DEBUG - Gradient Function: x.shape = (455, 30), y.shape = (455,)
2025-06-01 13:55:12,086 - DEBUG - Compute Cost Function: x.shape=(455, 30),y.shape=(455,)
2025-06-01 13:55:12,086 - DEBUG - Gradient Function: x.shape = (455, 30), y.shape = (455,)
2025-06-01 13:55:12,086 - DEBUG - Compute Cost Function: x.shape=(455, 30),y.shape=(455,)
2025-06-01 13:55:12,086 - DEBUG - Gradient Function: x.shape = (455, 30), y.shape = (455,)
2025-06-01 13:55:12,087 - DEBUG - Compute Cost Function: x.shape=(455, 30),y.shape=(455,)
2025-06-01 13:55:12,087 - DEBUG - Gradient Function: x.shape = (455, 30), y.shape = (455,)
2025-06-01 13:55:12,087 - DEBUG - Compute Cost Function: x.shape=(455, 30),y.shape=(455,)
2025-06-01 13:55:12,087 - DEBUG - Gradient Function: x.shape = (455, 30), y.shape = (455,)
2025-06-01 13:55:12,087 - DEBUG - Compute Cost Function: x.shape=(455, 30),y.shape=(455,)
2025-06-01 13:55:12,087 - DEBUG - Gradient Function: x.shape = (455, 30), y.shape = (455,)
2025-06-01 13:55:12,088 - DEBUG - Compute Cost Function: x.shape=(455, 30),y.shape=(455,)
2025-06-01 13:55:12,088 - DEBUG - Gradient Function: x.shape = (455, 30), y.shape = (455,)
2025-06-01 13:55:12,088 - DEBUG - Compute Cost Function: x.shape=(455, 30),y.shape=(455,)
2025-06-01 13:55:12,088 - DEBUG - Gradient Function: x.shape = (455, 30), y.shape = (455,)
2025-06-01 13:55:12,089 - DEBUG - Compute Cost Function: x.shape=(455, 30),y.shape=(455,)
2025-06-01 13:55:12,089 - DEBUG - Gradient Function: x.shape = (455, 30), y.shape = (455,)
2025-06-01 13:55:12,089 - DEBUG - Compute Cost Function: x.shape=(455, 30),y.shape=(455,)
2025-06-01 13:55:12,089 - DEBUG - Gradient Function: x.shape = (455, 30), y.shape = (455,)
2025-06-01 13:55:12,089 - DEBUG - Compute Cost Function: x.shape=(455, 30),y.shape=(455,)
2025-06-01 13:55:12,090 - DEBUG - Gradient Function: x.shape = (455, 30), y.shape = (455,)
2025-06-01 13:55:12,090 - DEBUG - Compute Cost Function: x.shape=(455, 30),y.shape=(455,)
2025-06-01 13:55:12,090 - DEBUG - Gradient Function: x.shape = (455, 30), y.shape = (455,)
2025-06-01 13:55:12,090 - DEBUG - Compute Cost Function: x.shape=(455, 30),y.shape=(455,)
2025-06-01 13:55:12,090 - DEBUG - Gradient Function: x.shape = (455, 30), y.shape = (455,)
2025-06-01 13:55:12,091 - DEBUG - Compute Cost Function: x.shape=(455, 30),y.shape=(455,)
2025-06-01 13:55:12,091 - DEBUG - Gradient Function: x.shape = (455, 30), y.shape = (455,)
2025-06-01 13:55:12,091 - DEBUG - Compute Cost Function: x.shape=(455, 30),y.shape=(455,)
2025-06-01 13:55:12,091 - DEBUG - Gradient Function: x.shape = (455, 30), y.shape = (455,)
2025-06-01 13:55:12,091 - DEBUG - Compute Cost Function: x.shape=(455, 30),y.shape=(455,)
2025-06-01 13:55:12,091 - DEBUG - Gradient Function: x.shape = (455, 30), y.shape = (455,)
2025-06-01 13:55:12,092 - DEBUG - Compute Cost Function: x.shape=(455, 30),y.shape=(455,)
2025-06-01 13:55:12,092 - DEBUG - Gradient Function: x.shape = (455, 30), y.shape = (455,)
2025-06-01 13:55:12,092 - DEBUG - Compute Cost Function: x.shape=(455, 30),y.shape=(455,)
2025-06-01 13:55:12,092 - DEBUG - Gradient Function: x.shape = (455, 30), y.shape = (455,)
2025-06-01 13:55:12,092 - DEBUG - Compute Cost Function: x.shape=(455, 30),y.shape=(455,)
2025-06-01 13:55:12,092 - DEBUG - Gradient Function: x.shape = (455, 30), y.shape = (455,)
2025-06-01 13:55:12,093 - DEBUG - Compute Cost Function: x.shape=(455, 30),y.shape=(455,)
2025-06-01 13:55:12,093 - DEBUG - Gradient Function: x.shape = (455, 30), y.shape = (455,)
2025-06-01 13:55:12,093 - DEBUG - Compute Cost Function: x.shape=(455, 30),y.shape=(455,)
2025-06-01 13:55:12,093 - DEBUG - Gradient Function: x.shape = (455, 30), y.shape = (455,)
2025-06-01 13:55:12,093 - DEBUG - Compute Cost Function: x.shape=(455, 30),y.shape=(455,)
2025-06-01 13:55:12,094 - DEBUG - Gradient Function: x.shape = (455, 30), y.shape = (455,)
2025-06-01 13:55:12,094 - DEBUG - Compute Cost Function: x.shape=(455, 30),y.shape=(455,)
2025-06-01 13:55:12,094 - DEBUG - Gradient Function: x.shape = (455, 30), y.shape = (455,)
2025-06-01 13:55:12,094 - DEBUG - Compute Cost Function: x.shape=(455, 30),y.shape=(455,)
2025-06-01 13:55:12,094 - DEBUG - Gradient Function: x.shape = (455, 30), y.shape = (455,)
2025-06-01 13:55:12,095 - DEBUG - Compute Cost Function: x.shape=(455, 30),y.shape=(455,)
2025-06-01 13:55:12,095 - DEBUG - Gradient Function: x.shape = (455, 30), y.shape = (455,)
2025-06-01 13:55:12,095 - DEBUG - Compute Cost Function: x.shape=(455, 30),y.shape=(455,)
2025-06-01 13:55:12,095 - DEBUG - Gradient Function: x.shape = (455, 30), y.shape = (455,)
2025-06-01 13:55:12,095 - DEBUG - Compute Cost Function: x.shape=(455, 30),y.shape=(455,)
2025-06-01 13:55:12,095 - DEBUG - Gradient Function: x.shape = (455, 30), y.shape = (455,)
2025-06-01 13:55:12,096 - DEBUG - Compute Cost Function: x.shape=(455, 30),y.shape=(455,)
2025-06-01 13:55:12,096 - DEBUG - Gradient Function: x.shape = (455, 30), y.shape = (455,)
2025-06-01 13:55:12,096 - DEBUG - Compute Cost Function: x.shape=(455, 30),y.shape=(455,)
2025-06-01 13:55:12,096 - DEBUG - Gradient Function: x.shape = (455, 30), y.shape = (455,)
2025-06-01 13:55:12,097 - DEBUG - Compute Cost Function: x.shape=(455, 30),y.shape=(455,)
2025-06-01 13:55:12,097 - DEBUG - Gradient Function: x.shape = (455, 30), y.shape = (455,)
2025-06-01 13:55:12,097 - DEBUG - Compute Cost Function: x.shape=(455, 30),y.shape=(455,)
2025-06-01 13:55:12,097 - DEBUG - Gradient Function: x.shape = (455, 30), y.shape = (455,)
2025-06-01 13:55:12,097 - DEBUG - Compute Cost Function: x.shape=(455, 30),y.shape=(455,)
2025-06-01 13:55:12,098 - DEBUG - Gradient Function: x.shape = (455, 30), y.shape = (455,)
2025-06-01 13:55:12,098 - DEBUG - Compute Cost Function: x.shape=(455, 30),y.shape=(455,)
2025-06-01 13:55:12,098 - DEBUG - Gradient Function: x.shape = (455, 30), y.shape = (455,)
2025-06-01 13:55:12,098 - DEBUG - Compute Cost Function: x.shape=(455, 30),y.shape=(455,)
2025-06-01 13:55:12,098 - DEBUG - Gradient Function: x.shape = (455, 30), y.shape = (455,)
2025-06-01 13:55:12,098 - DEBUG - Compute Cost Function: x.shape=(455, 30),y.shape=(455,)
2025-06-01 13:55:12,098 - DEBUG - Gradient Function: x.shape = (455, 30), y.shape = (455,)
2025-06-01 13:55:12,098 - DEBUG - Compute Cost Function: x.shape=(455, 30),y.shape=(455,)
2025-06-01 13:55:12,099 - DEBUG - Gradient Function: x.shape = (455, 30), y.shape = (455,)
2025-06-01 13:55:12,099 - DEBUG - Compute Cost Function: x.shape=(455, 30),y.shape=(455,)
2025-06-01 13:55:12,099 - DEBUG - Gradient Function: x.shape = (455, 30), y.shape = (455,)
2025-06-01 13:55:12,099 - DEBUG - Compute Cost Function: x.shape=(455, 30),y.shape=(455,)
2025-06-01 13:55:12,099 - DEBUG - Gradient Function: x.shape = (455, 30), y.shape = (455,)
2025-06-01 13:55:12,099 - DEBUG - Compute Cost Function: x.shape=(455, 30),y.shape=(455,)
2025-06-01 13:55:12,100 - DEBUG - Gradient Function: x.shape = (455, 30), y.shape = (455,)
2025-06-01 13:55:12,100 - DEBUG - Compute Cost Function: x.shape=(455, 30),y.shape=(455,)
2025-06-01 13:55:12,100 - DEBUG - Gradient Function: x.shape = (455, 30), y.shape = (455,)
2025-06-01 13:55:12,100 - DEBUG - Compute Cost Function: x.shape=(455, 30),y.shape=(455,)
2025-06-01 13:55:12,100 - DEBUG - Gradient Function: x.shape = (455, 30), y.shape = (455,)
2025-06-01 13:55:12,101 - DEBUG - Compute Cost Function: x.shape=(455, 30),y.shape=(455,)
2025-06-01 13:55:12,101 - DEBUG - Gradient Function: x.shape = (455, 30), y.shape = (455,)
2025-06-01 13:55:12,101 - DEBUG - Compute Cost Function: x.shape=(455, 30),y.shape=(455,)
2025-06-01 13:55:12,101 - DEBUG - Gradient Function: x.shape = (455, 30), y.shape = (455,)
2025-06-01 13:55:12,101 - DEBUG - Compute Cost Function: x.shape=(455, 30),y.shape=(455,)
2025-06-01 13:55:12,101 - DEBUG - Gradient Function: x.shape = (455, 30), y.shape = (455,)
2025-06-01 13:55:12,102 - DEBUG - Compute Cost Function: x.shape=(455, 30),y.shape=(455,)
2025-06-01 13:55:12,102 - DEBUG - Gradient Function: x.shape = (455, 30), y.shape = (455,)
2025-06-01 13:55:12,102 - DEBUG - Compute Cost Function: x.shape=(455, 30),y.shape=(455,)
2025-06-01 13:55:12,102 - DEBUG - Gradient Function: x.shape = (455, 30), y.shape = (455,)
2025-06-01 13:55:12,103 - DEBUG - Compute Cost Function: x.shape=(455, 30),y.shape=(455,)
2025-06-01 13:55:12,103 - DEBUG - Gradient Function: x.shape = (455, 30), y.shape = (455,)
2025-06-01 13:55:12,103 - DEBUG - Compute Cost Function: x.shape=(455, 30),y.shape=(455,)
2025-06-01 13:55:12,103 - DEBUG - Gradient Function: x.shape = (455, 30), y.shape = (455,)
2025-06-01 13:55:12,103 - DEBUG - Compute Cost Function: x.shape=(455, 30),y.shape=(455,)
2025-06-01 13:55:12,104 - DEBUG - Gradient Function: x.shape = (455, 30), y.shape = (455,)
2025-06-01 13:55:12,104 - DEBUG - Compute Cost Function: x.shape=(455, 30),y.shape=(455,)
2025-06-01 13:55:12,104 - DEBUG - Gradient Function: x.shape = (455, 30), y.shape = (455,)
2025-06-01 13:55:12,104 - DEBUG - Compute Cost Function: x.shape=(455, 30),y.shape=(455,)
2025-06-01 13:55:12,104 - DEBUG - Gradient Function: x.shape = (455, 30), y.shape = (455,)
2025-06-01 13:55:12,105 - DEBUG - Compute Cost Function: x.shape=(455, 30),y.shape=(455,)
2025-06-01 13:55:12,105 - DEBUG - Gradient Function: x.shape = (455, 30), y.shape = (455,)
2025-06-01 13:55:12,105 - DEBUG - Compute Cost Function: x.shape=(455, 30),y.shape=(455,)
2025-06-01 13:55:12,105 - DEBUG - Gradient Function: x.shape = (455, 30), y.shape = (455,)
2025-06-01 13:55:12,105 - DEBUG - Compute Cost Function: x.shape=(455, 30),y.shape=(455,)
2025-06-01 13:55:12,105 - DEBUG - Gradient Function: x.shape = (455, 30), y.shape = (455,)
2025-06-01 13:55:12,106 - DEBUG - Compute Cost Function: x.shape=(455, 30),y.shape=(455,)
2025-06-01 13:55:12,106 - DEBUG - Gradient Function: x.shape = (455, 30), y.shape = (455,)
2025-06-01 13:55:12,106 - DEBUG - Compute Cost Function: x.shape=(455, 30),y.shape=(455,)
2025-06-01 13:55:12,106 - DEBUG - Gradient Function: x.shape = (455, 30), y.shape = (455,)
2025-06-01 13:55:12,106 - DEBUG - Compute Cost Function: x.shape=(455, 30),y.shape=(455,)
2025-06-01 13:55:12,106 - DEBUG - Gradient Function: x.shape = (455, 30), y.shape = (455,)
2025-06-01 13:55:12,107 - DEBUG - Compute Cost Function: x.shape=(455, 30),y.shape=(455,)
2025-06-01 13:55:12,107 - DEBUG - Gradient Function: x.shape = (455, 30), y.shape = (455,)
2025-06-01 13:55:12,107 - DEBUG - Compute Cost Function: x.shape=(455, 30),y.shape=(455,)
2025-06-01 13:55:12,107 - DEBUG - Gradient Function: x.shape = (455, 30), y.shape = (455,)
2025-06-01 13:55:12,107 - DEBUG - Compute Cost Function: x.shape=(455, 30),y.shape=(455,)
2025-06-01 13:55:12,108 - DEBUG - Gradient Function: x.shape = (455, 30), y.shape = (455,)
2025-06-01 13:55:12,108 - DEBUG - Compute Cost Function: x.shape=(455, 30),y.shape=(455,)
2025-06-01 13:55:12,108 - DEBUG - Gradient Function: x.shape = (455, 30), y.shape = (455,)
2025-06-01 13:55:12,108 - DEBUG - Compute Cost Function: x.shape=(455, 30),y.shape=(455,)
2025-06-01 13:55:12,108 - DEBUG - Gradient Function: x.shape = (455, 30), y.shape = (455,)
2025-06-01 13:55:12,109 - DEBUG - Compute Cost Function: x.shape=(455, 30),y.shape=(455,)
2025-06-01 13:55:12,109 - DEBUG - Gradient Function: x.shape = (455, 30), y.shape = (455,)
2025-06-01 13:55:12,110 - DEBUG - Compute Cost Function: x.shape=(455, 30),y.shape=(455,)
2025-06-01 13:55:12,110 - DEBUG - Gradient Function: x.shape = (455, 30), y.shape = (455,)
2025-06-01 13:55:12,110 - DEBUG - Compute Cost Function: x.shape=(455, 30),y.shape=(455,)
2025-06-01 13:55:12,110 - DEBUG - Gradient Function: x.shape = (455, 30), y.shape = (455,)
2025-06-01 13:55:12,111 - DEBUG - Compute Cost Function: x.shape=(455, 30),y.shape=(455,)
2025-06-01 13:55:12,111 - DEBUG - Gradient Function: x.shape = (455, 30), y.shape = (455,)
2025-06-01 13:55:12,111 - DEBUG - Compute Cost Function: x.shape=(455, 30),y.shape=(455,)
2025-06-01 13:55:12,111 - DEBUG - Gradient Function: x.shape = (455, 30), y.shape = (455,)
2025-06-01 13:55:12,112 - DEBUG - Compute Cost Function: x.shape=(455, 30),y.shape=(455,)
2025-06-01 13:55:12,112 - DEBUG - Gradient Function: x.shape = (455, 30), y.shape = (455,)
2025-06-01 13:55:12,112 - DEBUG - Compute Cost Function: x.shape=(455, 30),y.shape=(455,)
2025-06-01 13:55:12,112 - DEBUG - Gradient Function: x.shape = (455, 30), y.shape = (455,)
2025-06-01 13:55:12,112 - DEBUG - Compute Cost Function: x.shape=(455, 30),y.shape=(455,)
2025-06-01 13:55:12,112 - DEBUG - Gradient Function: x.shape = (455, 30), y.shape = (455,)
2025-06-01 13:55:12,113 - DEBUG - Compute Cost Function: x.shape=(455, 30),y.shape=(455,)
2025-06-01 13:55:12,113 - DEBUG - Gradient Function: x.shape = (455, 30), y.shape = (455,)
2025-06-01 13:55:12,113 - DEBUG - Compute Cost Function: x.shape=(455, 30),y.shape=(455,)
2025-06-01 13:55:12,113 - DEBUG - Gradient Function: x.shape = (455, 30), y.shape = (455,)
2025-06-01 13:55:12,113 - DEBUG - Compute Cost Function: x.shape=(455, 30),y.shape=(455,)
2025-06-01 13:55:12,113 - DEBUG - Gradient Function: x.shape = (455, 30), y.shape = (455,)
2025-06-01 13:55:12,114 - DEBUG - Compute Cost Function: x.shape=(455, 30),y.shape=(455,)
2025-06-01 13:55:12,114 - DEBUG - Gradient Function: x.shape = (455, 30), y.shape = (455,)
2025-06-01 13:55:12,114 - DEBUG - Compute Cost Function: x.shape=(455, 30),y.shape=(455,)
2025-06-01 13:55:12,114 - DEBUG - Gradient Function: x.shape = (455, 30), y.shape = (455,)
2025-06-01 13:55:12,114 - DEBUG - Compute Cost Function: x.shape=(455, 30),y.shape=(455,)
2025-06-01 13:55:12,114 - DEBUG - Gradient Function: x.shape = (455, 30), y.shape = (455,)
2025-06-01 13:55:12,115 - DEBUG - Compute Cost Function: x.shape=(455, 30),y.shape=(455,)
2025-06-01 13:55:12,115 - DEBUG - Gradient Function: x.shape = (455, 30), y.shape = (455,)
2025-06-01 13:55:12,115 - DEBUG - Compute Cost Function: x.shape=(455, 30),y.shape=(455,)
2025-06-01 13:55:12,115 - DEBUG - Gradient Function: x.shape = (455, 30), y.shape = (455,)
2025-06-01 13:55:12,115 - DEBUG - Compute Cost Function: x.shape=(455, 30),y.shape=(455,)
2025-06-01 13:55:12,115 - DEBUG - Gradient Function: x.shape = (455, 30), y.shape = (455,)
2025-06-01 13:55:12,116 - DEBUG - Compute Cost Function: x.shape=(455, 30),y.shape=(455,)
2025-06-01 13:55:12,116 - DEBUG - Gradient Function: x.shape = (455, 30), y.shape = (455,)
2025-06-01 13:55:12,116 - DEBUG - Compute Cost Function: x.shape=(455, 30),y.shape=(455,)
2025-06-01 13:55:12,117 - DEBUG - Gradient Function: x.shape = (455, 30), y.shape = (455,)
2025-06-01 13:55:12,117 - DEBUG - Compute Cost Function: x.shape=(455, 30),y.shape=(455,)
2025-06-01 13:55:12,117 - DEBUG - Gradient Function: x.shape = (455, 30), y.shape = (455,)
2025-06-01 13:55:12,117 - DEBUG - Compute Cost Function: x.shape=(455, 30),y.shape=(455,)
2025-06-01 13:55:12,118 - DEBUG - Gradient Function: x.shape = (455, 30), y.shape = (455,)
2025-06-01 13:55:12,118 - DEBUG - Compute Cost Function: x.shape=(455, 30),y.shape=(455,)
2025-06-01 13:55:12,118 - DEBUG - Gradient Function: x.shape = (455, 30), y.shape = (455,)
2025-06-01 13:55:12,118 - DEBUG - Compute Cost Function: x.shape=(455, 30),y.shape=(455,)
2025-06-01 13:55:12,118 - DEBUG - Gradient Function: x.shape = (455, 30), y.shape = (455,)
2025-06-01 13:55:12,119 - DEBUG - Predict Function: x.shape = (114, 30)
2025-06-01 13:55:12,230 - DEBUG - Fit Function: x.shape = (288, 64), y.shape = (288,)
2025-06-01 13:55:12,230 - DEBUG - Compute Cost Function: x.shape=(288, 64),y.shape=(288,)
2025-06-01 13:55:12,230 - DEBUG - Gradient Function: x.shape = (288, 64), y.shape = (288,)
2025-06-01 13:55:12,231 - INFO - Cost after iteration 0: 0.6931471805599453
2025-06-01 13:55:12,231 - DEBUG - Compute Cost Function: x.shape=(288, 64),y.shape=(288,)
2025-06-01 13:55:12,231 - DEBUG - Gradient Function: x.shape = (288, 64), y.shape = (288,)
2025-06-01 13:55:12,232 - DEBUG - Compute Cost Function: x.shape=(288, 64),y.shape=(288,)
2025-06-01 13:55:12,232 - DEBUG - Gradient Function: x.shape = (288, 64), y.shape = (288,)
2025-06-01 13:55:12,233 - DEBUG - Compute Cost Function: x.shape=(288, 64),y.shape=(288,)
2025-06-01 13:55:12,233 - DEBUG - Gradient Function: x.shape = (288, 64), y.shape = (288,)
2025-06-01 13:55:12,233 - DEBUG - Compute Cost Function: x.shape=(288, 64),y.shape=(288,)
2025-06-01 13:55:12,234 - DEBUG - Gradient Function: x.shape = (288, 64), y.shape = (288,)
2025-06-01 13:55:12,234 - DEBUG - Compute Cost Function: x.shape=(288, 64),y.shape=(288,)
2025-06-01 13:55:12,235 - DEBUG - Gradient Function: x.shape = (288, 64), y.shape = (288,)
2025-06-01 13:55:12,235 - DEBUG - Compute Cost Function: x.shape=(288, 64),y.shape=(288,)
2025-06-01 13:55:12,235 - DEBUG - Gradient Function: x.shape = (288, 64), y.shape = (288,)
2025-06-01 13:55:12,236 - DEBUG - Compute Cost Function: x.shape=(288, 64),y.shape=(288,)
2025-06-01 13:55:12,236 - DEBUG - Gradient Function: x.shape = (288, 64), y.shape = (288,)
2025-06-01 13:55:12,237 - DEBUG - Compute Cost Function: x.shape=(288, 64),y.shape=(288,)
2025-06-01 13:55:12,237 - DEBUG - Gradient Function: x.shape = (288, 64), y.shape = (288,)
2025-06-01 13:55:12,237 - DEBUG - Compute Cost Function: x.shape=(288, 64),y.shape=(288,)
2025-06-01 13:55:12,237 - DEBUG - Gradient Function: x.shape = (288, 64), y.shape = (288,)
2025-06-01 13:55:12,238 - DEBUG - Compute Cost Function: x.shape=(288, 64),y.shape=(288,)
2025-06-01 13:55:12,238 - DEBUG - Gradient Function: x.shape = (288, 64), y.shape = (288,)
2025-06-01 13:55:12,238 - DEBUG - Compute Cost Function: x.shape=(288, 64),y.shape=(288,)
2025-06-01 13:55:12,239 - DEBUG - Gradient Function: x.shape = (288, 64), y.shape = (288,)
2025-06-01 13:55:12,239 - DEBUG - Compute Cost Function: x.shape=(288, 64),y.shape=(288,)
2025-06-01 13:55:12,239 - DEBUG - Gradient Function: x.shape = (288, 64), y.shape = (288,)
2025-06-01 13:55:12,239 - DEBUG - Compute Cost Function: x.shape=(288, 64),y.shape=(288,)
2025-06-01 13:55:12,240 - DEBUG - Gradient Function: x.shape = (288, 64), y.shape = (288,)
2025-06-01 13:55:12,240 - DEBUG - Compute Cost Function: x.shape=(288, 64),y.shape=(288,)
2025-06-01 13:55:12,240 - DEBUG - Gradient Function: x.shape = (288, 64), y.shape = (288,)
2025-06-01 13:55:12,240 - DEBUG - Compute Cost Function: x.shape=(288, 64),y.shape=(288,)
2025-06-01 13:55:12,240 - DEBUG - Gradient Function: x.shape = (288, 64), y.shape = (288,)
2025-06-01 13:55:12,241 - DEBUG - Compute Cost Function: x.shape=(288, 64),y.shape=(288,)
2025-06-01 13:55:12,241 - DEBUG - Gradient Function: x.shape = (288, 64), y.shape = (288,)
2025-06-01 13:55:12,241 - DEBUG - Compute Cost Function: x.shape=(288, 64),y.shape=(288,)
2025-06-01 13:55:12,242 - DEBUG - Gradient Function: x.shape = (288, 64), y.shape = (288,)
2025-06-01 13:55:12,242 - DEBUG - Compute Cost Function: x.shape=(288, 64),y.shape=(288,)
2025-06-01 13:55:12,242 - DEBUG - Gradient Function: x.shape = (288, 64), y.shape = (288,)
2025-06-01 13:55:12,243 - DEBUG - Compute Cost Function: x.shape=(288, 64),y.shape=(288,)
2025-06-01 13:55:12,243 - DEBUG - Gradient Function: x.shape = (288, 64), y.shape = (288,)
2025-06-01 13:55:12,243 - DEBUG - Compute Cost Function: x.shape=(288, 64),y.shape=(288,)
2025-06-01 13:55:12,243 - DEBUG - Gradient Function: x.shape = (288, 64), y.shape = (288,)
2025-06-01 13:55:12,243 - DEBUG - Compute Cost Function: x.shape=(288, 64),y.shape=(288,)
2025-06-01 13:55:12,244 - DEBUG - Gradient Function: x.shape = (288, 64), y.shape = (288,)
2025-06-01 13:55:12,244 - DEBUG - Compute Cost Function: x.shape=(288, 64),y.shape=(288,)
2025-06-01 13:55:12,244 - DEBUG - Gradient Function: x.shape = (288, 64), y.shape = (288,)
2025-06-01 13:55:12,245 - DEBUG - Compute Cost Function: x.shape=(288, 64),y.shape=(288,)
2025-06-01 13:55:12,245 - DEBUG - Gradient Function: x.shape = (288, 64), y.shape = (288,)
2025-06-01 13:55:12,245 - DEBUG - Compute Cost Function: x.shape=(288, 64),y.shape=(288,)
2025-06-01 13:55:12,245 - DEBUG - Gradient Function: x.shape = (288, 64), y.shape = (288,)
2025-06-01 13:55:12,246 - DEBUG - Compute Cost Function: x.shape=(288, 64),y.shape=(288,)
2025-06-01 13:55:12,246 - DEBUG - Gradient Function: x.shape = (288, 64), y.shape = (288,)
2025-06-01 13:55:12,246 - DEBUG - Compute Cost Function: x.shape=(288, 64),y.shape=(288,)
2025-06-01 13:55:12,247 - DEBUG - Gradient Function: x.shape = (288, 64), y.shape = (288,)
2025-06-01 13:55:12,247 - DEBUG - Compute Cost Function: x.shape=(288, 64),y.shape=(288,)
2025-06-01 13:55:12,247 - DEBUG - Gradient Function: x.shape = (288, 64), y.shape = (288,)
2025-06-01 13:55:12,248 - DEBUG - Compute Cost Function: x.shape=(288, 64),y.shape=(288,)
2025-06-01 13:55:12,248 - DEBUG - Gradient Function: x.shape = (288, 64), y.shape = (288,)
2025-06-01 13:55:12,249 - DEBUG - Compute Cost Function: x.shape=(288, 64),y.shape=(288,)
2025-06-01 13:55:12,249 - DEBUG - Gradient Function: x.shape = (288, 64), y.shape = (288,)
2025-06-01 13:55:12,249 - DEBUG - Compute Cost Function: x.shape=(288, 64),y.shape=(288,)
2025-06-01 13:55:12,249 - DEBUG - Gradient Function: x.shape = (288, 64), y.shape = (288,)
2025-06-01 13:55:12,250 - DEBUG - Compute Cost Function: x.shape=(288, 64),y.shape=(288,)
2025-06-01 13:55:12,250 - DEBUG - Gradient Function: x.shape = (288, 64), y.shape = (288,)
2025-06-01 13:55:12,250 - DEBUG - Compute Cost Function: x.shape=(288, 64),y.shape=(288,)
2025-06-01 13:55:12,250 - DEBUG - Gradient Function: x.shape = (288, 64), y.shape = (288,)
2025-06-01 13:55:12,251 - DEBUG - Compute Cost Function: x.shape=(288, 64),y.shape=(288,)
2025-06-01 13:55:12,251 - DEBUG - Gradient Function: x.shape = (288, 64), y.shape = (288,)
2025-06-01 13:55:12,251 - DEBUG - Compute Cost Function: x.shape=(288, 64),y.shape=(288,)
2025-06-01 13:55:12,251 - DEBUG - Gradient Function: x.shape = (288, 64), y.shape = (288,)
2025-06-01 13:55:12,251 - DEBUG - Compute Cost Function: x.shape=(288, 64),y.shape=(288,)
2025-06-01 13:55:12,252 - DEBUG - Gradient Function: x.shape = (288, 64), y.shape = (288,)
2025-06-01 13:55:12,252 - DEBUG - Compute Cost Function: x.shape=(288, 64),y.shape=(288,)
2025-06-01 13:55:12,252 - DEBUG - Gradient Function: x.shape = (288, 64), y.shape = (288,)
2025-06-01 13:55:12,252 - DEBUG - Compute Cost Function: x.shape=(288, 64),y.shape=(288,)
2025-06-01 13:55:12,253 - DEBUG - Gradient Function: x.shape = (288, 64), y.shape = (288,)
2025-06-01 13:55:12,253 - DEBUG - Compute Cost Function: x.shape=(288, 64),y.shape=(288,)
2025-06-01 13:55:12,253 - DEBUG - Gradient Function: x.shape = (288, 64), y.shape = (288,)
2025-06-01 13:55:12,253 - DEBUG - Compute Cost Function: x.shape=(288, 64),y.shape=(288,)
2025-06-01 13:55:12,254 - DEBUG - Gradient Function: x.shape = (288, 64), y.shape = (288,)
2025-06-01 13:55:12,254 - DEBUG - Compute Cost Function: x.shape=(288, 64),y.shape=(288,)
2025-06-01 13:55:12,254 - DEBUG - Gradient Function: x.shape = (288, 64), y.shape = (288,)
2025-06-01 13:55:12,254 - DEBUG - Compute Cost Function: x.shape=(288, 64),y.shape=(288,)
2025-06-01 13:55:12,254 - DEBUG - Gradient Function: x.shape = (288, 64), y.shape = (288,)
2025-06-01 13:55:12,255 - DEBUG - Compute Cost Function: x.shape=(288, 64),y.shape=(288,)
2025-06-01 13:55:12,255 - DEBUG - Gradient Function: x.shape = (288, 64), y.shape = (288,)
2025-06-01 13:55:12,255 - DEBUG - Compute Cost Function: x.shape=(288, 64),y.shape=(288,)
2025-06-01 13:55:12,255 - DEBUG - Gradient Function: x.shape = (288, 64), y.shape = (288,)
2025-06-01 13:55:12,255 - DEBUG - Compute Cost Function: x.shape=(288, 64),y.shape=(288,)
2025-06-01 13:55:12,256 - DEBUG - Gradient Function: x.shape = (288, 64), y.shape = (288,)
2025-06-01 13:55:12,256 - DEBUG - Compute Cost Function: x.shape=(288, 64),y.shape=(288,)
2025-06-01 13:55:12,256 - DEBUG - Gradient Function: x.shape = (288, 64), y.shape = (288,)
2025-06-01 13:55:12,256 - DEBUG - Compute Cost Function: x.shape=(288, 64),y.shape=(288,)
2025-06-01 13:55:12,256 - DEBUG - Gradient Function: x.shape = (288, 64), y.shape = (288,)
2025-06-01 13:55:12,257 - DEBUG - Compute Cost Function: x.shape=(288, 64),y.shape=(288,)
2025-06-01 13:55:12,257 - DEBUG - Gradient Function: x.shape = (288, 64), y.shape = (288,)
2025-06-01 13:55:12,257 - DEBUG - Compute Cost Function: x.shape=(288, 64),y.shape=(288,)
2025-06-01 13:55:12,257 - DEBUG - Gradient Function: x.shape = (288, 64), y.shape = (288,)
2025-06-01 13:55:12,257 - DEBUG - Compute Cost Function: x.shape=(288, 64),y.shape=(288,)
2025-06-01 13:55:12,257 - DEBUG - Gradient Function: x.shape = (288, 64), y.shape = (288,)
2025-06-01 13:55:12,258 - DEBUG - Compute Cost Function: x.shape=(288, 64),y.shape=(288,)
2025-06-01 13:55:12,258 - DEBUG - Gradient Function: x.shape = (288, 64), y.shape = (288,)
2025-06-01 13:55:12,258 - DEBUG - Compute Cost Function: x.shape=(288, 64),y.shape=(288,)
2025-06-01 13:55:12,258 - DEBUG - Gradient Function: x.shape = (288, 64), y.shape = (288,)
2025-06-01 13:55:12,259 - DEBUG - Compute Cost Function: x.shape=(288, 64),y.shape=(288,)
2025-06-01 13:55:12,259 - DEBUG - Gradient Function: x.shape = (288, 64), y.shape = (288,)
2025-06-01 13:55:12,259 - DEBUG - Compute Cost Function: x.shape=(288, 64),y.shape=(288,)
2025-06-01 13:55:12,259 - DEBUG - Gradient Function: x.shape = (288, 64), y.shape = (288,)
2025-06-01 13:55:12,259 - DEBUG - Compute Cost Function: x.shape=(288, 64),y.shape=(288,)
2025-06-01 13:55:12,260 - DEBUG - Gradient Function: x.shape = (288, 64), y.shape = (288,)
2025-06-01 13:55:12,260 - DEBUG - Compute Cost Function: x.shape=(288, 64),y.shape=(288,)
2025-06-01 13:55:12,260 - DEBUG - Gradient Function: x.shape = (288, 64), y.shape = (288,)
2025-06-01 13:55:12,261 - DEBUG - Compute Cost Function: x.shape=(288, 64),y.shape=(288,)
2025-06-01 13:55:12,261 - DEBUG - Gradient Function: x.shape = (288, 64), y.shape = (288,)
2025-06-01 13:55:12,261 - DEBUG - Compute Cost Function: x.shape=(288, 64),y.shape=(288,)
2025-06-01 13:55:12,262 - DEBUG - Gradient Function: x.shape = (288, 64), y.shape = (288,)
2025-06-01 13:55:12,262 - DEBUG - Compute Cost Function: x.shape=(288, 64),y.shape=(288,)
2025-06-01 13:55:12,262 - DEBUG - Gradient Function: x.shape = (288, 64), y.shape = (288,)
2025-06-01 13:55:12,263 - DEBUG - Compute Cost Function: x.shape=(288, 64),y.shape=(288,)
2025-06-01 13:55:12,263 - DEBUG - Gradient Function: x.shape = (288, 64), y.shape = (288,)
2025-06-01 13:55:12,263 - DEBUG - Compute Cost Function: x.shape=(288, 64),y.shape=(288,)
2025-06-01 13:55:12,263 - DEBUG - Gradient Function: x.shape = (288, 64), y.shape = (288,)
2025-06-01 13:55:12,263 - DEBUG - Compute Cost Function: x.shape=(288, 64),y.shape=(288,)
2025-06-01 13:55:12,264 - DEBUG - Gradient Function: x.shape = (288, 64), y.shape = (288,)
2025-06-01 13:55:12,264 - DEBUG - Compute Cost Function: x.shape=(288, 64),y.shape=(288,)
2025-06-01 13:55:12,264 - DEBUG - Gradient Function: x.shape = (288, 64), y.shape = (288,)
2025-06-01 13:55:12,264 - DEBUG - Compute Cost Function: x.shape=(288, 64),y.shape=(288,)
2025-06-01 13:55:12,264 - DEBUG - Gradient Function: x.shape = (288, 64), y.shape = (288,)
2025-06-01 13:55:12,265 - DEBUG - Compute Cost Function: x.shape=(288, 64),y.shape=(288,)
2025-06-01 13:55:12,265 - DEBUG - Gradient Function: x.shape = (288, 64), y.shape = (288,)
2025-06-01 13:55:12,265 - DEBUG - Compute Cost Function: x.shape=(288, 64),y.shape=(288,)
2025-06-01 13:55:12,265 - DEBUG - Gradient Function: x.shape = (288, 64), y.shape = (288,)
2025-06-01 13:55:12,266 - DEBUG - Compute Cost Function: x.shape=(288, 64),y.shape=(288,)
2025-06-01 13:55:12,266 - DEBUG - Gradient Function: x.shape = (288, 64), y.shape = (288,)
2025-06-01 13:55:12,266 - DEBUG - Compute Cost Function: x.shape=(288, 64),y.shape=(288,)
2025-06-01 13:55:12,266 - DEBUG - Gradient Function: x.shape = (288, 64), y.shape = (288,)
2025-06-01 13:55:12,266 - DEBUG - Compute Cost Function: x.shape=(288, 64),y.shape=(288,)
2025-06-01 13:55:12,266 - DEBUG - Gradient Function: x.shape = (288, 64), y.shape = (288,)
2025-06-01 13:55:12,267 - DEBUG - Compute Cost Function: x.shape=(288, 64),y.shape=(288,)
2025-06-01 13:55:12,267 - DEBUG - Gradient Function: x.shape = (288, 64), y.shape = (288,)
2025-06-01 13:55:12,267 - DEBUG - Compute Cost Function: x.shape=(288, 64),y.shape=(288,)
2025-06-01 13:55:12,267 - DEBUG - Gradient Function: x.shape = (288, 64), y.shape = (288,)
2025-06-01 13:55:12,268 - DEBUG - Compute Cost Function: x.shape=(288, 64),y.shape=(288,)
2025-06-01 13:55:12,268 - DEBUG - Gradient Function: x.shape = (288, 64), y.shape = (288,)
2025-06-01 13:55:12,268 - DEBUG - Compute Cost Function: x.shape=(288, 64),y.shape=(288,)
2025-06-01 13:55:12,268 - DEBUG - Gradient Function: x.shape = (288, 64), y.shape = (288,)
2025-06-01 13:55:12,268 - DEBUG - Compute Cost Function: x.shape=(288, 64),y.shape=(288,)
2025-06-01 13:55:12,268 - DEBUG - Gradient Function: x.shape = (288, 64), y.shape = (288,)
2025-06-01 13:55:12,269 - DEBUG - Compute Cost Function: x.shape=(288, 64),y.shape=(288,)
2025-06-01 13:55:12,269 - DEBUG - Gradient Function: x.shape = (288, 64), y.shape = (288,)
2025-06-01 13:55:12,269 - DEBUG - Compute Cost Function: x.shape=(288, 64),y.shape=(288,)
2025-06-01 13:55:12,269 - DEBUG - Gradient Function: x.shape = (288, 64), y.shape = (288,)
2025-06-01 13:55:12,269 - DEBUG - Compute Cost Function: x.shape=(288, 64),y.shape=(288,)
2025-06-01 13:55:12,269 - DEBUG - Gradient Function: x.shape = (288, 64), y.shape = (288,)
2025-06-01 13:55:12,270 - DEBUG - Compute Cost Function: x.shape=(288, 64),y.shape=(288,)
2025-06-01 13:55:12,270 - DEBUG - Gradient Function: x.shape = (288, 64), y.shape = (288,)
2025-06-01 13:55:12,270 - DEBUG - Compute Cost Function: x.shape=(288, 64),y.shape=(288,)
2025-06-01 13:55:12,270 - DEBUG - Gradient Function: x.shape = (288, 64), y.shape = (288,)
2025-06-01 13:55:12,270 - DEBUG - Compute Cost Function: x.shape=(288, 64),y.shape=(288,)
2025-06-01 13:55:12,270 - DEBUG - Gradient Function: x.shape = (288, 64), y.shape = (288,)
2025-06-01 13:55:12,271 - DEBUG - Compute Cost Function: x.shape=(288, 64),y.shape=(288,)
2025-06-01 13:55:12,271 - DEBUG - Gradient Function: x.shape = (288, 64), y.shape = (288,)
2025-06-01 13:55:12,271 - DEBUG - Compute Cost Function: x.shape=(288, 64),y.shape=(288,)
2025-06-01 13:55:12,271 - DEBUG - Gradient Function: x.shape = (288, 64), y.shape = (288,)
2025-06-01 13:55:12,271 - DEBUG - Compute Cost Function: x.shape=(288, 64),y.shape=(288,)
2025-06-01 13:55:12,272 - DEBUG - Gradient Function: x.shape = (288, 64), y.shape = (288,)
2025-06-01 13:55:12,272 - DEBUG - Compute Cost Function: x.shape=(288, 64),y.shape=(288,)
2025-06-01 13:55:12,272 - DEBUG - Gradient Function: x.shape = (288, 64), y.shape = (288,)
2025-06-01 13:55:12,273 - DEBUG - Compute Cost Function: x.shape=(288, 64),y.shape=(288,)
2025-06-01 13:55:12,273 - DEBUG - Gradient Function: x.shape = (288, 64), y.shape = (288,)
2025-06-01 13:55:12,273 - DEBUG - Compute Cost Function: x.shape=(288, 64),y.shape=(288,)
2025-06-01 13:55:12,273 - DEBUG - Gradient Function: x.shape = (288, 64), y.shape = (288,)
2025-06-01 13:55:12,273 - DEBUG - Compute Cost Function: x.shape=(288, 64),y.shape=(288,)
2025-06-01 13:55:12,273 - DEBUG - Gradient Function: x.shape = (288, 64), y.shape = (288,)
2025-06-01 13:55:12,274 - DEBUG - Compute Cost Function: x.shape=(288, 64),y.shape=(288,)
2025-06-01 13:55:12,274 - DEBUG - Gradient Function: x.shape = (288, 64), y.shape = (288,)
2025-06-01 13:55:12,274 - DEBUG - Compute Cost Function: x.shape=(288, 64),y.shape=(288,)
2025-06-01 13:55:12,274 - DEBUG - Gradient Function: x.shape = (288, 64), y.shape = (288,)
2025-06-01 13:55:12,274 - DEBUG - Compute Cost Function: x.shape=(288, 64),y.shape=(288,)
2025-06-01 13:55:12,274 - DEBUG - Gradient Function: x.shape = (288, 64), y.shape = (288,)
2025-06-01 13:55:12,275 - DEBUG - Compute Cost Function: x.shape=(288, 64),y.shape=(288,)
2025-06-01 13:55:12,275 - DEBUG - Gradient Function: x.shape = (288, 64), y.shape = (288,)
2025-06-01 13:55:12,275 - DEBUG - Compute Cost Function: x.shape=(288, 64),y.shape=(288,)
2025-06-01 13:55:12,275 - DEBUG - Gradient Function: x.shape = (288, 64), y.shape = (288,)
2025-06-01 13:55:12,275 - DEBUG - Compute Cost Function: x.shape=(288, 64),y.shape=(288,)
2025-06-01 13:55:12,276 - DEBUG - Gradient Function: x.shape = (288, 64), y.shape = (288,)
2025-06-01 13:55:12,276 - DEBUG - Compute Cost Function: x.shape=(288, 64),y.shape=(288,)
2025-06-01 13:55:12,276 - DEBUG - Gradient Function: x.shape = (288, 64), y.shape = (288,)
2025-06-01 13:55:12,277 - DEBUG - Compute Cost Function: x.shape=(288, 64),y.shape=(288,)
2025-06-01 13:55:12,277 - DEBUG - Gradient Function: x.shape = (288, 64), y.shape = (288,)
2025-06-01 13:55:12,277 - DEBUG - Compute Cost Function: x.shape=(288, 64),y.shape=(288,)
2025-06-01 13:55:12,278 - DEBUG - Gradient Function: x.shape = (288, 64), y.shape = (288,)
2025-06-01 13:55:12,278 - DEBUG - Compute Cost Function: x.shape=(288, 64),y.shape=(288,)
2025-06-01 13:55:12,278 - DEBUG - Gradient Function: x.shape = (288, 64), y.shape = (288,)
2025-06-01 13:55:12,279 - DEBUG - Compute Cost Function: x.shape=(288, 64),y.shape=(288,)
2025-06-01 13:55:12,279 - DEBUG - Gradient Function: x.shape = (288, 64), y.shape = (288,)
2025-06-01 13:55:12,279 - DEBUG - Compute Cost Function: x.shape=(288, 64),y.shape=(288,)
2025-06-01 13:55:12,279 - DEBUG - Gradient Function: x.shape = (288, 64), y.shape = (288,)
2025-06-01 13:55:12,279 - DEBUG - Compute Cost Function: x.shape=(288, 64),y.shape=(288,)
2025-06-01 13:55:12,279 - DEBUG - Gradient Function: x.shape = (288, 64), y.shape = (288,)
2025-06-01 13:55:12,279 - DEBUG - Compute Cost Function: x.shape=(288, 64),y.shape=(288,)
2025-06-01 13:55:12,279 - DEBUG - Gradient Function: x.shape = (288, 64), y.shape = (288,)
2025-06-01 13:55:12,279 - INFO - Cost after iteration 100: 0.10162365223073401
2025-06-01 13:55:12,279 - DEBUG - Compute Cost Function: x.shape=(288, 64),y.shape=(288,)
2025-06-01 13:55:12,279 - DEBUG - Gradient Function: x.shape = (288, 64), y.shape = (288,)
2025-06-01 13:55:12,279 - DEBUG - Compute Cost Function: x.shape=(288, 64),y.shape=(288,)
2025-06-01 13:55:12,279 - DEBUG - Gradient Function: x.shape = (288, 64), y.shape = (288,)
2025-06-01 13:55:12,279 - DEBUG - Compute Cost Function: x.shape=(288, 64),y.shape=(288,)
2025-06-01 13:55:12,279 - DEBUG - Gradient Function: x.shape = (288, 64), y.shape = (288,)
2025-06-01 13:55:12,279 - DEBUG - Compute Cost Function: x.shape=(288, 64),y.shape=(288,)
2025-06-01 13:55:12,279 - DEBUG - Gradient Function: x.shape = (288, 64), y.shape = (288,)
2025-06-01 13:55:12,279 - DEBUG - Compute Cost Function: x.shape=(288, 64),y.shape=(288,)
2025-06-01 13:55:12,279 - DEBUG - Gradient Function: x.shape = (288, 64), y.shape = (288,)
2025-06-01 13:55:12,279 - DEBUG - Compute Cost Function: x.shape=(288, 64),y.shape=(288,)
2025-06-01 13:55:12,279 - DEBUG - Gradient Function: x.shape = (288, 64), y.shape = (288,)
2025-06-01 13:55:12,279 - DEBUG - Compute Cost Function: x.shape=(288, 64),y.shape=(288,)
2025-06-01 13:55:12,279 - DEBUG - Gradient Function: x.shape = (288, 64), y.shape = (288,)
2025-06-01 13:55:12,279 - DEBUG - Compute Cost Function: x.shape=(288, 64),y.shape=(288,)
2025-06-01 13:55:12,279 - DEBUG - Gradient Function: x.shape = (288, 64), y.shape = (288,)
2025-06-01 13:55:12,279 - DEBUG - Compute Cost Function: x.shape=(288, 64),y.shape=(288,)
2025-06-01 13:55:12,279 - DEBUG - Gradient Function: x.shape = (288, 64), y.shape = (288,)
2025-06-01 13:55:12,279 - DEBUG - Compute Cost Function: x.shape=(288, 64),y.shape=(288,)
2025-06-01 13:55:12,279 - DEBUG - Gradient Function: x.shape = (288, 64), y.shape = (288,)
2025-06-01 13:55:12,279 - DEBUG - Compute Cost Function: x.shape=(288, 64),y.shape=(288,)
2025-06-01 13:55:12,279 - DEBUG - Gradient Function: x.shape = (288, 64), y.shape = (288,)
2025-06-01 13:55:12,279 - DEBUG - Compute Cost Function: x.shape=(288, 64),y.shape=(288,)
2025-06-01 13:55:12,279 - DEBUG - Gradient Function: x.shape = (288, 64), y.shape = (288,)
2025-06-01 13:55:12,279 - DEBUG - Compute Cost Function: x.shape=(288, 64),y.shape=(288,)
2025-06-01 13:55:12,279 - DEBUG - Gradient Function: x.shape = (288, 64), y.shape = (288,)
2025-06-01 13:55:12,279 - DEBUG - Compute Cost Function: x.shape=(288, 64),y.shape=(288,)
2025-06-01 13:55:12,279 - DEBUG - Gradient Function: x.shape = (288, 64), y.shape = (288,)
2025-06-01 13:55:12,279 - DEBUG - Compute Cost Function: x.shape=(288, 64),y.shape=(288,)
2025-06-01 13:55:12,279 - DEBUG - Gradient Function: x.shape = (288, 64), y.shape = (288,)
2025-06-01 13:55:12,279 - DEBUG - Compute Cost Function: x.shape=(288, 64),y.shape=(288,)
2025-06-01 13:55:12,279 - DEBUG - Gradient Function: x.shape = (288, 64), y.shape = (288,)
2025-06-01 13:55:12,279 - DEBUG - Compute Cost Function: x.shape=(288, 64),y.shape=(288,)
2025-06-01 13:55:12,279 - DEBUG - Gradient Function: x.shape = (288, 64), y.shape = (288,)
2025-06-01 13:55:12,279 - DEBUG - Compute Cost Function: x.shape=(288, 64),y.shape=(288,)
2025-06-01 13:55:12,279 - DEBUG - Gradient Function: x.shape = (288, 64), y.shape = (288,)
2025-06-01 13:55:12,279 - DEBUG - Compute Cost Function: x.shape=(288, 64),y.shape=(288,)
2025-06-01 13:55:12,279 - DEBUG - Gradient Function: x.shape = (288, 64), y.shape = (288,)
2025-06-01 13:55:12,279 - DEBUG - Compute Cost Function: x.shape=(288, 64),y.shape=(288,)
2025-06-01 13:55:12,279 - DEBUG - Gradient Function: x.shape = (288, 64), y.shape = (288,)
2025-06-01 13:55:12,279 - DEBUG - Compute Cost Function: x.shape=(288, 64),y.shape=(288,)
2025-06-01 13:55:12,279 - DEBUG - Gradient Function: x.shape = (288, 64), y.shape = (288,)
2025-06-01 13:55:12,279 - DEBUG - Compute Cost Function: x.shape=(288, 64),y.shape=(288,)
2025-06-01 13:55:12,279 - DEBUG - Gradient Function: x.shape = (288, 64), y.shape = (288,)
2025-06-01 13:55:12,279 - DEBUG - Compute Cost Function: x.shape=(288, 64),y.shape=(288,)
2025-06-01 13:55:12,279 - DEBUG - Gradient Function: x.shape = (288, 64), y.shape = (288,)
2025-06-01 13:55:12,279 - DEBUG - Compute Cost Function: x.shape=(288, 64),y.shape=(288,)
2025-06-01 13:55:12,279 - DEBUG - Gradient Function: x.shape = (288, 64), y.shape = (288,)
2025-06-01 13:55:12,279 - DEBUG - Compute Cost Function: x.shape=(288, 64),y.shape=(288,)
2025-06-01 13:55:12,279 - DEBUG - Gradient Function: x.shape = (288, 64), y.shape = (288,)
2025-06-01 13:55:12,279 - DEBUG - Compute Cost Function: x.shape=(288, 64),y.shape=(288,)
2025-06-01 13:55:12,279 - DEBUG - Gradient Function: x.shape = (288, 64), y.shape = (288,)
2025-06-01 13:55:12,279 - DEBUG - Compute Cost Function: x.shape=(288, 64),y.shape=(288,)
2025-06-01 13:55:12,279 - DEBUG - Gradient Function: x.shape = (288, 64), y.shape = (288,)
2025-06-01 13:55:12,279 - DEBUG - Compute Cost Function: x.shape=(288, 64),y.shape=(288,)
2025-06-01 13:55:12,279 - DEBUG - Gradient Function: x.shape = (288, 64), y.shape = (288,)
2025-06-01 13:55:12,279 - DEBUG - Compute Cost Function: x.shape=(288, 64),y.shape=(288,)
2025-06-01 13:55:12,279 - DEBUG - Gradient Function: x.shape = (288, 64), y.shape = (288,)
2025-06-01 13:55:12,279 - DEBUG - Compute Cost Function: x.shape=(288, 64),y.shape=(288,)
2025-06-01 13:55:12,279 - DEBUG - Gradient Function: x.shape = (288, 64), y.shape = (288,)
2025-06-01 13:55:12,279 - DEBUG - Compute Cost Function: x.shape=(288, 64),y.shape=(288,)
2025-06-01 13:55:12,279 - DEBUG - Gradient Function: x.shape = (288, 64), y.shape = (288,)
2025-06-01 13:55:12,293 - DEBUG - Compute Cost Function: x.shape=(288, 64),y.shape=(288,)
2025-06-01 13:55:12,294 - DEBUG - Gradient Function: x.shape = (288, 64), y.shape = (288,)
2025-06-01 13:55:12,295 - DEBUG - Compute Cost Function: x.shape=(288, 64),y.shape=(288,)
2025-06-01 13:55:12,295 - DEBUG - Gradient Function: x.shape = (288, 64), y.shape = (288,)
2025-06-01 13:55:12,296 - DEBUG - Compute Cost Function: x.shape=(288, 64),y.shape=(288,)
2025-06-01 13:55:12,296 - DEBUG - Gradient Function: x.shape = (288, 64), y.shape = (288,)
2025-06-01 13:55:12,296 - DEBUG - Compute Cost Function: x.shape=(288, 64),y.shape=(288,)
2025-06-01 13:55:12,296 - DEBUG - Gradient Function: x.shape = (288, 64), y.shape = (288,)
2025-06-01 13:55:12,297 - DEBUG - Compute Cost Function: x.shape=(288, 64),y.shape=(288,)
2025-06-01 13:55:12,297 - DEBUG - Gradient Function: x.shape = (288, 64), y.shape = (288,)
2025-06-01 13:55:12,297 - DEBUG - Compute Cost Function: x.shape=(288, 64),y.shape=(288,)
2025-06-01 13:55:12,297 - DEBUG - Gradient Function: x.shape = (288, 64), y.shape = (288,)
2025-06-01 13:55:12,297 - DEBUG - Compute Cost Function: x.shape=(288, 64),y.shape=(288,)
2025-06-01 13:55:12,298 - DEBUG - Gradient Function: x.shape = (288, 64), y.shape = (288,)
2025-06-01 13:55:12,298 - DEBUG - Compute Cost Function: x.shape=(288, 64),y.shape=(288,)
2025-06-01 13:55:12,298 - DEBUG - Gradient Function: x.shape = (288, 64), y.shape = (288,)
2025-06-01 13:55:12,298 - DEBUG - Compute Cost Function: x.shape=(288, 64),y.shape=(288,)
2025-06-01 13:55:12,298 - DEBUG - Gradient Function: x.shape = (288, 64), y.shape = (288,)
2025-06-01 13:55:12,299 - DEBUG - Compute Cost Function: x.shape=(288, 64),y.shape=(288,)
2025-06-01 13:55:12,299 - DEBUG - Gradient Function: x.shape = (288, 64), y.shape = (288,)
2025-06-01 13:55:12,299 - DEBUG - Compute Cost Function: x.shape=(288, 64),y.shape=(288,)
2025-06-01 13:55:12,299 - DEBUG - Gradient Function: x.shape = (288, 64), y.shape = (288,)
2025-06-01 13:55:12,299 - DEBUG - Compute Cost Function: x.shape=(288, 64),y.shape=(288,)
2025-06-01 13:55:12,300 - DEBUG - Gradient Function: x.shape = (288, 64), y.shape = (288,)
2025-06-01 13:55:12,300 - DEBUG - Compute Cost Function: x.shape=(288, 64),y.shape=(288,)
2025-06-01 13:55:12,300 - DEBUG - Gradient Function: x.shape = (288, 64), y.shape = (288,)
2025-06-01 13:55:12,301 - DEBUG - Compute Cost Function: x.shape=(288, 64),y.shape=(288,)
2025-06-01 13:55:12,301 - DEBUG - Gradient Function: x.shape = (288, 64), y.shape = (288,)
2025-06-01 13:55:12,301 - DEBUG - Compute Cost Function: x.shape=(288, 64),y.shape=(288,)
2025-06-01 13:55:12,301 - DEBUG - Gradient Function: x.shape = (288, 64), y.shape = (288,)
2025-06-01 13:55:12,301 - DEBUG - Compute Cost Function: x.shape=(288, 64),y.shape=(288,)
2025-06-01 13:55:12,301 - DEBUG - Gradient Function: x.shape = (288, 64), y.shape = (288,)
2025-06-01 13:55:12,302 - DEBUG - Compute Cost Function: x.shape=(288, 64),y.shape=(288,)
2025-06-01 13:55:12,302 - DEBUG - Gradient Function: x.shape = (288, 64), y.shape = (288,)
2025-06-01 13:55:12,302 - DEBUG - Compute Cost Function: x.shape=(288, 64),y.shape=(288,)
2025-06-01 13:55:12,302 - DEBUG - Gradient Function: x.shape = (288, 64), y.shape = (288,)
2025-06-01 13:55:12,302 - DEBUG - Compute Cost Function: x.shape=(288, 64),y.shape=(288,)
2025-06-01 13:55:12,302 - DEBUG - Gradient Function: x.shape = (288, 64), y.shape = (288,)
2025-06-01 13:55:12,303 - DEBUG - Compute Cost Function: x.shape=(288, 64),y.shape=(288,)
2025-06-01 13:55:12,303 - DEBUG - Gradient Function: x.shape = (288, 64), y.shape = (288,)
2025-06-01 13:55:12,303 - DEBUG - Compute Cost Function: x.shape=(288, 64),y.shape=(288,)
2025-06-01 13:55:12,303 - DEBUG - Gradient Function: x.shape = (288, 64), y.shape = (288,)
2025-06-01 13:55:12,303 - DEBUG - Compute Cost Function: x.shape=(288, 64),y.shape=(288,)
2025-06-01 13:55:12,303 - DEBUG - Gradient Function: x.shape = (288, 64), y.shape = (288,)
2025-06-01 13:55:12,303 - DEBUG - Compute Cost Function: x.shape=(288, 64),y.shape=(288,)
2025-06-01 13:55:12,303 - DEBUG - Gradient Function: x.shape = (288, 64), y.shape = (288,)
2025-06-01 13:55:12,304 - DEBUG - Compute Cost Function: x.shape=(288, 64),y.shape=(288,)
2025-06-01 13:55:12,304 - DEBUG - Gradient Function: x.shape = (288, 64), y.shape = (288,)
2025-06-01 13:55:12,304 - DEBUG - Compute Cost Function: x.shape=(288, 64),y.shape=(288,)
2025-06-01 13:55:12,304 - DEBUG - Gradient Function: x.shape = (288, 64), y.shape = (288,)
2025-06-01 13:55:12,304 - DEBUG - Compute Cost Function: x.shape=(288, 64),y.shape=(288,)
2025-06-01 13:55:12,304 - DEBUG - Gradient Function: x.shape = (288, 64), y.shape = (288,)
2025-06-01 13:55:12,304 - DEBUG - Compute Cost Function: x.shape=(288, 64),y.shape=(288,)
2025-06-01 13:55:12,305 - DEBUG - Gradient Function: x.shape = (288, 64), y.shape = (288,)
2025-06-01 13:55:12,305 - DEBUG - Compute Cost Function: x.shape=(288, 64),y.shape=(288,)
2025-06-01 13:55:12,305 - DEBUG - Gradient Function: x.shape = (288, 64), y.shape = (288,)
2025-06-01 13:55:12,305 - DEBUG - Compute Cost Function: x.shape=(288, 64),y.shape=(288,)
2025-06-01 13:55:12,305 - DEBUG - Gradient Function: x.shape = (288, 64), y.shape = (288,)
2025-06-01 13:55:12,305 - DEBUG - Compute Cost Function: x.shape=(288, 64),y.shape=(288,)
2025-06-01 13:55:12,305 - DEBUG - Gradient Function: x.shape = (288, 64), y.shape = (288,)
2025-06-01 13:55:12,305 - DEBUG - Compute Cost Function: x.shape=(288, 64),y.shape=(288,)
2025-06-01 13:55:12,305 - DEBUG - Gradient Function: x.shape = (288, 64), y.shape = (288,)
2025-06-01 13:55:12,306 - DEBUG - Compute Cost Function: x.shape=(288, 64),y.shape=(288,)
2025-06-01 13:55:12,306 - DEBUG - Gradient Function: x.shape = (288, 64), y.shape = (288,)
2025-06-01 13:55:12,306 - DEBUG - Compute Cost Function: x.shape=(288, 64),y.shape=(288,)
2025-06-01 13:55:12,306 - DEBUG - Gradient Function: x.shape = (288, 64), y.shape = (288,)
2025-06-01 13:55:12,306 - DEBUG - Compute Cost Function: x.shape=(288, 64),y.shape=(288,)
2025-06-01 13:55:12,306 - DEBUG - Gradient Function: x.shape = (288, 64), y.shape = (288,)
2025-06-01 13:55:12,306 - DEBUG - Compute Cost Function: x.shape=(288, 64),y.shape=(288,)
2025-06-01 13:55:12,307 - DEBUG - Gradient Function: x.shape = (288, 64), y.shape = (288,)
2025-06-01 13:55:12,307 - DEBUG - Compute Cost Function: x.shape=(288, 64),y.shape=(288,)
2025-06-01 13:55:12,307 - DEBUG - Gradient Function: x.shape = (288, 64), y.shape = (288,)
2025-06-01 13:55:12,308 - DEBUG - Compute Cost Function: x.shape=(288, 64),y.shape=(288,)
2025-06-01 13:55:12,308 - DEBUG - Gradient Function: x.shape = (288, 64), y.shape = (288,)
2025-06-01 13:55:12,308 - DEBUG - Compute Cost Function: x.shape=(288, 64),y.shape=(288,)
2025-06-01 13:55:12,308 - DEBUG - Gradient Function: x.shape = (288, 64), y.shape = (288,)
2025-06-01 13:55:12,309 - DEBUG - Compute Cost Function: x.shape=(288, 64),y.shape=(288,)
2025-06-01 13:55:12,309 - DEBUG - Gradient Function: x.shape = (288, 64), y.shape = (288,)
2025-06-01 13:55:12,309 - DEBUG - Compute Cost Function: x.shape=(288, 64),y.shape=(288,)
2025-06-01 13:55:12,309 - DEBUG - Gradient Function: x.shape = (288, 64), y.shape = (288,)
2025-06-01 13:55:12,310 - DEBUG - Compute Cost Function: x.shape=(288, 64),y.shape=(288,)
2025-06-01 13:55:12,310 - DEBUG - Gradient Function: x.shape = (288, 64), y.shape = (288,)
2025-06-01 13:55:12,310 - DEBUG - Compute Cost Function: x.shape=(288, 64),y.shape=(288,)
2025-06-01 13:55:12,311 - DEBUG - Gradient Function: x.shape = (288, 64), y.shape = (288,)
2025-06-01 13:55:12,311 - DEBUG - Compute Cost Function: x.shape=(288, 64),y.shape=(288,)
2025-06-01 13:55:12,311 - DEBUG - Gradient Function: x.shape = (288, 64), y.shape = (288,)
2025-06-01 13:55:12,311 - DEBUG - Compute Cost Function: x.shape=(288, 64),y.shape=(288,)
2025-06-01 13:55:12,311 - DEBUG - Gradient Function: x.shape = (288, 64), y.shape = (288,)
2025-06-01 13:55:12,312 - DEBUG - Compute Cost Function: x.shape=(288, 64),y.shape=(288,)
2025-06-01 13:55:12,312 - DEBUG - Gradient Function: x.shape = (288, 64), y.shape = (288,)
2025-06-01 13:55:12,312 - DEBUG - Compute Cost Function: x.shape=(288, 64),y.shape=(288,)
2025-06-01 13:55:12,312 - DEBUG - Gradient Function: x.shape = (288, 64), y.shape = (288,)
2025-06-01 13:55:12,313 - DEBUG - Compute Cost Function: x.shape=(288, 64),y.shape=(288,)
2025-06-01 13:55:12,313 - DEBUG - Gradient Function: x.shape = (288, 64), y.shape = (288,)
2025-06-01 13:55:12,313 - DEBUG - Compute Cost Function: x.shape=(288, 64),y.shape=(288,)
2025-06-01 13:55:12,313 - DEBUG - Gradient Function: x.shape = (288, 64), y.shape = (288,)
2025-06-01 13:55:12,313 - DEBUG - Compute Cost Function: x.shape=(288, 64),y.shape=(288,)
2025-06-01 13:55:12,313 - DEBUG - Gradient Function: x.shape = (288, 64), y.shape = (288,)
2025-06-01 13:55:12,314 - DEBUG - Compute Cost Function: x.shape=(288, 64),y.shape=(288,)
2025-06-01 13:55:12,314 - DEBUG - Gradient Function: x.shape = (288, 64), y.shape = (288,)
2025-06-01 13:55:12,314 - DEBUG - Compute Cost Function: x.shape=(288, 64),y.shape=(288,)
2025-06-01 13:55:12,314 - DEBUG - Gradient Function: x.shape = (288, 64), y.shape = (288,)
2025-06-01 13:55:12,315 - DEBUG - Compute Cost Function: x.shape=(288, 64),y.shape=(288,)
2025-06-01 13:55:12,315 - DEBUG - Gradient Function: x.shape = (288, 64), y.shape = (288,)
2025-06-01 13:55:12,315 - DEBUG - Compute Cost Function: x.shape=(288, 64),y.shape=(288,)
2025-06-01 13:55:12,315 - DEBUG - Gradient Function: x.shape = (288, 64), y.shape = (288,)
2025-06-01 13:55:12,316 - DEBUG - Compute Cost Function: x.shape=(288, 64),y.shape=(288,)
2025-06-01 13:55:12,316 - DEBUG - Gradient Function: x.shape = (288, 64), y.shape = (288,)
2025-06-01 13:55:12,316 - DEBUG - Compute Cost Function: x.shape=(288, 64),y.shape=(288,)
2025-06-01 13:55:12,316 - DEBUG - Gradient Function: x.shape = (288, 64), y.shape = (288,)
2025-06-01 13:55:12,317 - DEBUG - Compute Cost Function: x.shape=(288, 64),y.shape=(288,)
2025-06-01 13:55:12,317 - DEBUG - Gradient Function: x.shape = (288, 64), y.shape = (288,)
2025-06-01 13:55:12,317 - DEBUG - Compute Cost Function: x.shape=(288, 64),y.shape=(288,)
2025-06-01 13:55:12,317 - DEBUG - Gradient Function: x.shape = (288, 64), y.shape = (288,)
2025-06-01 13:55:12,317 - DEBUG - Compute Cost Function: x.shape=(288, 64),y.shape=(288,)
2025-06-01 13:55:12,317 - DEBUG - Gradient Function: x.shape = (288, 64), y.shape = (288,)
2025-06-01 13:55:12,317 - DEBUG - Compute Cost Function: x.shape=(288, 64),y.shape=(288,)
2025-06-01 13:55:12,318 - DEBUG - Gradient Function: x.shape = (288, 64), y.shape = (288,)
2025-06-01 13:55:12,318 - DEBUG - Compute Cost Function: x.shape=(288, 64),y.shape=(288,)
2025-06-01 13:55:12,318 - DEBUG - Gradient Function: x.shape = (288, 64), y.shape = (288,)
2025-06-01 13:55:12,318 - DEBUG - Compute Cost Function: x.shape=(288, 64),y.shape=(288,)
2025-06-01 13:55:12,318 - DEBUG - Gradient Function: x.shape = (288, 64), y.shape = (288,)
2025-06-01 13:55:12,319 - DEBUG - Compute Cost Function: x.shape=(288, 64),y.shape=(288,)
2025-06-01 13:55:12,319 - DEBUG - Gradient Function: x.shape = (288, 64), y.shape = (288,)
2025-06-01 13:55:12,319 - DEBUG - Compute Cost Function: x.shape=(288, 64),y.shape=(288,)
2025-06-01 13:55:12,319 - DEBUG - Gradient Function: x.shape = (288, 64), y.shape = (288,)
2025-06-01 13:55:12,319 - DEBUG - Compute Cost Function: x.shape=(288, 64),y.shape=(288,)
2025-06-01 13:55:12,319 - DEBUG - Gradient Function: x.shape = (288, 64), y.shape = (288,)
2025-06-01 13:55:12,320 - DEBUG - Compute Cost Function: x.shape=(288, 64),y.shape=(288,)
2025-06-01 13:55:12,320 - DEBUG - Gradient Function: x.shape = (288, 64), y.shape = (288,)
2025-06-01 13:55:12,320 - DEBUG - Compute Cost Function: x.shape=(288, 64),y.shape=(288,)
2025-06-01 13:55:12,320 - DEBUG - Gradient Function: x.shape = (288, 64), y.shape = (288,)
2025-06-01 13:55:12,320 - DEBUG - Compute Cost Function: x.shape=(288, 64),y.shape=(288,)
2025-06-01 13:55:12,320 - DEBUG - Gradient Function: x.shape = (288, 64), y.shape = (288,)
2025-06-01 13:55:12,321 - DEBUG - Compute Cost Function: x.shape=(288, 64),y.shape=(288,)
2025-06-01 13:55:12,321 - DEBUG - Gradient Function: x.shape = (288, 64), y.shape = (288,)
2025-06-01 13:55:12,321 - DEBUG - Compute Cost Function: x.shape=(288, 64),y.shape=(288,)
2025-06-01 13:55:12,321 - DEBUG - Gradient Function: x.shape = (288, 64), y.shape = (288,)
2025-06-01 13:55:12,321 - INFO - Cost after iteration 200: 0.058269608537750095
2025-06-01 13:55:12,322 - DEBUG - Compute Cost Function: x.shape=(288, 64),y.shape=(288,)
2025-06-01 13:55:12,322 - DEBUG - Gradient Function: x.shape = (288, 64), y.shape = (288,)
2025-06-01 13:55:12,322 - DEBUG - Compute Cost Function: x.shape=(288, 64),y.shape=(288,)
2025-06-01 13:55:12,322 - DEBUG - Gradient Function: x.shape = (288, 64), y.shape = (288,)
2025-06-01 13:55:12,322 - DEBUG - Compute Cost Function: x.shape=(288, 64),y.shape=(288,)
2025-06-01 13:55:12,323 - DEBUG - Gradient Function: x.shape = (288, 64), y.shape = (288,)
2025-06-01 13:55:12,323 - DEBUG - Compute Cost Function: x.shape=(288, 64),y.shape=(288,)
2025-06-01 13:55:12,323 - DEBUG - Gradient Function: x.shape = (288, 64), y.shape = (288,)
2025-06-01 13:55:12,323 - DEBUG - Compute Cost Function: x.shape=(288, 64),y.shape=(288,)
2025-06-01 13:55:12,323 - DEBUG - Gradient Function: x.shape = (288, 64), y.shape = (288,)
2025-06-01 13:55:12,324 - DEBUG - Compute Cost Function: x.shape=(288, 64),y.shape=(288,)
2025-06-01 13:55:12,324 - DEBUG - Gradient Function: x.shape = (288, 64), y.shape = (288,)
2025-06-01 13:55:12,324 - DEBUG - Compute Cost Function: x.shape=(288, 64),y.shape=(288,)
2025-06-01 13:55:12,324 - DEBUG - Gradient Function: x.shape = (288, 64), y.shape = (288,)
2025-06-01 13:55:12,324 - DEBUG - Compute Cost Function: x.shape=(288, 64),y.shape=(288,)
2025-06-01 13:55:12,324 - DEBUG - Gradient Function: x.shape = (288, 64), y.shape = (288,)
2025-06-01 13:55:12,325 - DEBUG - Compute Cost Function: x.shape=(288, 64),y.shape=(288,)
2025-06-01 13:55:12,325 - DEBUG - Gradient Function: x.shape = (288, 64), y.shape = (288,)
2025-06-01 13:55:12,325 - DEBUG - Compute Cost Function: x.shape=(288, 64),y.shape=(288,)
2025-06-01 13:55:12,325 - DEBUG - Gradient Function: x.shape = (288, 64), y.shape = (288,)
2025-06-01 13:55:12,325 - DEBUG - Compute Cost Function: x.shape=(288, 64),y.shape=(288,)
2025-06-01 13:55:12,325 - DEBUG - Gradient Function: x.shape = (288, 64), y.shape = (288,)
2025-06-01 13:55:12,326 - DEBUG - Compute Cost Function: x.shape=(288, 64),y.shape=(288,)
2025-06-01 13:55:12,326 - DEBUG - Gradient Function: x.shape = (288, 64), y.shape = (288,)
2025-06-01 13:55:12,326 - DEBUG - Compute Cost Function: x.shape=(288, 64),y.shape=(288,)
2025-06-01 13:55:12,326 - DEBUG - Gradient Function: x.shape = (288, 64), y.shape = (288,)
2025-06-01 13:55:12,327 - DEBUG - Compute Cost Function: x.shape=(288, 64),y.shape=(288,)
2025-06-01 13:55:12,327 - DEBUG - Gradient Function: x.shape = (288, 64), y.shape = (288,)
2025-06-01 13:55:12,327 - DEBUG - Compute Cost Function: x.shape=(288, 64),y.shape=(288,)
2025-06-01 13:55:12,327 - DEBUG - Gradient Function: x.shape = (288, 64), y.shape = (288,)
2025-06-01 13:55:12,327 - DEBUG - Compute Cost Function: x.shape=(288, 64),y.shape=(288,)
2025-06-01 13:55:12,327 - DEBUG - Gradient Function: x.shape = (288, 64), y.shape = (288,)
2025-06-01 13:55:12,328 - DEBUG - Compute Cost Function: x.shape=(288, 64),y.shape=(288,)
2025-06-01 13:55:12,328 - DEBUG - Gradient Function: x.shape = (288, 64), y.shape = (288,)
2025-06-01 13:55:12,328 - DEBUG - Compute Cost Function: x.shape=(288, 64),y.shape=(288,)
2025-06-01 13:55:12,328 - DEBUG - Gradient Function: x.shape = (288, 64), y.shape = (288,)
2025-06-01 13:55:12,328 - DEBUG - Compute Cost Function: x.shape=(288, 64),y.shape=(288,)
2025-06-01 13:55:12,329 - DEBUG - Gradient Function: x.shape = (288, 64), y.shape = (288,)
2025-06-01 13:55:12,329 - DEBUG - Compute Cost Function: x.shape=(288, 64),y.shape=(288,)
2025-06-01 13:55:12,329 - DEBUG - Gradient Function: x.shape = (288, 64), y.shape = (288,)
2025-06-01 13:55:12,329 - DEBUG - Compute Cost Function: x.shape=(288, 64),y.shape=(288,)
2025-06-01 13:55:12,329 - DEBUG - Gradient Function: x.shape = (288, 64), y.shape = (288,)
2025-06-01 13:55:12,329 - DEBUG - Compute Cost Function: x.shape=(288, 64),y.shape=(288,)
2025-06-01 13:55:12,330 - DEBUG - Gradient Function: x.shape = (288, 64), y.shape = (288,)
2025-06-01 13:55:12,330 - DEBUG - Compute Cost Function: x.shape=(288, 64),y.shape=(288,)
2025-06-01 13:55:12,330 - DEBUG - Gradient Function: x.shape = (288, 64), y.shape = (288,)
2025-06-01 13:55:12,330 - DEBUG - Compute Cost Function: x.shape=(288, 64),y.shape=(288,)
2025-06-01 13:55:12,330 - DEBUG - Gradient Function: x.shape = (288, 64), y.shape = (288,)
2025-06-01 13:55:12,330 - DEBUG - Compute Cost Function: x.shape=(288, 64),y.shape=(288,)
2025-06-01 13:55:12,331 - DEBUG - Gradient Function: x.shape = (288, 64), y.shape = (288,)
2025-06-01 13:55:12,331 - DEBUG - Compute Cost Function: x.shape=(288, 64),y.shape=(288,)
2025-06-01 13:55:12,331 - DEBUG - Gradient Function: x.shape = (288, 64), y.shape = (288,)
2025-06-01 13:55:12,331 - DEBUG - Compute Cost Function: x.shape=(288, 64),y.shape=(288,)
2025-06-01 13:55:12,331 - DEBUG - Gradient Function: x.shape = (288, 64), y.shape = (288,)
2025-06-01 13:55:12,332 - DEBUG - Compute Cost Function: x.shape=(288, 64),y.shape=(288,)
2025-06-01 13:55:12,332 - DEBUG - Gradient Function: x.shape = (288, 64), y.shape = (288,)
2025-06-01 13:55:12,332 - DEBUG - Compute Cost Function: x.shape=(288, 64),y.shape=(288,)
2025-06-01 13:55:12,332 - DEBUG - Gradient Function: x.shape = (288, 64), y.shape = (288,)
2025-06-01 13:55:12,332 - DEBUG - Compute Cost Function: x.shape=(288, 64),y.shape=(288,)
2025-06-01 13:55:12,332 - DEBUG - Gradient Function: x.shape = (288, 64), y.shape = (288,)
2025-06-01 13:55:12,333 - DEBUG - Compute Cost Function: x.shape=(288, 64),y.shape=(288,)
2025-06-01 13:55:12,333 - DEBUG - Gradient Function: x.shape = (288, 64), y.shape = (288,)
2025-06-01 13:55:12,333 - DEBUG - Compute Cost Function: x.shape=(288, 64),y.shape=(288,)
2025-06-01 13:55:12,333 - DEBUG - Gradient Function: x.shape = (288, 64), y.shape = (288,)
2025-06-01 13:55:12,333 - DEBUG - Compute Cost Function: x.shape=(288, 64),y.shape=(288,)
2025-06-01 13:55:12,333 - DEBUG - Gradient Function: x.shape = (288, 64), y.shape = (288,)
2025-06-01 13:55:12,334 - DEBUG - Compute Cost Function: x.shape=(288, 64),y.shape=(288,)
2025-06-01 13:55:12,334 - DEBUG - Gradient Function: x.shape = (288, 64), y.shape = (288,)
2025-06-01 13:55:12,334 - DEBUG - Compute Cost Function: x.shape=(288, 64),y.shape=(288,)
2025-06-01 13:55:12,334 - DEBUG - Gradient Function: x.shape = (288, 64), y.shape = (288,)
2025-06-01 13:55:12,334 - DEBUG - Compute Cost Function: x.shape=(288, 64),y.shape=(288,)
2025-06-01 13:55:12,334 - DEBUG - Gradient Function: x.shape = (288, 64), y.shape = (288,)
2025-06-01 13:55:12,335 - DEBUG - Compute Cost Function: x.shape=(288, 64),y.shape=(288,)
2025-06-01 13:55:12,335 - DEBUG - Gradient Function: x.shape = (288, 64), y.shape = (288,)
2025-06-01 13:55:12,335 - DEBUG - Compute Cost Function: x.shape=(288, 64),y.shape=(288,)
2025-06-01 13:55:12,335 - DEBUG - Gradient Function: x.shape = (288, 64), y.shape = (288,)
2025-06-01 13:55:12,335 - DEBUG - Compute Cost Function: x.shape=(288, 64),y.shape=(288,)
2025-06-01 13:55:12,336 - DEBUG - Gradient Function: x.shape = (288, 64), y.shape = (288,)
2025-06-01 13:55:12,336 - DEBUG - Compute Cost Function: x.shape=(288, 64),y.shape=(288,)
2025-06-01 13:55:12,336 - DEBUG - Gradient Function: x.shape = (288, 64), y.shape = (288,)
2025-06-01 13:55:12,336 - DEBUG - Compute Cost Function: x.shape=(288, 64),y.shape=(288,)
2025-06-01 13:55:12,336 - DEBUG - Gradient Function: x.shape = (288, 64), y.shape = (288,)
2025-06-01 13:55:12,336 - DEBUG - Compute Cost Function: x.shape=(288, 64),y.shape=(288,)
2025-06-01 13:55:12,337 - DEBUG - Gradient Function: x.shape = (288, 64), y.shape = (288,)
2025-06-01 13:55:12,337 - DEBUG - Compute Cost Function: x.shape=(288, 64),y.shape=(288,)
2025-06-01 13:55:12,337 - DEBUG - Gradient Function: x.shape = (288, 64), y.shape = (288,)
2025-06-01 13:55:12,337 - DEBUG - Compute Cost Function: x.shape=(288, 64),y.shape=(288,)
2025-06-01 13:55:12,337 - DEBUG - Gradient Function: x.shape = (288, 64), y.shape = (288,)
2025-06-01 13:55:12,338 - DEBUG - Compute Cost Function: x.shape=(288, 64),y.shape=(288,)
2025-06-01 13:55:12,338 - DEBUG - Gradient Function: x.shape = (288, 64), y.shape = (288,)
2025-06-01 13:55:12,338 - DEBUG - Compute Cost Function: x.shape=(288, 64),y.shape=(288,)
2025-06-01 13:55:12,338 - DEBUG - Gradient Function: x.shape = (288, 64), y.shape = (288,)
2025-06-01 13:55:12,338 - DEBUG - Compute Cost Function: x.shape=(288, 64),y.shape=(288,)
2025-06-01 13:55:12,338 - DEBUG - Gradient Function: x.shape = (288, 64), y.shape = (288,)
2025-06-01 13:55:12,339 - DEBUG - Compute Cost Function: x.shape=(288, 64),y.shape=(288,)
2025-06-01 13:55:12,339 - DEBUG - Gradient Function: x.shape = (288, 64), y.shape = (288,)
2025-06-01 13:55:12,339 - DEBUG - Compute Cost Function: x.shape=(288, 64),y.shape=(288,)
2025-06-01 13:55:12,339 - DEBUG - Gradient Function: x.shape = (288, 64), y.shape = (288,)
2025-06-01 13:55:12,339 - DEBUG - Compute Cost Function: x.shape=(288, 64),y.shape=(288,)
2025-06-01 13:55:12,339 - DEBUG - Gradient Function: x.shape = (288, 64), y.shape = (288,)
2025-06-01 13:55:12,340 - DEBUG - Compute Cost Function: x.shape=(288, 64),y.shape=(288,)
2025-06-01 13:55:12,340 - DEBUG - Gradient Function: x.shape = (288, 64), y.shape = (288,)
2025-06-01 13:55:12,340 - DEBUG - Compute Cost Function: x.shape=(288, 64),y.shape=(288,)
2025-06-01 13:55:12,340 - DEBUG - Gradient Function: x.shape = (288, 64), y.shape = (288,)
2025-06-01 13:55:12,340 - DEBUG - Compute Cost Function: x.shape=(288, 64),y.shape=(288,)
2025-06-01 13:55:12,340 - DEBUG - Gradient Function: x.shape = (288, 64), y.shape = (288,)
2025-06-01 13:55:12,341 - DEBUG - Compute Cost Function: x.shape=(288, 64),y.shape=(288,)
2025-06-01 13:55:12,341 - DEBUG - Gradient Function: x.shape = (288, 64), y.shape = (288,)
2025-06-01 13:55:12,341 - DEBUG - Compute Cost Function: x.shape=(288, 64),y.shape=(288,)
2025-06-01 13:55:12,341 - DEBUG - Gradient Function: x.shape = (288, 64), y.shape = (288,)
2025-06-01 13:55:12,341 - DEBUG - Compute Cost Function: x.shape=(288, 64),y.shape=(288,)
2025-06-01 13:55:12,341 - DEBUG - Gradient Function: x.shape = (288, 64), y.shape = (288,)
2025-06-01 13:55:12,342 - DEBUG - Compute Cost Function: x.shape=(288, 64),y.shape=(288,)
2025-06-01 13:55:12,342 - DEBUG - Gradient Function: x.shape = (288, 64), y.shape = (288,)
2025-06-01 13:55:12,342 - DEBUG - Compute Cost Function: x.shape=(288, 64),y.shape=(288,)
2025-06-01 13:55:12,342 - DEBUG - Gradient Function: x.shape = (288, 64), y.shape = (288,)
2025-06-01 13:55:12,343 - DEBUG - Compute Cost Function: x.shape=(288, 64),y.shape=(288,)
2025-06-01 13:55:12,343 - DEBUG - Gradient Function: x.shape = (288, 64), y.shape = (288,)
2025-06-01 13:55:12,343 - DEBUG - Compute Cost Function: x.shape=(288, 64),y.shape=(288,)
2025-06-01 13:55:12,343 - DEBUG - Gradient Function: x.shape = (288, 64), y.shape = (288,)
2025-06-01 13:55:12,343 - DEBUG - Compute Cost Function: x.shape=(288, 64),y.shape=(288,)
2025-06-01 13:55:12,343 - DEBUG - Gradient Function: x.shape = (288, 64), y.shape = (288,)
2025-06-01 13:55:12,343 - DEBUG - Compute Cost Function: x.shape=(288, 64),y.shape=(288,)
2025-06-01 13:55:12,343 - DEBUG - Gradient Function: x.shape = (288, 64), y.shape = (288,)
2025-06-01 13:55:12,343 - DEBUG - Compute Cost Function: x.shape=(288, 64),y.shape=(288,)
2025-06-01 13:55:12,343 - DEBUG - Gradient Function: x.shape = (288, 64), y.shape = (288,)
2025-06-01 13:55:12,343 - DEBUG - Compute Cost Function: x.shape=(288, 64),y.shape=(288,)
2025-06-01 13:55:12,343 - DEBUG - Gradient Function: x.shape = (288, 64), y.shape = (288,)
2025-06-01 13:55:12,343 - DEBUG - Compute Cost Function: x.shape=(288, 64),y.shape=(288,)
2025-06-01 13:55:12,343 - DEBUG - Gradient Function: x.shape = (288, 64), y.shape = (288,)
2025-06-01 13:55:12,343 - DEBUG - Compute Cost Function: x.shape=(288, 64),y.shape=(288,)
2025-06-01 13:55:12,343 - DEBUG - Gradient Function: x.shape = (288, 64), y.shape = (288,)
2025-06-01 13:55:12,343 - DEBUG - Compute Cost Function: x.shape=(288, 64),y.shape=(288,)
2025-06-01 13:55:12,343 - DEBUG - Gradient Function: x.shape = (288, 64), y.shape = (288,)
2025-06-01 13:55:12,343 - DEBUG - Compute Cost Function: x.shape=(288, 64),y.shape=(288,)
2025-06-01 13:55:12,343 - DEBUG - Gradient Function: x.shape = (288, 64), y.shape = (288,)
2025-06-01 13:55:12,343 - DEBUG - Compute Cost Function: x.shape=(288, 64),y.shape=(288,)
2025-06-01 13:55:12,343 - DEBUG - Gradient Function: x.shape = (288, 64), y.shape = (288,)
2025-06-01 13:55:12,343 - DEBUG - Compute Cost Function: x.shape=(288, 64),y.shape=(288,)
2025-06-01 13:55:12,343 - DEBUG - Gradient Function: x.shape = (288, 64), y.shape = (288,)
2025-06-01 13:55:12,343 - DEBUG - Compute Cost Function: x.shape=(288, 64),y.shape=(288,)
2025-06-01 13:55:12,343 - DEBUG - Gradient Function: x.shape = (288, 64), y.shape = (288,)
2025-06-01 13:55:12,343 - DEBUG - Compute Cost Function: x.shape=(288, 64),y.shape=(288,)
2025-06-01 13:55:12,343 - DEBUG - Gradient Function: x.shape = (288, 64), y.shape = (288,)
2025-06-01 13:55:12,343 - DEBUG - Compute Cost Function: x.shape=(288, 64),y.shape=(288,)
2025-06-01 13:55:12,343 - DEBUG - Gradient Function: x.shape = (288, 64), y.shape = (288,)
2025-06-01 13:55:12,343 - DEBUG - Compute Cost Function: x.shape=(288, 64),y.shape=(288,)
2025-06-01 13:55:12,343 - DEBUG - Gradient Function: x.shape = (288, 64), y.shape = (288,)
2025-06-01 13:55:12,343 - DEBUG - Compute Cost Function: x.shape=(288, 64),y.shape=(288,)
2025-06-01 13:55:12,343 - DEBUG - Gradient Function: x.shape = (288, 64), y.shape = (288,)
2025-06-01 13:55:12,343 - DEBUG - Compute Cost Function: x.shape=(288, 64),y.shape=(288,)
2025-06-01 13:55:12,343 - DEBUG - Gradient Function: x.shape = (288, 64), y.shape = (288,)
2025-06-01 13:55:12,343 - DEBUG - Compute Cost Function: x.shape=(288, 64),y.shape=(288,)
2025-06-01 13:55:12,343 - DEBUG - Gradient Function: x.shape = (288, 64), y.shape = (288,)
2025-06-01 13:55:12,343 - DEBUG - Compute Cost Function: x.shape=(288, 64),y.shape=(288,)
2025-06-01 13:55:12,343 - DEBUG - Gradient Function: x.shape = (288, 64), y.shape = (288,)
2025-06-01 13:55:12,343 - DEBUG - Compute Cost Function: x.shape=(288, 64),y.shape=(288,)
2025-06-01 13:55:12,343 - DEBUG - Gradient Function: x.shape = (288, 64), y.shape = (288,)
2025-06-01 13:55:12,343 - DEBUG - Compute Cost Function: x.shape=(288, 64),y.shape=(288,)
2025-06-01 13:55:12,343 - DEBUG - Gradient Function: x.shape = (288, 64), y.shape = (288,)
2025-06-01 13:55:12,343 - DEBUG - Compute Cost Function: x.shape=(288, 64),y.shape=(288,)
2025-06-01 13:55:12,343 - DEBUG - Gradient Function: x.shape = (288, 64), y.shape = (288,)
2025-06-01 13:55:12,343 - DEBUG - Compute Cost Function: x.shape=(288, 64),y.shape=(288,)
2025-06-01 13:55:12,343 - DEBUG - Gradient Function: x.shape = (288, 64), y.shape = (288,)
2025-06-01 13:55:12,343 - DEBUG - Compute Cost Function: x.shape=(288, 64),y.shape=(288,)
2025-06-01 13:55:12,343 - DEBUG - Gradient Function: x.shape = (288, 64), y.shape = (288,)
2025-06-01 13:55:12,343 - DEBUG - Compute Cost Function: x.shape=(288, 64),y.shape=(288,)
2025-06-01 13:55:12,343 - DEBUG - Gradient Function: x.shape = (288, 64), y.shape = (288,)
2025-06-01 13:55:12,343 - DEBUG - Compute Cost Function: x.shape=(288, 64),y.shape=(288,)
2025-06-01 13:55:12,343 - DEBUG - Gradient Function: x.shape = (288, 64), y.shape = (288,)
2025-06-01 13:55:12,343 - DEBUG - Compute Cost Function: x.shape=(288, 64),y.shape=(288,)
2025-06-01 13:55:12,343 - DEBUG - Gradient Function: x.shape = (288, 64), y.shape = (288,)
2025-06-01 13:55:12,343 - DEBUG - Compute Cost Function: x.shape=(288, 64),y.shape=(288,)
2025-06-01 13:55:12,343 - DEBUG - Gradient Function: x.shape = (288, 64), y.shape = (288,)
2025-06-01 13:55:12,343 - DEBUG - Compute Cost Function: x.shape=(288, 64),y.shape=(288,)
2025-06-01 13:55:12,343 - DEBUG - Gradient Function: x.shape = (288, 64), y.shape = (288,)
2025-06-01 13:55:12,343 - DEBUG - Compute Cost Function: x.shape=(288, 64),y.shape=(288,)
2025-06-01 13:55:12,343 - DEBUG - Gradient Function: x.shape = (288, 64), y.shape = (288,)
2025-06-01 13:55:12,343 - DEBUG - Compute Cost Function: x.shape=(288, 64),y.shape=(288,)
2025-06-01 13:55:12,343 - DEBUG - Gradient Function: x.shape = (288, 64), y.shape = (288,)
2025-06-01 13:55:12,343 - DEBUG - Compute Cost Function: x.shape=(288, 64),y.shape=(288,)
2025-06-01 13:55:12,343 - DEBUG - Gradient Function: x.shape = (288, 64), y.shape = (288,)
2025-06-01 13:55:12,343 - DEBUG - Compute Cost Function: x.shape=(288, 64),y.shape=(288,)
2025-06-01 13:55:12,343 - DEBUG - Gradient Function: x.shape = (288, 64), y.shape = (288,)
2025-06-01 13:55:12,343 - DEBUG - Compute Cost Function: x.shape=(288, 64),y.shape=(288,)
2025-06-01 13:55:12,343 - DEBUG - Gradient Function: x.shape = (288, 64), y.shape = (288,)
2025-06-01 13:55:12,343 - DEBUG - Compute Cost Function: x.shape=(288, 64),y.shape=(288,)
2025-06-01 13:55:12,343 - DEBUG - Gradient Function: x.shape = (288, 64), y.shape = (288,)
2025-06-01 13:55:12,343 - DEBUG - Compute Cost Function: x.shape=(288, 64),y.shape=(288,)
2025-06-01 13:55:12,343 - DEBUG - Gradient Function: x.shape = (288, 64), y.shape = (288,)
2025-06-01 13:55:12,343 - DEBUG - Compute Cost Function: x.shape=(288, 64),y.shape=(288,)
2025-06-01 13:55:12,343 - DEBUG - Gradient Function: x.shape = (288, 64), y.shape = (288,)
2025-06-01 13:55:12,343 - DEBUG - Compute Cost Function: x.shape=(288, 64),y.shape=(288,)
2025-06-01 13:55:12,343 - DEBUG - Gradient Function: x.shape = (288, 64), y.shape = (288,)
2025-06-01 13:55:12,343 - DEBUG - Compute Cost Function: x.shape=(288, 64),y.shape=(288,)
2025-06-01 13:55:12,358 - DEBUG - Gradient Function: x.shape = (288, 64), y.shape = (288,)
2025-06-01 13:55:12,358 - DEBUG - Compute Cost Function: x.shape=(288, 64),y.shape=(288,)
2025-06-01 13:55:12,358 - DEBUG - Gradient Function: x.shape = (288, 64), y.shape = (288,)
2025-06-01 13:55:12,361 - DEBUG - Compute Cost Function: x.shape=(288, 64),y.shape=(288,)
2025-06-01 13:55:12,361 - DEBUG - Gradient Function: x.shape = (288, 64), y.shape = (288,)
2025-06-01 13:55:12,361 - INFO - Cost after iteration 300: 0.04203270317909756
2025-06-01 13:55:12,361 - DEBUG - Compute Cost Function: x.shape=(288, 64),y.shape=(288,)
2025-06-01 13:55:12,361 - DEBUG - Gradient Function: x.shape = (288, 64), y.shape = (288,)
2025-06-01 13:55:12,361 - DEBUG - Compute Cost Function: x.shape=(288, 64),y.shape=(288,)
2025-06-01 13:55:12,361 - DEBUG - Gradient Function: x.shape = (288, 64), y.shape = (288,)
2025-06-01 13:55:12,361 - DEBUG - Compute Cost Function: x.shape=(288, 64),y.shape=(288,)
2025-06-01 13:55:12,361 - DEBUG - Gradient Function: x.shape = (288, 64), y.shape = (288,)
2025-06-01 13:55:12,361 - DEBUG - Compute Cost Function: x.shape=(288, 64),y.shape=(288,)
2025-06-01 13:55:12,361 - DEBUG - Gradient Function: x.shape = (288, 64), y.shape = (288,)
2025-06-01 13:55:12,361 - DEBUG - Compute Cost Function: x.shape=(288, 64),y.shape=(288,)
2025-06-01 13:55:12,361 - DEBUG - Gradient Function: x.shape = (288, 64), y.shape = (288,)
2025-06-01 13:55:12,361 - DEBUG - Compute Cost Function: x.shape=(288, 64),y.shape=(288,)
2025-06-01 13:55:12,361 - DEBUG - Gradient Function: x.shape = (288, 64), y.shape = (288,)
2025-06-01 13:55:12,361 - DEBUG - Compute Cost Function: x.shape=(288, 64),y.shape=(288,)
2025-06-01 13:55:12,361 - DEBUG - Gradient Function: x.shape = (288, 64), y.shape = (288,)
2025-06-01 13:55:12,361 - DEBUG - Compute Cost Function: x.shape=(288, 64),y.shape=(288,)
2025-06-01 13:55:12,361 - DEBUG - Gradient Function: x.shape = (288, 64), y.shape = (288,)
2025-06-01 13:55:12,361 - DEBUG - Compute Cost Function: x.shape=(288, 64),y.shape=(288,)
2025-06-01 13:55:12,361 - DEBUG - Gradient Function: x.shape = (288, 64), y.shape = (288,)
2025-06-01 13:55:12,361 - DEBUG - Compute Cost Function: x.shape=(288, 64),y.shape=(288,)
2025-06-01 13:55:12,361 - DEBUG - Gradient Function: x.shape = (288, 64), y.shape = (288,)
2025-06-01 13:55:12,361 - DEBUG - Compute Cost Function: x.shape=(288, 64),y.shape=(288,)
2025-06-01 13:55:12,361 - DEBUG - Gradient Function: x.shape = (288, 64), y.shape = (288,)
2025-06-01 13:55:12,361 - DEBUG - Compute Cost Function: x.shape=(288, 64),y.shape=(288,)
2025-06-01 13:55:12,361 - DEBUG - Gradient Function: x.shape = (288, 64), y.shape = (288,)
2025-06-01 13:55:12,361 - DEBUG - Compute Cost Function: x.shape=(288, 64),y.shape=(288,)
2025-06-01 13:55:12,361 - DEBUG - Gradient Function: x.shape = (288, 64), y.shape = (288,)
2025-06-01 13:55:12,361 - DEBUG - Compute Cost Function: x.shape=(288, 64),y.shape=(288,)
2025-06-01 13:55:12,361 - DEBUG - Gradient Function: x.shape = (288, 64), y.shape = (288,)
2025-06-01 13:55:12,361 - DEBUG - Compute Cost Function: x.shape=(288, 64),y.shape=(288,)
2025-06-01 13:55:12,361 - DEBUG - Gradient Function: x.shape = (288, 64), y.shape = (288,)
2025-06-01 13:55:12,361 - DEBUG - Compute Cost Function: x.shape=(288, 64),y.shape=(288,)
2025-06-01 13:55:12,361 - DEBUG - Gradient Function: x.shape = (288, 64), y.shape = (288,)
2025-06-01 13:55:12,361 - DEBUG - Compute Cost Function: x.shape=(288, 64),y.shape=(288,)
2025-06-01 13:55:12,361 - DEBUG - Gradient Function: x.shape = (288, 64), y.shape = (288,)
2025-06-01 13:55:12,361 - DEBUG - Compute Cost Function: x.shape=(288, 64),y.shape=(288,)
2025-06-01 13:55:12,361 - DEBUG - Gradient Function: x.shape = (288, 64), y.shape = (288,)
2025-06-01 13:55:12,361 - DEBUG - Compute Cost Function: x.shape=(288, 64),y.shape=(288,)
2025-06-01 13:55:12,361 - DEBUG - Gradient Function: x.shape = (288, 64), y.shape = (288,)
2025-06-01 13:55:12,361 - DEBUG - Compute Cost Function: x.shape=(288, 64),y.shape=(288,)
2025-06-01 13:55:12,361 - DEBUG - Gradient Function: x.shape = (288, 64), y.shape = (288,)
2025-06-01 13:55:12,361 - DEBUG - Compute Cost Function: x.shape=(288, 64),y.shape=(288,)
2025-06-01 13:55:12,361 - DEBUG - Gradient Function: x.shape = (288, 64), y.shape = (288,)
2025-06-01 13:55:12,361 - DEBUG - Compute Cost Function: x.shape=(288, 64),y.shape=(288,)
2025-06-01 13:55:12,361 - DEBUG - Gradient Function: x.shape = (288, 64), y.shape = (288,)
2025-06-01 13:55:12,361 - DEBUG - Compute Cost Function: x.shape=(288, 64),y.shape=(288,)
2025-06-01 13:55:12,361 - DEBUG - Gradient Function: x.shape = (288, 64), y.shape = (288,)
2025-06-01 13:55:12,361 - DEBUG - Compute Cost Function: x.shape=(288, 64),y.shape=(288,)
2025-06-01 13:55:12,361 - DEBUG - Gradient Function: x.shape = (288, 64), y.shape = (288,)
2025-06-01 13:55:12,361 - DEBUG - Compute Cost Function: x.shape=(288, 64),y.shape=(288,)
2025-06-01 13:55:12,361 - DEBUG - Gradient Function: x.shape = (288, 64), y.shape = (288,)
2025-06-01 13:55:12,361 - DEBUG - Compute Cost Function: x.shape=(288, 64),y.shape=(288,)
2025-06-01 13:55:12,361 - DEBUG - Gradient Function: x.shape = (288, 64), y.shape = (288,)
2025-06-01 13:55:12,361 - DEBUG - Compute Cost Function: x.shape=(288, 64),y.shape=(288,)
2025-06-01 13:55:12,361 - DEBUG - Gradient Function: x.shape = (288, 64), y.shape = (288,)
2025-06-01 13:55:12,361 - DEBUG - Compute Cost Function: x.shape=(288, 64),y.shape=(288,)
2025-06-01 13:55:12,361 - DEBUG - Gradient Function: x.shape = (288, 64), y.shape = (288,)
2025-06-01 13:55:12,361 - DEBUG - Compute Cost Function: x.shape=(288, 64),y.shape=(288,)
2025-06-01 13:55:12,361 - DEBUG - Gradient Function: x.shape = (288, 64), y.shape = (288,)
2025-06-01 13:55:12,361 - DEBUG - Compute Cost Function: x.shape=(288, 64),y.shape=(288,)
2025-06-01 13:55:12,361 - DEBUG - Gradient Function: x.shape = (288, 64), y.shape = (288,)
2025-06-01 13:55:12,361 - DEBUG - Compute Cost Function: x.shape=(288, 64),y.shape=(288,)
2025-06-01 13:55:12,361 - DEBUG - Gradient Function: x.shape = (288, 64), y.shape = (288,)
2025-06-01 13:55:12,361 - DEBUG - Compute Cost Function: x.shape=(288, 64),y.shape=(288,)
2025-06-01 13:55:12,361 - DEBUG - Gradient Function: x.shape = (288, 64), y.shape = (288,)
2025-06-01 13:55:12,361 - DEBUG - Compute Cost Function: x.shape=(288, 64),y.shape=(288,)
2025-06-01 13:55:12,361 - DEBUG - Gradient Function: x.shape = (288, 64), y.shape = (288,)
2025-06-01 13:55:12,361 - DEBUG - Compute Cost Function: x.shape=(288, 64),y.shape=(288,)
2025-06-01 13:55:12,361 - DEBUG - Gradient Function: x.shape = (288, 64), y.shape = (288,)
2025-06-01 13:55:12,361 - DEBUG - Compute Cost Function: x.shape=(288, 64),y.shape=(288,)
2025-06-01 13:55:12,361 - DEBUG - Gradient Function: x.shape = (288, 64), y.shape = (288,)
2025-06-01 13:55:12,361 - DEBUG - Compute Cost Function: x.shape=(288, 64),y.shape=(288,)
2025-06-01 13:55:12,361 - DEBUG - Gradient Function: x.shape = (288, 64), y.shape = (288,)
2025-06-01 13:55:12,361 - DEBUG - Compute Cost Function: x.shape=(288, 64),y.shape=(288,)
2025-06-01 13:55:12,361 - DEBUG - Gradient Function: x.shape = (288, 64), y.shape = (288,)
2025-06-01 13:55:12,361 - DEBUG - Compute Cost Function: x.shape=(288, 64),y.shape=(288,)
2025-06-01 13:55:12,361 - DEBUG - Gradient Function: x.shape = (288, 64), y.shape = (288,)
2025-06-01 13:55:12,361 - DEBUG - Compute Cost Function: x.shape=(288, 64),y.shape=(288,)
2025-06-01 13:55:12,361 - DEBUG - Gradient Function: x.shape = (288, 64), y.shape = (288,)
2025-06-01 13:55:12,361 - DEBUG - Compute Cost Function: x.shape=(288, 64),y.shape=(288,)
2025-06-01 13:55:12,361 - DEBUG - Gradient Function: x.shape = (288, 64), y.shape = (288,)
2025-06-01 13:55:12,377 - DEBUG - Compute Cost Function: x.shape=(288, 64),y.shape=(288,)
2025-06-01 13:55:12,377 - DEBUG - Gradient Function: x.shape = (288, 64), y.shape = (288,)
2025-06-01 13:55:12,377 - DEBUG - Compute Cost Function: x.shape=(288, 64),y.shape=(288,)
2025-06-01 13:55:12,377 - DEBUG - Gradient Function: x.shape = (288, 64), y.shape = (288,)
2025-06-01 13:55:12,377 - DEBUG - Compute Cost Function: x.shape=(288, 64),y.shape=(288,)
2025-06-01 13:55:12,377 - DEBUG - Gradient Function: x.shape = (288, 64), y.shape = (288,)
2025-06-01 13:55:12,377 - DEBUG - Compute Cost Function: x.shape=(288, 64),y.shape=(288,)
2025-06-01 13:55:12,377 - DEBUG - Gradient Function: x.shape = (288, 64), y.shape = (288,)
2025-06-01 13:55:12,377 - DEBUG - Compute Cost Function: x.shape=(288, 64),y.shape=(288,)
2025-06-01 13:55:12,377 - DEBUG - Gradient Function: x.shape = (288, 64), y.shape = (288,)
2025-06-01 13:55:12,377 - DEBUG - Compute Cost Function: x.shape=(288, 64),y.shape=(288,)
2025-06-01 13:55:12,377 - DEBUG - Gradient Function: x.shape = (288, 64), y.shape = (288,)
2025-06-01 13:55:12,377 - DEBUG - Compute Cost Function: x.shape=(288, 64),y.shape=(288,)
2025-06-01 13:55:12,377 - DEBUG - Gradient Function: x.shape = (288, 64), y.shape = (288,)
2025-06-01 13:55:12,377 - DEBUG - Compute Cost Function: x.shape=(288, 64),y.shape=(288,)
2025-06-01 13:55:12,377 - DEBUG - Gradient Function: x.shape = (288, 64), y.shape = (288,)
2025-06-01 13:55:12,377 - DEBUG - Compute Cost Function: x.shape=(288, 64),y.shape=(288,)
2025-06-01 13:55:12,377 - DEBUG - Gradient Function: x.shape = (288, 64), y.shape = (288,)
2025-06-01 13:55:12,377 - DEBUG - Compute Cost Function: x.shape=(288, 64),y.shape=(288,)
2025-06-01 13:55:12,377 - DEBUG - Gradient Function: x.shape = (288, 64), y.shape = (288,)
2025-06-01 13:55:12,377 - DEBUG - Compute Cost Function: x.shape=(288, 64),y.shape=(288,)
2025-06-01 13:55:12,377 - DEBUG - Gradient Function: x.shape = (288, 64), y.shape = (288,)
2025-06-01 13:55:12,377 - DEBUG - Compute Cost Function: x.shape=(288, 64),y.shape=(288,)
2025-06-01 13:55:12,377 - DEBUG - Gradient Function: x.shape = (288, 64), y.shape = (288,)
2025-06-01 13:55:12,377 - DEBUG - Compute Cost Function: x.shape=(288, 64),y.shape=(288,)
2025-06-01 13:55:12,377 - DEBUG - Gradient Function: x.shape = (288, 64), y.shape = (288,)
2025-06-01 13:55:12,377 - DEBUG - Compute Cost Function: x.shape=(288, 64),y.shape=(288,)
2025-06-01 13:55:12,377 - DEBUG - Gradient Function: x.shape = (288, 64), y.shape = (288,)
2025-06-01 13:55:12,377 - DEBUG - Compute Cost Function: x.shape=(288, 64),y.shape=(288,)
2025-06-01 13:55:12,377 - DEBUG - Gradient Function: x.shape = (288, 64), y.shape = (288,)
2025-06-01 13:55:12,377 - DEBUG - Compute Cost Function: x.shape=(288, 64),y.shape=(288,)
2025-06-01 13:55:12,377 - DEBUG - Gradient Function: x.shape = (288, 64), y.shape = (288,)
2025-06-01 13:55:12,377 - DEBUG - Compute Cost Function: x.shape=(288, 64),y.shape=(288,)
2025-06-01 13:55:12,377 - DEBUG - Gradient Function: x.shape = (288, 64), y.shape = (288,)
2025-06-01 13:55:12,377 - DEBUG - Compute Cost Function: x.shape=(288, 64),y.shape=(288,)
2025-06-01 13:55:12,377 - DEBUG - Gradient Function: x.shape = (288, 64), y.shape = (288,)
2025-06-01 13:55:12,377 - DEBUG - Compute Cost Function: x.shape=(288, 64),y.shape=(288,)
2025-06-01 13:55:12,377 - DEBUG - Gradient Function: x.shape = (288, 64), y.shape = (288,)
2025-06-01 13:55:12,377 - DEBUG - Compute Cost Function: x.shape=(288, 64),y.shape=(288,)
2025-06-01 13:55:12,377 - DEBUG - Gradient Function: x.shape = (288, 64), y.shape = (288,)
2025-06-01 13:55:12,377 - DEBUG - Compute Cost Function: x.shape=(288, 64),y.shape=(288,)
2025-06-01 13:55:12,377 - DEBUG - Gradient Function: x.shape = (288, 64), y.shape = (288,)
2025-06-01 13:55:12,377 - DEBUG - Compute Cost Function: x.shape=(288, 64),y.shape=(288,)
2025-06-01 13:55:12,377 - DEBUG - Gradient Function: x.shape = (288, 64), y.shape = (288,)
2025-06-01 13:55:12,377 - DEBUG - Compute Cost Function: x.shape=(288, 64),y.shape=(288,)
2025-06-01 13:55:12,377 - DEBUG - Gradient Function: x.shape = (288, 64), y.shape = (288,)
2025-06-01 13:55:12,377 - DEBUG - Compute Cost Function: x.shape=(288, 64),y.shape=(288,)
2025-06-01 13:55:12,377 - DEBUG - Gradient Function: x.shape = (288, 64), y.shape = (288,)
2025-06-01 13:55:12,377 - DEBUG - Compute Cost Function: x.shape=(288, 64),y.shape=(288,)
2025-06-01 13:55:12,377 - DEBUG - Gradient Function: x.shape = (288, 64), y.shape = (288,)
2025-06-01 13:55:12,377 - DEBUG - Compute Cost Function: x.shape=(288, 64),y.shape=(288,)
2025-06-01 13:55:12,377 - DEBUG - Gradient Function: x.shape = (288, 64), y.shape = (288,)
2025-06-01 13:55:12,377 - DEBUG - Compute Cost Function: x.shape=(288, 64),y.shape=(288,)
2025-06-01 13:55:12,377 - DEBUG - Gradient Function: x.shape = (288, 64), y.shape = (288,)
2025-06-01 13:55:12,377 - DEBUG - Compute Cost Function: x.shape=(288, 64),y.shape=(288,)
2025-06-01 13:55:12,377 - DEBUG - Gradient Function: x.shape = (288, 64), y.shape = (288,)
2025-06-01 13:55:12,377 - DEBUG - Compute Cost Function: x.shape=(288, 64),y.shape=(288,)
2025-06-01 13:55:12,377 - DEBUG - Gradient Function: x.shape = (288, 64), y.shape = (288,)
2025-06-01 13:55:12,377 - DEBUG - Compute Cost Function: x.shape=(288, 64),y.shape=(288,)
2025-06-01 13:55:12,377 - DEBUG - Gradient Function: x.shape = (288, 64), y.shape = (288,)
2025-06-01 13:55:12,377 - DEBUG - Compute Cost Function: x.shape=(288, 64),y.shape=(288,)
2025-06-01 13:55:12,377 - DEBUG - Gradient Function: x.shape = (288, 64), y.shape = (288,)
2025-06-01 13:55:12,377 - DEBUG - Compute Cost Function: x.shape=(288, 64),y.shape=(288,)
2025-06-01 13:55:12,377 - DEBUG - Gradient Function: x.shape = (288, 64), y.shape = (288,)
2025-06-01 13:55:12,377 - DEBUG - Compute Cost Function: x.shape=(288, 64),y.shape=(288,)
2025-06-01 13:55:12,377 - DEBUG - Gradient Function: x.shape = (288, 64), y.shape = (288,)
2025-06-01 13:55:12,377 - DEBUG - Compute Cost Function: x.shape=(288, 64),y.shape=(288,)
2025-06-01 13:55:12,377 - DEBUG - Gradient Function: x.shape = (288, 64), y.shape = (288,)
2025-06-01 13:55:12,377 - DEBUG - Compute Cost Function: x.shape=(288, 64),y.shape=(288,)
2025-06-01 13:55:12,377 - DEBUG - Gradient Function: x.shape = (288, 64), y.shape = (288,)
2025-06-01 13:55:12,377 - DEBUG - Compute Cost Function: x.shape=(288, 64),y.shape=(288,)
2025-06-01 13:55:12,377 - DEBUG - Gradient Function: x.shape = (288, 64), y.shape = (288,)
2025-06-01 13:55:12,377 - DEBUG - Compute Cost Function: x.shape=(288, 64),y.shape=(288,)
2025-06-01 13:55:12,377 - DEBUG - Gradient Function: x.shape = (288, 64), y.shape = (288,)
2025-06-01 13:55:12,377 - DEBUG - Compute Cost Function: x.shape=(288, 64),y.shape=(288,)
2025-06-01 13:55:12,377 - DEBUG - Gradient Function: x.shape = (288, 64), y.shape = (288,)
2025-06-01 13:55:12,377 - DEBUG - Compute Cost Function: x.shape=(288, 64),y.shape=(288,)
2025-06-01 13:55:12,377 - DEBUG - Gradient Function: x.shape = (288, 64), y.shape = (288,)
2025-06-01 13:55:12,377 - DEBUG - Compute Cost Function: x.shape=(288, 64),y.shape=(288,)
2025-06-01 13:55:12,377 - DEBUG - Gradient Function: x.shape = (288, 64), y.shape = (288,)
2025-06-01 13:55:12,377 - DEBUG - Compute Cost Function: x.shape=(288, 64),y.shape=(288,)
2025-06-01 13:55:12,377 - DEBUG - Gradient Function: x.shape = (288, 64), y.shape = (288,)
2025-06-01 13:55:12,377 - DEBUG - Compute Cost Function: x.shape=(288, 64),y.shape=(288,)
2025-06-01 13:55:12,377 - DEBUG - Gradient Function: x.shape = (288, 64), y.shape = (288,)
2025-06-01 13:55:12,377 - DEBUG - Compute Cost Function: x.shape=(288, 64),y.shape=(288,)
2025-06-01 13:55:12,377 - DEBUG - Gradient Function: x.shape = (288, 64), y.shape = (288,)
2025-06-01 13:55:12,393 - DEBUG - Compute Cost Function: x.shape=(288, 64),y.shape=(288,)
2025-06-01 13:55:12,393 - DEBUG - Gradient Function: x.shape = (288, 64), y.shape = (288,)
2025-06-01 13:55:12,393 - DEBUG - Compute Cost Function: x.shape=(288, 64),y.shape=(288,)
2025-06-01 13:55:12,393 - DEBUG - Gradient Function: x.shape = (288, 64), y.shape = (288,)
2025-06-01 13:55:12,393 - DEBUG - Compute Cost Function: x.shape=(288, 64),y.shape=(288,)
2025-06-01 13:55:12,393 - DEBUG - Gradient Function: x.shape = (288, 64), y.shape = (288,)
2025-06-01 13:55:12,393 - DEBUG - Compute Cost Function: x.shape=(288, 64),y.shape=(288,)
2025-06-01 13:55:12,393 - DEBUG - Gradient Function: x.shape = (288, 64), y.shape = (288,)
2025-06-01 13:55:12,393 - DEBUG - Compute Cost Function: x.shape=(288, 64),y.shape=(288,)
2025-06-01 13:55:12,393 - DEBUG - Gradient Function: x.shape = (288, 64), y.shape = (288,)
2025-06-01 13:55:12,393 - DEBUG - Compute Cost Function: x.shape=(288, 64),y.shape=(288,)
2025-06-01 13:55:12,393 - DEBUG - Gradient Function: x.shape = (288, 64), y.shape = (288,)
2025-06-01 13:55:12,393 - DEBUG - Compute Cost Function: x.shape=(288, 64),y.shape=(288,)
2025-06-01 13:55:12,393 - DEBUG - Gradient Function: x.shape = (288, 64), y.shape = (288,)
2025-06-01 13:55:12,393 - DEBUG - Compute Cost Function: x.shape=(288, 64),y.shape=(288,)
2025-06-01 13:55:12,393 - DEBUG - Gradient Function: x.shape = (288, 64), y.shape = (288,)
2025-06-01 13:55:12,393 - DEBUG - Compute Cost Function: x.shape=(288, 64),y.shape=(288,)
2025-06-01 13:55:12,393 - DEBUG - Gradient Function: x.shape = (288, 64), y.shape = (288,)
2025-06-01 13:55:12,393 - DEBUG - Compute Cost Function: x.shape=(288, 64),y.shape=(288,)
2025-06-01 13:55:12,393 - DEBUG - Gradient Function: x.shape = (288, 64), y.shape = (288,)
2025-06-01 13:55:12,393 - DEBUG - Compute Cost Function: x.shape=(288, 64),y.shape=(288,)
2025-06-01 13:55:12,393 - DEBUG - Gradient Function: x.shape = (288, 64), y.shape = (288,)
2025-06-01 13:55:12,393 - DEBUG - Compute Cost Function: x.shape=(288, 64),y.shape=(288,)
2025-06-01 13:55:12,393 - DEBUG - Gradient Function: x.shape = (288, 64), y.shape = (288,)
2025-06-01 13:55:12,393 - DEBUG - Compute Cost Function: x.shape=(288, 64),y.shape=(288,)
2025-06-01 13:55:12,393 - DEBUG - Gradient Function: x.shape = (288, 64), y.shape = (288,)
2025-06-01 13:55:12,393 - DEBUG - Compute Cost Function: x.shape=(288, 64),y.shape=(288,)
2025-06-01 13:55:12,393 - DEBUG - Gradient Function: x.shape = (288, 64), y.shape = (288,)
2025-06-01 13:55:12,393 - DEBUG - Compute Cost Function: x.shape=(288, 64),y.shape=(288,)
2025-06-01 13:55:12,393 - DEBUG - Gradient Function: x.shape = (288, 64), y.shape = (288,)
2025-06-01 13:55:12,393 - DEBUG - Compute Cost Function: x.shape=(288, 64),y.shape=(288,)
2025-06-01 13:55:12,393 - DEBUG - Gradient Function: x.shape = (288, 64), y.shape = (288,)
2025-06-01 13:55:12,393 - DEBUG - Compute Cost Function: x.shape=(288, 64),y.shape=(288,)
2025-06-01 13:55:12,393 - DEBUG - Gradient Function: x.shape = (288, 64), y.shape = (288,)
2025-06-01 13:55:12,393 - INFO - Cost after iteration 400: 0.03334030203431328
2025-06-01 13:55:12,393 - DEBUG - Compute Cost Function: x.shape=(288, 64),y.shape=(288,)
2025-06-01 13:55:12,393 - DEBUG - Gradient Function: x.shape = (288, 64), y.shape = (288,)
2025-06-01 13:55:12,393 - DEBUG - Compute Cost Function: x.shape=(288, 64),y.shape=(288,)
2025-06-01 13:55:12,393 - DEBUG - Gradient Function: x.shape = (288, 64), y.shape = (288,)
2025-06-01 13:55:12,393 - DEBUG - Compute Cost Function: x.shape=(288, 64),y.shape=(288,)
2025-06-01 13:55:12,393 - DEBUG - Gradient Function: x.shape = (288, 64), y.shape = (288,)
2025-06-01 13:55:12,393 - DEBUG - Compute Cost Function: x.shape=(288, 64),y.shape=(288,)
2025-06-01 13:55:12,393 - DEBUG - Gradient Function: x.shape = (288, 64), y.shape = (288,)
2025-06-01 13:55:12,393 - DEBUG - Compute Cost Function: x.shape=(288, 64),y.shape=(288,)
2025-06-01 13:55:12,393 - DEBUG - Gradient Function: x.shape = (288, 64), y.shape = (288,)
2025-06-01 13:55:12,393 - DEBUG - Compute Cost Function: x.shape=(288, 64),y.shape=(288,)
2025-06-01 13:55:12,393 - DEBUG - Gradient Function: x.shape = (288, 64), y.shape = (288,)
2025-06-01 13:55:12,393 - DEBUG - Compute Cost Function: x.shape=(288, 64),y.shape=(288,)
2025-06-01 13:55:12,393 - DEBUG - Gradient Function: x.shape = (288, 64), y.shape = (288,)
2025-06-01 13:55:12,393 - DEBUG - Compute Cost Function: x.shape=(288, 64),y.shape=(288,)
2025-06-01 13:55:12,393 - DEBUG - Gradient Function: x.shape = (288, 64), y.shape = (288,)
2025-06-01 13:55:12,393 - DEBUG - Compute Cost Function: x.shape=(288, 64),y.shape=(288,)
2025-06-01 13:55:12,393 - DEBUG - Gradient Function: x.shape = (288, 64), y.shape = (288,)
2025-06-01 13:55:12,393 - DEBUG - Compute Cost Function: x.shape=(288, 64),y.shape=(288,)
2025-06-01 13:55:12,393 - DEBUG - Gradient Function: x.shape = (288, 64), y.shape = (288,)
2025-06-01 13:55:12,393 - DEBUG - Compute Cost Function: x.shape=(288, 64),y.shape=(288,)
2025-06-01 13:55:12,393 - DEBUG - Gradient Function: x.shape = (288, 64), y.shape = (288,)
2025-06-01 13:55:12,393 - DEBUG - Compute Cost Function: x.shape=(288, 64),y.shape=(288,)
2025-06-01 13:55:12,393 - DEBUG - Gradient Function: x.shape = (288, 64), y.shape = (288,)
2025-06-01 13:55:12,393 - DEBUG - Compute Cost Function: x.shape=(288, 64),y.shape=(288,)
2025-06-01 13:55:12,393 - DEBUG - Gradient Function: x.shape = (288, 64), y.shape = (288,)
2025-06-01 13:55:12,393 - DEBUG - Compute Cost Function: x.shape=(288, 64),y.shape=(288,)
2025-06-01 13:55:12,393 - DEBUG - Gradient Function: x.shape = (288, 64), y.shape = (288,)
2025-06-01 13:55:12,393 - DEBUG - Compute Cost Function: x.shape=(288, 64),y.shape=(288,)
2025-06-01 13:55:12,393 - DEBUG - Gradient Function: x.shape = (288, 64), y.shape = (288,)
2025-06-01 13:55:12,393 - DEBUG - Compute Cost Function: x.shape=(288, 64),y.shape=(288,)
2025-06-01 13:55:12,393 - DEBUG - Gradient Function: x.shape = (288, 64), y.shape = (288,)
2025-06-01 13:55:12,393 - DEBUG - Compute Cost Function: x.shape=(288, 64),y.shape=(288,)
2025-06-01 13:55:12,393 - DEBUG - Gradient Function: x.shape = (288, 64), y.shape = (288,)
2025-06-01 13:55:12,393 - DEBUG - Compute Cost Function: x.shape=(288, 64),y.shape=(288,)
2025-06-01 13:55:12,393 - DEBUG - Gradient Function: x.shape = (288, 64), y.shape = (288,)
2025-06-01 13:55:12,393 - DEBUG - Compute Cost Function: x.shape=(288, 64),y.shape=(288,)
2025-06-01 13:55:12,393 - DEBUG - Gradient Function: x.shape = (288, 64), y.shape = (288,)
2025-06-01 13:55:12,393 - DEBUG - Compute Cost Function: x.shape=(288, 64),y.shape=(288,)
2025-06-01 13:55:12,393 - DEBUG - Gradient Function: x.shape = (288, 64), y.shape = (288,)
2025-06-01 13:55:12,393 - DEBUG - Compute Cost Function: x.shape=(288, 64),y.shape=(288,)
2025-06-01 13:55:12,393 - DEBUG - Gradient Function: x.shape = (288, 64), y.shape = (288,)
2025-06-01 13:55:12,393 - DEBUG - Compute Cost Function: x.shape=(288, 64),y.shape=(288,)
2025-06-01 13:55:12,393 - DEBUG - Gradient Function: x.shape = (288, 64), y.shape = (288,)
2025-06-01 13:55:12,393 - DEBUG - Compute Cost Function: x.shape=(288, 64),y.shape=(288,)
2025-06-01 13:55:12,393 - DEBUG - Gradient Function: x.shape = (288, 64), y.shape = (288,)
2025-06-01 13:55:12,393 - DEBUG - Compute Cost Function: x.shape=(288, 64),y.shape=(288,)
2025-06-01 13:55:12,393 - DEBUG - Gradient Function: x.shape = (288, 64), y.shape = (288,)
2025-06-01 13:55:12,393 - DEBUG - Compute Cost Function: x.shape=(288, 64),y.shape=(288,)
2025-06-01 13:55:12,393 - DEBUG - Gradient Function: x.shape = (288, 64), y.shape = (288,)
2025-06-01 13:55:12,393 - DEBUG - Compute Cost Function: x.shape=(288, 64),y.shape=(288,)
2025-06-01 13:55:12,393 - DEBUG - Gradient Function: x.shape = (288, 64), y.shape = (288,)
2025-06-01 13:55:12,393 - DEBUG - Compute Cost Function: x.shape=(288, 64),y.shape=(288,)
2025-06-01 13:55:12,393 - DEBUG - Gradient Function: x.shape = (288, 64), y.shape = (288,)
2025-06-01 13:55:12,409 - DEBUG - Compute Cost Function: x.shape=(288, 64),y.shape=(288,)
2025-06-01 13:55:12,411 - DEBUG - Gradient Function: x.shape = (288, 64), y.shape = (288,)
2025-06-01 13:55:12,411 - DEBUG - Compute Cost Function: x.shape=(288, 64),y.shape=(288,)
2025-06-01 13:55:12,411 - DEBUG - Gradient Function: x.shape = (288, 64), y.shape = (288,)
2025-06-01 13:55:12,411 - DEBUG - Compute Cost Function: x.shape=(288, 64),y.shape=(288,)
2025-06-01 13:55:12,411 - DEBUG - Gradient Function: x.shape = (288, 64), y.shape = (288,)
2025-06-01 13:55:12,411 - DEBUG - Compute Cost Function: x.shape=(288, 64),y.shape=(288,)
2025-06-01 13:55:12,411 - DEBUG - Gradient Function: x.shape = (288, 64), y.shape = (288,)
2025-06-01 13:55:12,411 - DEBUG - Compute Cost Function: x.shape=(288, 64),y.shape=(288,)
2025-06-01 13:55:12,411 - DEBUG - Gradient Function: x.shape = (288, 64), y.shape = (288,)
2025-06-01 13:55:12,411 - DEBUG - Compute Cost Function: x.shape=(288, 64),y.shape=(288,)
2025-06-01 13:55:12,411 - DEBUG - Gradient Function: x.shape = (288, 64), y.shape = (288,)
2025-06-01 13:55:12,411 - DEBUG - Compute Cost Function: x.shape=(288, 64),y.shape=(288,)
2025-06-01 13:55:12,411 - DEBUG - Gradient Function: x.shape = (288, 64), y.shape = (288,)
2025-06-01 13:55:12,411 - DEBUG - Compute Cost Function: x.shape=(288, 64),y.shape=(288,)
2025-06-01 13:55:12,411 - DEBUG - Gradient Function: x.shape = (288, 64), y.shape = (288,)
2025-06-01 13:55:12,411 - DEBUG - Compute Cost Function: x.shape=(288, 64),y.shape=(288,)
2025-06-01 13:55:12,411 - DEBUG - Gradient Function: x.shape = (288, 64), y.shape = (288,)
2025-06-01 13:55:12,411 - DEBUG - Compute Cost Function: x.shape=(288, 64),y.shape=(288,)
2025-06-01 13:55:12,411 - DEBUG - Gradient Function: x.shape = (288, 64), y.shape = (288,)
2025-06-01 13:55:12,411 - DEBUG - Compute Cost Function: x.shape=(288, 64),y.shape=(288,)
2025-06-01 13:55:12,411 - DEBUG - Gradient Function: x.shape = (288, 64), y.shape = (288,)
2025-06-01 13:55:12,411 - DEBUG - Compute Cost Function: x.shape=(288, 64),y.shape=(288,)
2025-06-01 13:55:12,411 - DEBUG - Gradient Function: x.shape = (288, 64), y.shape = (288,)
2025-06-01 13:55:12,411 - DEBUG - Compute Cost Function: x.shape=(288, 64),y.shape=(288,)
2025-06-01 13:55:12,411 - DEBUG - Gradient Function: x.shape = (288, 64), y.shape = (288,)
2025-06-01 13:55:12,411 - DEBUG - Compute Cost Function: x.shape=(288, 64),y.shape=(288,)
2025-06-01 13:55:12,411 - DEBUG - Gradient Function: x.shape = (288, 64), y.shape = (288,)
2025-06-01 13:55:12,411 - DEBUG - Compute Cost Function: x.shape=(288, 64),y.shape=(288,)
2025-06-01 13:55:12,411 - DEBUG - Gradient Function: x.shape = (288, 64), y.shape = (288,)
2025-06-01 13:55:12,411 - DEBUG - Compute Cost Function: x.shape=(288, 64),y.shape=(288,)
2025-06-01 13:55:12,411 - DEBUG - Gradient Function: x.shape = (288, 64), y.shape = (288,)
2025-06-01 13:55:12,411 - DEBUG - Compute Cost Function: x.shape=(288, 64),y.shape=(288,)
2025-06-01 13:55:12,411 - DEBUG - Gradient Function: x.shape = (288, 64), y.shape = (288,)
2025-06-01 13:55:12,411 - DEBUG - Compute Cost Function: x.shape=(288, 64),y.shape=(288,)
2025-06-01 13:55:12,411 - DEBUG - Gradient Function: x.shape = (288, 64), y.shape = (288,)
2025-06-01 13:55:12,411 - DEBUG - Compute Cost Function: x.shape=(288, 64),y.shape=(288,)
2025-06-01 13:55:12,411 - DEBUG - Gradient Function: x.shape = (288, 64), y.shape = (288,)
2025-06-01 13:55:12,411 - DEBUG - Compute Cost Function: x.shape=(288, 64),y.shape=(288,)
2025-06-01 13:55:12,411 - DEBUG - Gradient Function: x.shape = (288, 64), y.shape = (288,)
2025-06-01 13:55:12,411 - DEBUG - Compute Cost Function: x.shape=(288, 64),y.shape=(288,)
2025-06-01 13:55:12,411 - DEBUG - Gradient Function: x.shape = (288, 64), y.shape = (288,)
2025-06-01 13:55:12,411 - DEBUG - Compute Cost Function: x.shape=(288, 64),y.shape=(288,)
2025-06-01 13:55:12,411 - DEBUG - Gradient Function: x.shape = (288, 64), y.shape = (288,)
2025-06-01 13:55:12,411 - DEBUG - Compute Cost Function: x.shape=(288, 64),y.shape=(288,)
2025-06-01 13:55:12,411 - DEBUG - Gradient Function: x.shape = (288, 64), y.shape = (288,)
2025-06-01 13:55:12,411 - DEBUG - Compute Cost Function: x.shape=(288, 64),y.shape=(288,)
2025-06-01 13:55:12,411 - DEBUG - Gradient Function: x.shape = (288, 64), y.shape = (288,)
2025-06-01 13:55:12,411 - DEBUG - Compute Cost Function: x.shape=(288, 64),y.shape=(288,)
2025-06-01 13:55:12,411 - DEBUG - Gradient Function: x.shape = (288, 64), y.shape = (288,)
2025-06-01 13:55:12,411 - DEBUG - Compute Cost Function: x.shape=(288, 64),y.shape=(288,)
2025-06-01 13:55:12,411 - DEBUG - Gradient Function: x.shape = (288, 64), y.shape = (288,)
2025-06-01 13:55:12,411 - DEBUG - Compute Cost Function: x.shape=(288, 64),y.shape=(288,)
2025-06-01 13:55:12,411 - DEBUG - Gradient Function: x.shape = (288, 64), y.shape = (288,)
2025-06-01 13:55:12,411 - DEBUG - Compute Cost Function: x.shape=(288, 64),y.shape=(288,)
2025-06-01 13:55:12,411 - DEBUG - Gradient Function: x.shape = (288, 64), y.shape = (288,)
2025-06-01 13:55:12,411 - DEBUG - Compute Cost Function: x.shape=(288, 64),y.shape=(288,)
2025-06-01 13:55:12,411 - DEBUG - Gradient Function: x.shape = (288, 64), y.shape = (288,)
2025-06-01 13:55:12,411 - DEBUG - Compute Cost Function: x.shape=(288, 64),y.shape=(288,)
2025-06-01 13:55:12,411 - DEBUG - Gradient Function: x.shape = (288, 64), y.shape = (288,)
2025-06-01 13:55:12,411 - DEBUG - Compute Cost Function: x.shape=(288, 64),y.shape=(288,)
2025-06-01 13:55:12,411 - DEBUG - Gradient Function: x.shape = (288, 64), y.shape = (288,)
2025-06-01 13:55:12,411 - DEBUG - Compute Cost Function: x.shape=(288, 64),y.shape=(288,)
2025-06-01 13:55:12,411 - DEBUG - Gradient Function: x.shape = (288, 64), y.shape = (288,)
2025-06-01 13:55:12,411 - DEBUG - Compute Cost Function: x.shape=(288, 64),y.shape=(288,)
2025-06-01 13:55:12,411 - DEBUG - Gradient Function: x.shape = (288, 64), y.shape = (288,)
2025-06-01 13:55:12,411 - DEBUG - Compute Cost Function: x.shape=(288, 64),y.shape=(288,)
2025-06-01 13:55:12,411 - DEBUG - Gradient Function: x.shape = (288, 64), y.shape = (288,)
2025-06-01 13:55:12,411 - DEBUG - Compute Cost Function: x.shape=(288, 64),y.shape=(288,)
2025-06-01 13:55:12,411 - DEBUG - Gradient Function: x.shape = (288, 64), y.shape = (288,)
2025-06-01 13:55:12,411 - DEBUG - Compute Cost Function: x.shape=(288, 64),y.shape=(288,)
2025-06-01 13:55:12,411 - DEBUG - Gradient Function: x.shape = (288, 64), y.shape = (288,)
2025-06-01 13:55:12,411 - DEBUG - Compute Cost Function: x.shape=(288, 64),y.shape=(288,)
2025-06-01 13:55:12,411 - DEBUG - Gradient Function: x.shape = (288, 64), y.shape = (288,)
2025-06-01 13:55:12,411 - DEBUG - Compute Cost Function: x.shape=(288, 64),y.shape=(288,)
2025-06-01 13:55:12,411 - DEBUG - Gradient Function: x.shape = (288, 64), y.shape = (288,)
2025-06-01 13:55:12,411 - DEBUG - Compute Cost Function: x.shape=(288, 64),y.shape=(288,)
2025-06-01 13:55:12,411 - DEBUG - Gradient Function: x.shape = (288, 64), y.shape = (288,)
2025-06-01 13:55:12,411 - DEBUG - Compute Cost Function: x.shape=(288, 64),y.shape=(288,)
2025-06-01 13:55:12,411 - DEBUG - Gradient Function: x.shape = (288, 64), y.shape = (288,)
2025-06-01 13:55:12,424 - DEBUG - Compute Cost Function: x.shape=(288, 64),y.shape=(288,)
2025-06-01 13:55:12,424 - DEBUG - Gradient Function: x.shape = (288, 64), y.shape = (288,)
2025-06-01 13:55:12,424 - DEBUG - Compute Cost Function: x.shape=(288, 64),y.shape=(288,)
2025-06-01 13:55:12,424 - DEBUG - Gradient Function: x.shape = (288, 64), y.shape = (288,)
2025-06-01 13:55:12,424 - DEBUG - Compute Cost Function: x.shape=(288, 64),y.shape=(288,)
2025-06-01 13:55:12,424 - DEBUG - Gradient Function: x.shape = (288, 64), y.shape = (288,)
2025-06-01 13:55:12,424 - DEBUG - Compute Cost Function: x.shape=(288, 64),y.shape=(288,)
2025-06-01 13:55:12,424 - DEBUG - Gradient Function: x.shape = (288, 64), y.shape = (288,)
2025-06-01 13:55:12,424 - DEBUG - Compute Cost Function: x.shape=(288, 64),y.shape=(288,)
2025-06-01 13:55:12,424 - DEBUG - Gradient Function: x.shape = (288, 64), y.shape = (288,)
2025-06-01 13:55:12,424 - DEBUG - Compute Cost Function: x.shape=(288, 64),y.shape=(288,)
2025-06-01 13:55:12,424 - DEBUG - Gradient Function: x.shape = (288, 64), y.shape = (288,)
2025-06-01 13:55:12,424 - DEBUG - Compute Cost Function: x.shape=(288, 64),y.shape=(288,)
2025-06-01 13:55:12,424 - DEBUG - Gradient Function: x.shape = (288, 64), y.shape = (288,)
2025-06-01 13:55:12,424 - DEBUG - Compute Cost Function: x.shape=(288, 64),y.shape=(288,)
2025-06-01 13:55:12,424 - DEBUG - Gradient Function: x.shape = (288, 64), y.shape = (288,)
2025-06-01 13:55:12,424 - DEBUG - Compute Cost Function: x.shape=(288, 64),y.shape=(288,)
2025-06-01 13:55:12,424 - DEBUG - Gradient Function: x.shape = (288, 64), y.shape = (288,)
2025-06-01 13:55:12,424 - DEBUG - Compute Cost Function: x.shape=(288, 64),y.shape=(288,)
2025-06-01 13:55:12,424 - DEBUG - Gradient Function: x.shape = (288, 64), y.shape = (288,)
2025-06-01 13:55:12,424 - DEBUG - Compute Cost Function: x.shape=(288, 64),y.shape=(288,)
2025-06-01 13:55:12,424 - DEBUG - Gradient Function: x.shape = (288, 64), y.shape = (288,)
2025-06-01 13:55:12,424 - DEBUG - Compute Cost Function: x.shape=(288, 64),y.shape=(288,)
2025-06-01 13:55:12,424 - DEBUG - Gradient Function: x.shape = (288, 64), y.shape = (288,)
2025-06-01 13:55:12,424 - DEBUG - Compute Cost Function: x.shape=(288, 64),y.shape=(288,)
2025-06-01 13:55:12,424 - DEBUG - Gradient Function: x.shape = (288, 64), y.shape = (288,)
2025-06-01 13:55:12,424 - DEBUG - Compute Cost Function: x.shape=(288, 64),y.shape=(288,)
2025-06-01 13:55:12,424 - DEBUG - Gradient Function: x.shape = (288, 64), y.shape = (288,)
2025-06-01 13:55:12,424 - DEBUG - Compute Cost Function: x.shape=(288, 64),y.shape=(288,)
2025-06-01 13:55:12,424 - DEBUG - Gradient Function: x.shape = (288, 64), y.shape = (288,)
2025-06-01 13:55:12,424 - DEBUG - Compute Cost Function: x.shape=(288, 64),y.shape=(288,)
2025-06-01 13:55:12,424 - DEBUG - Gradient Function: x.shape = (288, 64), y.shape = (288,)
2025-06-01 13:55:12,424 - DEBUG - Compute Cost Function: x.shape=(288, 64),y.shape=(288,)
2025-06-01 13:55:12,424 - DEBUG - Gradient Function: x.shape = (288, 64), y.shape = (288,)
2025-06-01 13:55:12,424 - DEBUG - Compute Cost Function: x.shape=(288, 64),y.shape=(288,)
2025-06-01 13:55:12,424 - DEBUG - Gradient Function: x.shape = (288, 64), y.shape = (288,)
2025-06-01 13:55:12,424 - DEBUG - Compute Cost Function: x.shape=(288, 64),y.shape=(288,)
2025-06-01 13:55:12,424 - DEBUG - Gradient Function: x.shape = (288, 64), y.shape = (288,)
2025-06-01 13:55:12,424 - DEBUG - Compute Cost Function: x.shape=(288, 64),y.shape=(288,)
2025-06-01 13:55:12,424 - DEBUG - Gradient Function: x.shape = (288, 64), y.shape = (288,)
2025-06-01 13:55:12,424 - DEBUG - Compute Cost Function: x.shape=(288, 64),y.shape=(288,)
2025-06-01 13:55:12,424 - DEBUG - Gradient Function: x.shape = (288, 64), y.shape = (288,)
2025-06-01 13:55:12,424 - DEBUG - Compute Cost Function: x.shape=(288, 64),y.shape=(288,)
2025-06-01 13:55:12,424 - DEBUG - Gradient Function: x.shape = (288, 64), y.shape = (288,)
2025-06-01 13:55:12,424 - DEBUG - Compute Cost Function: x.shape=(288, 64),y.shape=(288,)
2025-06-01 13:55:12,424 - DEBUG - Gradient Function: x.shape = (288, 64), y.shape = (288,)
2025-06-01 13:55:12,424 - DEBUG - Compute Cost Function: x.shape=(288, 64),y.shape=(288,)
2025-06-01 13:55:12,424 - DEBUG - Gradient Function: x.shape = (288, 64), y.shape = (288,)
2025-06-01 13:55:12,424 - DEBUG - Compute Cost Function: x.shape=(288, 64),y.shape=(288,)
2025-06-01 13:55:12,424 - DEBUG - Gradient Function: x.shape = (288, 64), y.shape = (288,)
2025-06-01 13:55:12,424 - DEBUG - Compute Cost Function: x.shape=(288, 64),y.shape=(288,)
2025-06-01 13:55:12,424 - DEBUG - Gradient Function: x.shape = (288, 64), y.shape = (288,)
2025-06-01 13:55:12,424 - DEBUG - Compute Cost Function: x.shape=(288, 64),y.shape=(288,)
2025-06-01 13:55:12,424 - DEBUG - Gradient Function: x.shape = (288, 64), y.shape = (288,)
2025-06-01 13:55:12,424 - DEBUG - Compute Cost Function: x.shape=(288, 64),y.shape=(288,)
2025-06-01 13:55:12,424 - DEBUG - Gradient Function: x.shape = (288, 64), y.shape = (288,)
2025-06-01 13:55:12,424 - DEBUG - Compute Cost Function: x.shape=(288, 64),y.shape=(288,)
2025-06-01 13:55:12,424 - DEBUG - Gradient Function: x.shape = (288, 64), y.shape = (288,)
2025-06-01 13:55:12,424 - DEBUG - Compute Cost Function: x.shape=(288, 64),y.shape=(288,)
2025-06-01 13:55:12,424 - DEBUG - Gradient Function: x.shape = (288, 64), y.shape = (288,)
2025-06-01 13:55:12,424 - DEBUG - Compute Cost Function: x.shape=(288, 64),y.shape=(288,)
2025-06-01 13:55:12,424 - DEBUG - Gradient Function: x.shape = (288, 64), y.shape = (288,)
2025-06-01 13:55:12,424 - DEBUG - Compute Cost Function: x.shape=(288, 64),y.shape=(288,)
2025-06-01 13:55:12,424 - DEBUG - Gradient Function: x.shape = (288, 64), y.shape = (288,)
2025-06-01 13:55:12,424 - DEBUG - Compute Cost Function: x.shape=(288, 64),y.shape=(288,)
2025-06-01 13:55:12,424 - DEBUG - Gradient Function: x.shape = (288, 64), y.shape = (288,)
2025-06-01 13:55:12,424 - INFO - Cost after iteration 500: 0.02785196779805578
2025-06-01 13:55:12,424 - DEBUG - Compute Cost Function: x.shape=(288, 64),y.shape=(288,)
2025-06-01 13:55:12,424 - DEBUG - Gradient Function: x.shape = (288, 64), y.shape = (288,)
2025-06-01 13:55:12,424 - DEBUG - Compute Cost Function: x.shape=(288, 64),y.shape=(288,)
2025-06-01 13:55:12,424 - DEBUG - Gradient Function: x.shape = (288, 64), y.shape = (288,)
2025-06-01 13:55:12,424 - DEBUG - Compute Cost Function: x.shape=(288, 64),y.shape=(288,)
2025-06-01 13:55:12,424 - DEBUG - Gradient Function: x.shape = (288, 64), y.shape = (288,)
2025-06-01 13:55:12,424 - DEBUG - Compute Cost Function: x.shape=(288, 64),y.shape=(288,)
2025-06-01 13:55:12,424 - DEBUG - Gradient Function: x.shape = (288, 64), y.shape = (288,)
2025-06-01 13:55:12,424 - DEBUG - Compute Cost Function: x.shape=(288, 64),y.shape=(288,)
2025-06-01 13:55:12,424 - DEBUG - Gradient Function: x.shape = (288, 64), y.shape = (288,)
2025-06-01 13:55:12,424 - DEBUG - Compute Cost Function: x.shape=(288, 64),y.shape=(288,)
2025-06-01 13:55:12,424 - DEBUG - Gradient Function: x.shape = (288, 64), y.shape = (288,)
2025-06-01 13:55:12,424 - DEBUG - Compute Cost Function: x.shape=(288, 64),y.shape=(288,)
2025-06-01 13:55:12,424 - DEBUG - Gradient Function: x.shape = (288, 64), y.shape = (288,)
2025-06-01 13:55:12,424 - DEBUG - Compute Cost Function: x.shape=(288, 64),y.shape=(288,)
2025-06-01 13:55:12,424 - DEBUG - Gradient Function: x.shape = (288, 64), y.shape = (288,)
2025-06-01 13:55:12,424 - DEBUG - Compute Cost Function: x.shape=(288, 64),y.shape=(288,)
2025-06-01 13:55:12,424 - DEBUG - Gradient Function: x.shape = (288, 64), y.shape = (288,)
2025-06-01 13:55:12,424 - DEBUG - Compute Cost Function: x.shape=(288, 64),y.shape=(288,)
2025-06-01 13:55:12,424 - DEBUG - Gradient Function: x.shape = (288, 64), y.shape = (288,)
2025-06-01 13:55:12,424 - DEBUG - Compute Cost Function: x.shape=(288, 64),y.shape=(288,)
2025-06-01 13:55:12,424 - DEBUG - Gradient Function: x.shape = (288, 64), y.shape = (288,)
2025-06-01 13:55:12,424 - DEBUG - Compute Cost Function: x.shape=(288, 64),y.shape=(288,)
2025-06-01 13:55:12,440 - DEBUG - Gradient Function: x.shape = (288, 64), y.shape = (288,)
2025-06-01 13:55:12,440 - DEBUG - Compute Cost Function: x.shape=(288, 64),y.shape=(288,)
2025-06-01 13:55:12,440 - DEBUG - Gradient Function: x.shape = (288, 64), y.shape = (288,)
2025-06-01 13:55:12,440 - DEBUG - Compute Cost Function: x.shape=(288, 64),y.shape=(288,)
2025-06-01 13:55:12,440 - DEBUG - Gradient Function: x.shape = (288, 64), y.shape = (288,)
2025-06-01 13:55:12,440 - DEBUG - Compute Cost Function: x.shape=(288, 64),y.shape=(288,)
2025-06-01 13:55:12,440 - DEBUG - Gradient Function: x.shape = (288, 64), y.shape = (288,)
2025-06-01 13:55:12,440 - DEBUG - Compute Cost Function: x.shape=(288, 64),y.shape=(288,)
2025-06-01 13:55:12,440 - DEBUG - Gradient Function: x.shape = (288, 64), y.shape = (288,)
2025-06-01 13:55:12,440 - DEBUG - Compute Cost Function: x.shape=(288, 64),y.shape=(288,)
2025-06-01 13:55:12,440 - DEBUG - Gradient Function: x.shape = (288, 64), y.shape = (288,)
2025-06-01 13:55:12,440 - DEBUG - Compute Cost Function: x.shape=(288, 64),y.shape=(288,)
2025-06-01 13:55:12,440 - DEBUG - Gradient Function: x.shape = (288, 64), y.shape = (288,)
2025-06-01 13:55:12,443 - DEBUG - Compute Cost Function: x.shape=(288, 64),y.shape=(288,)
2025-06-01 13:55:12,444 - DEBUG - Gradient Function: x.shape = (288, 64), y.shape = (288,)
2025-06-01 13:55:12,444 - DEBUG - Compute Cost Function: x.shape=(288, 64),y.shape=(288,)
2025-06-01 13:55:12,444 - DEBUG - Gradient Function: x.shape = (288, 64), y.shape = (288,)
2025-06-01 13:55:12,444 - DEBUG - Compute Cost Function: x.shape=(288, 64),y.shape=(288,)
2025-06-01 13:55:12,444 - DEBUG - Gradient Function: x.shape = (288, 64), y.shape = (288,)
2025-06-01 13:55:12,444 - DEBUG - Compute Cost Function: x.shape=(288, 64),y.shape=(288,)
2025-06-01 13:55:12,444 - DEBUG - Gradient Function: x.shape = (288, 64), y.shape = (288,)
2025-06-01 13:55:12,444 - DEBUG - Compute Cost Function: x.shape=(288, 64),y.shape=(288,)
2025-06-01 13:55:12,444 - DEBUG - Gradient Function: x.shape = (288, 64), y.shape = (288,)
2025-06-01 13:55:12,444 - DEBUG - Compute Cost Function: x.shape=(288, 64),y.shape=(288,)
2025-06-01 13:55:12,444 - DEBUG - Gradient Function: x.shape = (288, 64), y.shape = (288,)
2025-06-01 13:55:12,444 - DEBUG - Compute Cost Function: x.shape=(288, 64),y.shape=(288,)
2025-06-01 13:55:12,444 - DEBUG - Gradient Function: x.shape = (288, 64), y.shape = (288,)
2025-06-01 13:55:12,444 - DEBUG - Compute Cost Function: x.shape=(288, 64),y.shape=(288,)
2025-06-01 13:55:12,444 - DEBUG - Gradient Function: x.shape = (288, 64), y.shape = (288,)
2025-06-01 13:55:12,444 - DEBUG - Compute Cost Function: x.shape=(288, 64),y.shape=(288,)
2025-06-01 13:55:12,444 - DEBUG - Gradient Function: x.shape = (288, 64), y.shape = (288,)
2025-06-01 13:55:12,444 - DEBUG - Compute Cost Function: x.shape=(288, 64),y.shape=(288,)
2025-06-01 13:55:12,444 - DEBUG - Gradient Function: x.shape = (288, 64), y.shape = (288,)
2025-06-01 13:55:12,444 - DEBUG - Compute Cost Function: x.shape=(288, 64),y.shape=(288,)
2025-06-01 13:55:12,444 - DEBUG - Gradient Function: x.shape = (288, 64), y.shape = (288,)
2025-06-01 13:55:12,444 - DEBUG - Compute Cost Function: x.shape=(288, 64),y.shape=(288,)
2025-06-01 13:55:12,444 - DEBUG - Gradient Function: x.shape = (288, 64), y.shape = (288,)
2025-06-01 13:55:12,444 - DEBUG - Compute Cost Function: x.shape=(288, 64),y.shape=(288,)
2025-06-01 13:55:12,444 - DEBUG - Gradient Function: x.shape = (288, 64), y.shape = (288,)
2025-06-01 13:55:12,444 - DEBUG - Compute Cost Function: x.shape=(288, 64),y.shape=(288,)
2025-06-01 13:55:12,444 - DEBUG - Gradient Function: x.shape = (288, 64), y.shape = (288,)
2025-06-01 13:55:12,444 - DEBUG - Compute Cost Function: x.shape=(288, 64),y.shape=(288,)
2025-06-01 13:55:12,444 - DEBUG - Gradient Function: x.shape = (288, 64), y.shape = (288,)
2025-06-01 13:55:12,444 - DEBUG - Compute Cost Function: x.shape=(288, 64),y.shape=(288,)
2025-06-01 13:55:12,444 - DEBUG - Gradient Function: x.shape = (288, 64), y.shape = (288,)
2025-06-01 13:55:12,444 - DEBUG - Compute Cost Function: x.shape=(288, 64),y.shape=(288,)
2025-06-01 13:55:12,444 - DEBUG - Gradient Function: x.shape = (288, 64), y.shape = (288,)
2025-06-01 13:55:12,444 - DEBUG - Compute Cost Function: x.shape=(288, 64),y.shape=(288,)
2025-06-01 13:55:12,444 - DEBUG - Gradient Function: x.shape = (288, 64), y.shape = (288,)
2025-06-01 13:55:12,444 - DEBUG - Compute Cost Function: x.shape=(288, 64),y.shape=(288,)
2025-06-01 13:55:12,444 - DEBUG - Gradient Function: x.shape = (288, 64), y.shape = (288,)
2025-06-01 13:55:12,444 - DEBUG - Compute Cost Function: x.shape=(288, 64),y.shape=(288,)
2025-06-01 13:55:12,444 - DEBUG - Gradient Function: x.shape = (288, 64), y.shape = (288,)
2025-06-01 13:55:12,444 - DEBUG - Compute Cost Function: x.shape=(288, 64),y.shape=(288,)
2025-06-01 13:55:12,444 - DEBUG - Gradient Function: x.shape = (288, 64), y.shape = (288,)
2025-06-01 13:55:12,444 - DEBUG - Compute Cost Function: x.shape=(288, 64),y.shape=(288,)
2025-06-01 13:55:12,444 - DEBUG - Gradient Function: x.shape = (288, 64), y.shape = (288,)
2025-06-01 13:55:12,444 - DEBUG - Compute Cost Function: x.shape=(288, 64),y.shape=(288,)
2025-06-01 13:55:12,444 - DEBUG - Gradient Function: x.shape = (288, 64), y.shape = (288,)
2025-06-01 13:55:12,444 - DEBUG - Compute Cost Function: x.shape=(288, 64),y.shape=(288,)
2025-06-01 13:55:12,444 - DEBUG - Gradient Function: x.shape = (288, 64), y.shape = (288,)
2025-06-01 13:55:12,444 - DEBUG - Compute Cost Function: x.shape=(288, 64),y.shape=(288,)
2025-06-01 13:55:12,444 - DEBUG - Gradient Function: x.shape = (288, 64), y.shape = (288,)
2025-06-01 13:55:12,444 - DEBUG - Compute Cost Function: x.shape=(288, 64),y.shape=(288,)
2025-06-01 13:55:12,444 - DEBUG - Gradient Function: x.shape = (288, 64), y.shape = (288,)
2025-06-01 13:55:12,444 - DEBUG - Compute Cost Function: x.shape=(288, 64),y.shape=(288,)
2025-06-01 13:55:12,444 - DEBUG - Gradient Function: x.shape = (288, 64), y.shape = (288,)
2025-06-01 13:55:12,444 - DEBUG - Compute Cost Function: x.shape=(288, 64),y.shape=(288,)
2025-06-01 13:55:12,444 - DEBUG - Gradient Function: x.shape = (288, 64), y.shape = (288,)
2025-06-01 13:55:12,444 - DEBUG - Compute Cost Function: x.shape=(288, 64),y.shape=(288,)
2025-06-01 13:55:12,444 - DEBUG - Gradient Function: x.shape = (288, 64), y.shape = (288,)
2025-06-01 13:55:12,444 - DEBUG - Compute Cost Function: x.shape=(288, 64),y.shape=(288,)
2025-06-01 13:55:12,444 - DEBUG - Gradient Function: x.shape = (288, 64), y.shape = (288,)
2025-06-01 13:55:12,444 - DEBUG - Compute Cost Function: x.shape=(288, 64),y.shape=(288,)
2025-06-01 13:55:12,444 - DEBUG - Gradient Function: x.shape = (288, 64), y.shape = (288,)
2025-06-01 13:55:12,444 - DEBUG - Compute Cost Function: x.shape=(288, 64),y.shape=(288,)
2025-06-01 13:55:12,444 - DEBUG - Gradient Function: x.shape = (288, 64), y.shape = (288,)
2025-06-01 13:55:12,444 - DEBUG - Compute Cost Function: x.shape=(288, 64),y.shape=(288,)
2025-06-01 13:55:12,444 - DEBUG - Gradient Function: x.shape = (288, 64), y.shape = (288,)
2025-06-01 13:55:12,444 - DEBUG - Compute Cost Function: x.shape=(288, 64),y.shape=(288,)
2025-06-01 13:55:12,444 - DEBUG - Gradient Function: x.shape = (288, 64), y.shape = (288,)
2025-06-01 13:55:12,444 - DEBUG - Compute Cost Function: x.shape=(288, 64),y.shape=(288,)
2025-06-01 13:55:12,444 - DEBUG - Gradient Function: x.shape = (288, 64), y.shape = (288,)
2025-06-01 13:55:12,444 - DEBUG - Compute Cost Function: x.shape=(288, 64),y.shape=(288,)
2025-06-01 13:55:12,444 - DEBUG - Gradient Function: x.shape = (288, 64), y.shape = (288,)
2025-06-01 13:55:12,444 - DEBUG - Compute Cost Function: x.shape=(288, 64),y.shape=(288,)
2025-06-01 13:55:12,444 - DEBUG - Gradient Function: x.shape = (288, 64), y.shape = (288,)
2025-06-01 13:55:12,444 - DEBUG - Compute Cost Function: x.shape=(288, 64),y.shape=(288,)
2025-06-01 13:55:12,444 - DEBUG - Gradient Function: x.shape = (288, 64), y.shape = (288,)
2025-06-01 13:55:12,444 - DEBUG - Compute Cost Function: x.shape=(288, 64),y.shape=(288,)
2025-06-01 13:55:12,444 - DEBUG - Gradient Function: x.shape = (288, 64), y.shape = (288,)
2025-06-01 13:55:12,444 - DEBUG - Compute Cost Function: x.shape=(288, 64),y.shape=(288,)
2025-06-01 13:55:12,444 - DEBUG - Gradient Function: x.shape = (288, 64), y.shape = (288,)
2025-06-01 13:55:12,444 - DEBUG - Compute Cost Function: x.shape=(288, 64),y.shape=(288,)
2025-06-01 13:55:12,444 - DEBUG - Gradient Function: x.shape = (288, 64), y.shape = (288,)
2025-06-01 13:55:12,444 - DEBUG - Compute Cost Function: x.shape=(288, 64),y.shape=(288,)
2025-06-01 13:55:12,444 - DEBUG - Gradient Function: x.shape = (288, 64), y.shape = (288,)
2025-06-01 13:55:12,459 - DEBUG - Compute Cost Function: x.shape=(288, 64),y.shape=(288,)
2025-06-01 13:55:12,459 - DEBUG - Gradient Function: x.shape = (288, 64), y.shape = (288,)
2025-06-01 13:55:12,460 - DEBUG - Compute Cost Function: x.shape=(288, 64),y.shape=(288,)
2025-06-01 13:55:12,460 - DEBUG - Gradient Function: x.shape = (288, 64), y.shape = (288,)
2025-06-01 13:55:12,460 - DEBUG - Compute Cost Function: x.shape=(288, 64),y.shape=(288,)
2025-06-01 13:55:12,460 - DEBUG - Gradient Function: x.shape = (288, 64), y.shape = (288,)
2025-06-01 13:55:12,460 - DEBUG - Compute Cost Function: x.shape=(288, 64),y.shape=(288,)
2025-06-01 13:55:12,460 - DEBUG - Gradient Function: x.shape = (288, 64), y.shape = (288,)
2025-06-01 13:55:12,460 - DEBUG - Compute Cost Function: x.shape=(288, 64),y.shape=(288,)
2025-06-01 13:55:12,460 - DEBUG - Gradient Function: x.shape = (288, 64), y.shape = (288,)
2025-06-01 13:55:12,460 - DEBUG - Compute Cost Function: x.shape=(288, 64),y.shape=(288,)
2025-06-01 13:55:12,460 - DEBUG - Gradient Function: x.shape = (288, 64), y.shape = (288,)
2025-06-01 13:55:12,460 - DEBUG - Compute Cost Function: x.shape=(288, 64),y.shape=(288,)
2025-06-01 13:55:12,460 - DEBUG - Gradient Function: x.shape = (288, 64), y.shape = (288,)
2025-06-01 13:55:12,460 - DEBUG - Compute Cost Function: x.shape=(288, 64),y.shape=(288,)
2025-06-01 13:55:12,460 - DEBUG - Gradient Function: x.shape = (288, 64), y.shape = (288,)
2025-06-01 13:55:12,460 - DEBUG - Compute Cost Function: x.shape=(288, 64),y.shape=(288,)
2025-06-01 13:55:12,460 - DEBUG - Gradient Function: x.shape = (288, 64), y.shape = (288,)
2025-06-01 13:55:12,460 - DEBUG - Compute Cost Function: x.shape=(288, 64),y.shape=(288,)
2025-06-01 13:55:12,460 - DEBUG - Gradient Function: x.shape = (288, 64), y.shape = (288,)
2025-06-01 13:55:12,460 - DEBUG - Compute Cost Function: x.shape=(288, 64),y.shape=(288,)
2025-06-01 13:55:12,460 - DEBUG - Gradient Function: x.shape = (288, 64), y.shape = (288,)
2025-06-01 13:55:12,460 - DEBUG - Compute Cost Function: x.shape=(288, 64),y.shape=(288,)
2025-06-01 13:55:12,460 - DEBUG - Gradient Function: x.shape = (288, 64), y.shape = (288,)
2025-06-01 13:55:12,460 - DEBUG - Compute Cost Function: x.shape=(288, 64),y.shape=(288,)
2025-06-01 13:55:12,460 - DEBUG - Gradient Function: x.shape = (288, 64), y.shape = (288,)
2025-06-01 13:55:12,460 - DEBUG - Compute Cost Function: x.shape=(288, 64),y.shape=(288,)
2025-06-01 13:55:12,460 - DEBUG - Gradient Function: x.shape = (288, 64), y.shape = (288,)
2025-06-01 13:55:12,460 - DEBUG - Compute Cost Function: x.shape=(288, 64),y.shape=(288,)
2025-06-01 13:55:12,460 - DEBUG - Gradient Function: x.shape = (288, 64), y.shape = (288,)
2025-06-01 13:55:12,460 - DEBUG - Compute Cost Function: x.shape=(288, 64),y.shape=(288,)
2025-06-01 13:55:12,460 - DEBUG - Gradient Function: x.shape = (288, 64), y.shape = (288,)
2025-06-01 13:55:12,460 - DEBUG - Compute Cost Function: x.shape=(288, 64),y.shape=(288,)
2025-06-01 13:55:12,460 - DEBUG - Gradient Function: x.shape = (288, 64), y.shape = (288,)
2025-06-01 13:55:12,460 - DEBUG - Compute Cost Function: x.shape=(288, 64),y.shape=(288,)
2025-06-01 13:55:12,460 - DEBUG - Gradient Function: x.shape = (288, 64), y.shape = (288,)
2025-06-01 13:55:12,460 - DEBUG - Compute Cost Function: x.shape=(288, 64),y.shape=(288,)
2025-06-01 13:55:12,460 - DEBUG - Gradient Function: x.shape = (288, 64), y.shape = (288,)
2025-06-01 13:55:12,460 - DEBUG - Compute Cost Function: x.shape=(288, 64),y.shape=(288,)
2025-06-01 13:55:12,460 - DEBUG - Gradient Function: x.shape = (288, 64), y.shape = (288,)
2025-06-01 13:55:12,460 - DEBUG - Compute Cost Function: x.shape=(288, 64),y.shape=(288,)
2025-06-01 13:55:12,460 - DEBUG - Gradient Function: x.shape = (288, 64), y.shape = (288,)
2025-06-01 13:55:12,460 - DEBUG - Compute Cost Function: x.shape=(288, 64),y.shape=(288,)
2025-06-01 13:55:12,460 - DEBUG - Gradient Function: x.shape = (288, 64), y.shape = (288,)
2025-06-01 13:55:12,460 - DEBUG - Compute Cost Function: x.shape=(288, 64),y.shape=(288,)
2025-06-01 13:55:12,460 - DEBUG - Gradient Function: x.shape = (288, 64), y.shape = (288,)
2025-06-01 13:55:12,460 - DEBUG - Compute Cost Function: x.shape=(288, 64),y.shape=(288,)
2025-06-01 13:55:12,460 - DEBUG - Gradient Function: x.shape = (288, 64), y.shape = (288,)
2025-06-01 13:55:12,460 - DEBUG - Compute Cost Function: x.shape=(288, 64),y.shape=(288,)
2025-06-01 13:55:12,460 - DEBUG - Gradient Function: x.shape = (288, 64), y.shape = (288,)
2025-06-01 13:55:12,460 - DEBUG - Compute Cost Function: x.shape=(288, 64),y.shape=(288,)
2025-06-01 13:55:12,460 - DEBUG - Gradient Function: x.shape = (288, 64), y.shape = (288,)
2025-06-01 13:55:12,460 - DEBUG - Compute Cost Function: x.shape=(288, 64),y.shape=(288,)
2025-06-01 13:55:12,460 - DEBUG - Gradient Function: x.shape = (288, 64), y.shape = (288,)
2025-06-01 13:55:12,460 - DEBUG - Compute Cost Function: x.shape=(288, 64),y.shape=(288,)
2025-06-01 13:55:12,460 - DEBUG - Gradient Function: x.shape = (288, 64), y.shape = (288,)
2025-06-01 13:55:12,460 - DEBUG - Compute Cost Function: x.shape=(288, 64),y.shape=(288,)
2025-06-01 13:55:12,460 - DEBUG - Gradient Function: x.shape = (288, 64), y.shape = (288,)
2025-06-01 13:55:12,460 - DEBUG - Compute Cost Function: x.shape=(288, 64),y.shape=(288,)
2025-06-01 13:55:12,460 - DEBUG - Gradient Function: x.shape = (288, 64), y.shape = (288,)
2025-06-01 13:55:12,460 - DEBUG - Compute Cost Function: x.shape=(288, 64),y.shape=(288,)
2025-06-01 13:55:12,460 - DEBUG - Gradient Function: x.shape = (288, 64), y.shape = (288,)
2025-06-01 13:55:12,460 - DEBUG - Compute Cost Function: x.shape=(288, 64),y.shape=(288,)
2025-06-01 13:55:12,460 - DEBUG - Gradient Function: x.shape = (288, 64), y.shape = (288,)
2025-06-01 13:55:12,460 - DEBUG - Compute Cost Function: x.shape=(288, 64),y.shape=(288,)
2025-06-01 13:55:12,460 - DEBUG - Gradient Function: x.shape = (288, 64), y.shape = (288,)
2025-06-01 13:55:12,460 - DEBUG - Compute Cost Function: x.shape=(288, 64),y.shape=(288,)
2025-06-01 13:55:12,460 - DEBUG - Gradient Function: x.shape = (288, 64), y.shape = (288,)
2025-06-01 13:55:12,460 - DEBUG - Compute Cost Function: x.shape=(288, 64),y.shape=(288,)
2025-06-01 13:55:12,460 - DEBUG - Gradient Function: x.shape = (288, 64), y.shape = (288,)
2025-06-01 13:55:12,460 - DEBUG - Compute Cost Function: x.shape=(288, 64),y.shape=(288,)
2025-06-01 13:55:12,460 - DEBUG - Gradient Function: x.shape = (288, 64), y.shape = (288,)
2025-06-01 13:55:12,460 - DEBUG - Compute Cost Function: x.shape=(288, 64),y.shape=(288,)
2025-06-01 13:55:12,460 - DEBUG - Gradient Function: x.shape = (288, 64), y.shape = (288,)
2025-06-01 13:55:12,460 - DEBUG - Compute Cost Function: x.shape=(288, 64),y.shape=(288,)
2025-06-01 13:55:12,460 - DEBUG - Gradient Function: x.shape = (288, 64), y.shape = (288,)
2025-06-01 13:55:12,475 - DEBUG - Compute Cost Function: x.shape=(288, 64),y.shape=(288,)
2025-06-01 13:55:12,475 - DEBUG - Gradient Function: x.shape = (288, 64), y.shape = (288,)
2025-06-01 13:55:12,475 - DEBUG - Compute Cost Function: x.shape=(288, 64),y.shape=(288,)
2025-06-01 13:55:12,475 - DEBUG - Gradient Function: x.shape = (288, 64), y.shape = (288,)
2025-06-01 13:55:12,475 - INFO - Cost after iteration 600: 0.02403790961810722
2025-06-01 13:55:12,475 - DEBUG - Compute Cost Function: x.shape=(288, 64),y.shape=(288,)
2025-06-01 13:55:12,475 - DEBUG - Gradient Function: x.shape = (288, 64), y.shape = (288,)
2025-06-01 13:55:12,475 - DEBUG - Compute Cost Function: x.shape=(288, 64),y.shape=(288,)
2025-06-01 13:55:12,475 - DEBUG - Gradient Function: x.shape = (288, 64), y.shape = (288,)
2025-06-01 13:55:12,475 - DEBUG - Compute Cost Function: x.shape=(288, 64),y.shape=(288,)
2025-06-01 13:55:12,475 - DEBUG - Gradient Function: x.shape = (288, 64), y.shape = (288,)
2025-06-01 13:55:12,475 - DEBUG - Compute Cost Function: x.shape=(288, 64),y.shape=(288,)
2025-06-01 13:55:12,475 - DEBUG - Gradient Function: x.shape = (288, 64), y.shape = (288,)
2025-06-01 13:55:12,475 - DEBUG - Compute Cost Function: x.shape=(288, 64),y.shape=(288,)
2025-06-01 13:55:12,475 - DEBUG - Gradient Function: x.shape = (288, 64), y.shape = (288,)
2025-06-01 13:55:12,475 - DEBUG - Compute Cost Function: x.shape=(288, 64),y.shape=(288,)
2025-06-01 13:55:12,475 - DEBUG - Gradient Function: x.shape = (288, 64), y.shape = (288,)
2025-06-01 13:55:12,475 - DEBUG - Compute Cost Function: x.shape=(288, 64),y.shape=(288,)
2025-06-01 13:55:12,475 - DEBUG - Gradient Function: x.shape = (288, 64), y.shape = (288,)
2025-06-01 13:55:12,475 - DEBUG - Compute Cost Function: x.shape=(288, 64),y.shape=(288,)
2025-06-01 13:55:12,475 - DEBUG - Gradient Function: x.shape = (288, 64), y.shape = (288,)
2025-06-01 13:55:12,475 - DEBUG - Compute Cost Function: x.shape=(288, 64),y.shape=(288,)
2025-06-01 13:55:12,475 - DEBUG - Gradient Function: x.shape = (288, 64), y.shape = (288,)
2025-06-01 13:55:12,475 - DEBUG - Compute Cost Function: x.shape=(288, 64),y.shape=(288,)
2025-06-01 13:55:12,475 - DEBUG - Gradient Function: x.shape = (288, 64), y.shape = (288,)
2025-06-01 13:55:12,475 - DEBUG - Compute Cost Function: x.shape=(288, 64),y.shape=(288,)
2025-06-01 13:55:12,475 - DEBUG - Gradient Function: x.shape = (288, 64), y.shape = (288,)
2025-06-01 13:55:12,475 - DEBUG - Compute Cost Function: x.shape=(288, 64),y.shape=(288,)
2025-06-01 13:55:12,475 - DEBUG - Gradient Function: x.shape = (288, 64), y.shape = (288,)
2025-06-01 13:55:12,475 - DEBUG - Compute Cost Function: x.shape=(288, 64),y.shape=(288,)
2025-06-01 13:55:12,475 - DEBUG - Gradient Function: x.shape = (288, 64), y.shape = (288,)
2025-06-01 13:55:12,475 - DEBUG - Compute Cost Function: x.shape=(288, 64),y.shape=(288,)
2025-06-01 13:55:12,475 - DEBUG - Gradient Function: x.shape = (288, 64), y.shape = (288,)
2025-06-01 13:55:12,475 - DEBUG - Compute Cost Function: x.shape=(288, 64),y.shape=(288,)
2025-06-01 13:55:12,475 - DEBUG - Gradient Function: x.shape = (288, 64), y.shape = (288,)
2025-06-01 13:55:12,475 - DEBUG - Compute Cost Function: x.shape=(288, 64),y.shape=(288,)
2025-06-01 13:55:12,475 - DEBUG - Gradient Function: x.shape = (288, 64), y.shape = (288,)
2025-06-01 13:55:12,475 - DEBUG - Compute Cost Function: x.shape=(288, 64),y.shape=(288,)
2025-06-01 13:55:12,475 - DEBUG - Gradient Function: x.shape = (288, 64), y.shape = (288,)
2025-06-01 13:55:12,475 - DEBUG - Compute Cost Function: x.shape=(288, 64),y.shape=(288,)
2025-06-01 13:55:12,475 - DEBUG - Gradient Function: x.shape = (288, 64), y.shape = (288,)
2025-06-01 13:55:12,475 - DEBUG - Compute Cost Function: x.shape=(288, 64),y.shape=(288,)
2025-06-01 13:55:12,475 - DEBUG - Gradient Function: x.shape = (288, 64), y.shape = (288,)
2025-06-01 13:55:12,475 - DEBUG - Compute Cost Function: x.shape=(288, 64),y.shape=(288,)
2025-06-01 13:55:12,475 - DEBUG - Gradient Function: x.shape = (288, 64), y.shape = (288,)
2025-06-01 13:55:12,475 - DEBUG - Compute Cost Function: x.shape=(288, 64),y.shape=(288,)
2025-06-01 13:55:12,475 - DEBUG - Gradient Function: x.shape = (288, 64), y.shape = (288,)
2025-06-01 13:55:12,475 - DEBUG - Compute Cost Function: x.shape=(288, 64),y.shape=(288,)
2025-06-01 13:55:12,475 - DEBUG - Gradient Function: x.shape = (288, 64), y.shape = (288,)
2025-06-01 13:55:12,475 - DEBUG - Compute Cost Function: x.shape=(288, 64),y.shape=(288,)
2025-06-01 13:55:12,475 - DEBUG - Gradient Function: x.shape = (288, 64), y.shape = (288,)
2025-06-01 13:55:12,475 - DEBUG - Compute Cost Function: x.shape=(288, 64),y.shape=(288,)
2025-06-01 13:55:12,475 - DEBUG - Gradient Function: x.shape = (288, 64), y.shape = (288,)
2025-06-01 13:55:12,475 - DEBUG - Compute Cost Function: x.shape=(288, 64),y.shape=(288,)
2025-06-01 13:55:12,475 - DEBUG - Gradient Function: x.shape = (288, 64), y.shape = (288,)
2025-06-01 13:55:12,475 - DEBUG - Compute Cost Function: x.shape=(288, 64),y.shape=(288,)
2025-06-01 13:55:12,475 - DEBUG - Gradient Function: x.shape = (288, 64), y.shape = (288,)
2025-06-01 13:55:12,475 - DEBUG - Compute Cost Function: x.shape=(288, 64),y.shape=(288,)
2025-06-01 13:55:12,475 - DEBUG - Gradient Function: x.shape = (288, 64), y.shape = (288,)
2025-06-01 13:55:12,475 - DEBUG - Compute Cost Function: x.shape=(288, 64),y.shape=(288,)
2025-06-01 13:55:12,475 - DEBUG - Gradient Function: x.shape = (288, 64), y.shape = (288,)
2025-06-01 13:55:12,475 - DEBUG - Compute Cost Function: x.shape=(288, 64),y.shape=(288,)
2025-06-01 13:55:12,475 - DEBUG - Gradient Function: x.shape = (288, 64), y.shape = (288,)
2025-06-01 13:55:12,475 - DEBUG - Compute Cost Function: x.shape=(288, 64),y.shape=(288,)
2025-06-01 13:55:12,475 - DEBUG - Gradient Function: x.shape = (288, 64), y.shape = (288,)
2025-06-01 13:55:12,475 - DEBUG - Compute Cost Function: x.shape=(288, 64),y.shape=(288,)
2025-06-01 13:55:12,475 - DEBUG - Gradient Function: x.shape = (288, 64), y.shape = (288,)
2025-06-01 13:55:12,475 - DEBUG - Compute Cost Function: x.shape=(288, 64),y.shape=(288,)
2025-06-01 13:55:12,475 - DEBUG - Gradient Function: x.shape = (288, 64), y.shape = (288,)
2025-06-01 13:55:12,475 - DEBUG - Compute Cost Function: x.shape=(288, 64),y.shape=(288,)
2025-06-01 13:55:12,475 - DEBUG - Gradient Function: x.shape = (288, 64), y.shape = (288,)
2025-06-01 13:55:12,475 - DEBUG - Compute Cost Function: x.shape=(288, 64),y.shape=(288,)
2025-06-01 13:55:12,475 - DEBUG - Gradient Function: x.shape = (288, 64), y.shape = (288,)
2025-06-01 13:55:12,475 - DEBUG - Compute Cost Function: x.shape=(288, 64),y.shape=(288,)
2025-06-01 13:55:12,475 - DEBUG - Gradient Function: x.shape = (288, 64), y.shape = (288,)
2025-06-01 13:55:12,475 - DEBUG - Compute Cost Function: x.shape=(288, 64),y.shape=(288,)
2025-06-01 13:55:12,475 - DEBUG - Gradient Function: x.shape = (288, 64), y.shape = (288,)
2025-06-01 13:55:12,491 - DEBUG - Compute Cost Function: x.shape=(288, 64),y.shape=(288,)
2025-06-01 13:55:12,491 - DEBUG - Gradient Function: x.shape = (288, 64), y.shape = (288,)
2025-06-01 13:55:12,491 - DEBUG - Compute Cost Function: x.shape=(288, 64),y.shape=(288,)
2025-06-01 13:55:12,491 - DEBUG - Gradient Function: x.shape = (288, 64), y.shape = (288,)
2025-06-01 13:55:12,491 - DEBUG - Compute Cost Function: x.shape=(288, 64),y.shape=(288,)
2025-06-01 13:55:12,491 - DEBUG - Gradient Function: x.shape = (288, 64), y.shape = (288,)
2025-06-01 13:55:12,491 - DEBUG - Compute Cost Function: x.shape=(288, 64),y.shape=(288,)
2025-06-01 13:55:12,491 - DEBUG - Gradient Function: x.shape = (288, 64), y.shape = (288,)
2025-06-01 13:55:12,492 - DEBUG - Compute Cost Function: x.shape=(288, 64),y.shape=(288,)
2025-06-01 13:55:12,492 - DEBUG - Gradient Function: x.shape = (288, 64), y.shape = (288,)
2025-06-01 13:55:12,492 - DEBUG - Compute Cost Function: x.shape=(288, 64),y.shape=(288,)
2025-06-01 13:55:12,492 - DEBUG - Gradient Function: x.shape = (288, 64), y.shape = (288,)
2025-06-01 13:55:12,494 - DEBUG - Compute Cost Function: x.shape=(288, 64),y.shape=(288,)
2025-06-01 13:55:12,494 - DEBUG - Gradient Function: x.shape = (288, 64), y.shape = (288,)
2025-06-01 13:55:12,495 - DEBUG - Compute Cost Function: x.shape=(288, 64),y.shape=(288,)
2025-06-01 13:55:12,495 - DEBUG - Gradient Function: x.shape = (288, 64), y.shape = (288,)
2025-06-01 13:55:12,495 - DEBUG - Compute Cost Function: x.shape=(288, 64),y.shape=(288,)
2025-06-01 13:55:12,495 - DEBUG - Gradient Function: x.shape = (288, 64), y.shape = (288,)
2025-06-01 13:55:12,495 - DEBUG - Compute Cost Function: x.shape=(288, 64),y.shape=(288,)
2025-06-01 13:55:12,495 - DEBUG - Gradient Function: x.shape = (288, 64), y.shape = (288,)
2025-06-01 13:55:12,496 - DEBUG - Compute Cost Function: x.shape=(288, 64),y.shape=(288,)
2025-06-01 13:55:12,496 - DEBUG - Gradient Function: x.shape = (288, 64), y.shape = (288,)
2025-06-01 13:55:12,496 - DEBUG - Compute Cost Function: x.shape=(288, 64),y.shape=(288,)
2025-06-01 13:55:12,496 - DEBUG - Gradient Function: x.shape = (288, 64), y.shape = (288,)
2025-06-01 13:55:12,496 - DEBUG - Compute Cost Function: x.shape=(288, 64),y.shape=(288,)
2025-06-01 13:55:12,496 - DEBUG - Gradient Function: x.shape = (288, 64), y.shape = (288,)
2025-06-01 13:55:12,496 - DEBUG - Compute Cost Function: x.shape=(288, 64),y.shape=(288,)
2025-06-01 13:55:12,496 - DEBUG - Gradient Function: x.shape = (288, 64), y.shape = (288,)
2025-06-01 13:55:12,496 - DEBUG - Compute Cost Function: x.shape=(288, 64),y.shape=(288,)
2025-06-01 13:55:12,496 - DEBUG - Gradient Function: x.shape = (288, 64), y.shape = (288,)
2025-06-01 13:55:12,498 - DEBUG - Compute Cost Function: x.shape=(288, 64),y.shape=(288,)
2025-06-01 13:55:12,498 - DEBUG - Gradient Function: x.shape = (288, 64), y.shape = (288,)
2025-06-01 13:55:12,498 - DEBUG - Compute Cost Function: x.shape=(288, 64),y.shape=(288,)
2025-06-01 13:55:12,498 - DEBUG - Gradient Function: x.shape = (288, 64), y.shape = (288,)
2025-06-01 13:55:12,498 - DEBUG - Compute Cost Function: x.shape=(288, 64),y.shape=(288,)
2025-06-01 13:55:12,498 - DEBUG - Gradient Function: x.shape = (288, 64), y.shape = (288,)
2025-06-01 13:55:12,498 - DEBUG - Compute Cost Function: x.shape=(288, 64),y.shape=(288,)
2025-06-01 13:55:12,498 - DEBUG - Gradient Function: x.shape = (288, 64), y.shape = (288,)
2025-06-01 13:55:12,499 - DEBUG - Compute Cost Function: x.shape=(288, 64),y.shape=(288,)
2025-06-01 13:55:12,499 - DEBUG - Gradient Function: x.shape = (288, 64), y.shape = (288,)
2025-06-01 13:55:12,499 - DEBUG - Compute Cost Function: x.shape=(288, 64),y.shape=(288,)
2025-06-01 13:55:12,499 - DEBUG - Gradient Function: x.shape = (288, 64), y.shape = (288,)
2025-06-01 13:55:12,499 - DEBUG - Compute Cost Function: x.shape=(288, 64),y.shape=(288,)
2025-06-01 13:55:12,499 - DEBUG - Gradient Function: x.shape = (288, 64), y.shape = (288,)
2025-06-01 13:55:12,499 - DEBUG - Compute Cost Function: x.shape=(288, 64),y.shape=(288,)
2025-06-01 13:55:12,499 - DEBUG - Gradient Function: x.shape = (288, 64), y.shape = (288,)
2025-06-01 13:55:12,499 - DEBUG - Compute Cost Function: x.shape=(288, 64),y.shape=(288,)
2025-06-01 13:55:12,501 - DEBUG - Gradient Function: x.shape = (288, 64), y.shape = (288,)
2025-06-01 13:55:12,501 - DEBUG - Compute Cost Function: x.shape=(288, 64),y.shape=(288,)
2025-06-01 13:55:12,501 - DEBUG - Gradient Function: x.shape = (288, 64), y.shape = (288,)
2025-06-01 13:55:12,501 - DEBUG - Compute Cost Function: x.shape=(288, 64),y.shape=(288,)
2025-06-01 13:55:12,501 - DEBUG - Gradient Function: x.shape = (288, 64), y.shape = (288,)
2025-06-01 13:55:12,501 - DEBUG - Compute Cost Function: x.shape=(288, 64),y.shape=(288,)
2025-06-01 13:55:12,501 - DEBUG - Gradient Function: x.shape = (288, 64), y.shape = (288,)
2025-06-01 13:55:12,501 - DEBUG - Compute Cost Function: x.shape=(288, 64),y.shape=(288,)
2025-06-01 13:55:12,501 - DEBUG - Gradient Function: x.shape = (288, 64), y.shape = (288,)
2025-06-01 13:55:12,502 - DEBUG - Compute Cost Function: x.shape=(288, 64),y.shape=(288,)
2025-06-01 13:55:12,502 - DEBUG - Gradient Function: x.shape = (288, 64), y.shape = (288,)
2025-06-01 13:55:12,502 - DEBUG - Compute Cost Function: x.shape=(288, 64),y.shape=(288,)
2025-06-01 13:55:12,502 - DEBUG - Gradient Function: x.shape = (288, 64), y.shape = (288,)
2025-06-01 13:55:12,502 - DEBUG - Compute Cost Function: x.shape=(288, 64),y.shape=(288,)
2025-06-01 13:55:12,502 - DEBUG - Gradient Function: x.shape = (288, 64), y.shape = (288,)
2025-06-01 13:55:12,502 - DEBUG - Compute Cost Function: x.shape=(288, 64),y.shape=(288,)
2025-06-01 13:55:12,502 - DEBUG - Gradient Function: x.shape = (288, 64), y.shape = (288,)
2025-06-01 13:55:12,502 - DEBUG - Compute Cost Function: x.shape=(288, 64),y.shape=(288,)
2025-06-01 13:55:12,502 - DEBUG - Gradient Function: x.shape = (288, 64), y.shape = (288,)
2025-06-01 13:55:12,502 - DEBUG - Compute Cost Function: x.shape=(288, 64),y.shape=(288,)
2025-06-01 13:55:12,502 - DEBUG - Gradient Function: x.shape = (288, 64), y.shape = (288,)
2025-06-01 13:55:12,502 - DEBUG - Compute Cost Function: x.shape=(288, 64),y.shape=(288,)
2025-06-01 13:55:12,502 - DEBUG - Gradient Function: x.shape = (288, 64), y.shape = (288,)
2025-06-01 13:55:12,502 - DEBUG - Compute Cost Function: x.shape=(288, 64),y.shape=(288,)
2025-06-01 13:55:12,502 - DEBUG - Gradient Function: x.shape = (288, 64), y.shape = (288,)
2025-06-01 13:55:12,505 - DEBUG - Compute Cost Function: x.shape=(288, 64),y.shape=(288,)
2025-06-01 13:55:12,505 - DEBUG - Gradient Function: x.shape = (288, 64), y.shape = (288,)
2025-06-01 13:55:12,505 - DEBUG - Compute Cost Function: x.shape=(288, 64),y.shape=(288,)
2025-06-01 13:55:12,505 - DEBUG - Gradient Function: x.shape = (288, 64), y.shape = (288,)
2025-06-01 13:55:12,505 - DEBUG - Compute Cost Function: x.shape=(288, 64),y.shape=(288,)
2025-06-01 13:55:12,505 - DEBUG - Gradient Function: x.shape = (288, 64), y.shape = (288,)
2025-06-01 13:55:12,505 - DEBUG - Compute Cost Function: x.shape=(288, 64),y.shape=(288,)
2025-06-01 13:55:12,505 - DEBUG - Gradient Function: x.shape = (288, 64), y.shape = (288,)
2025-06-01 13:55:12,505 - DEBUG - Compute Cost Function: x.shape=(288, 64),y.shape=(288,)
2025-06-01 13:55:12,505 - DEBUG - Gradient Function: x.shape = (288, 64), y.shape = (288,)
2025-06-01 13:55:12,506 - DEBUG - Compute Cost Function: x.shape=(288, 64),y.shape=(288,)
2025-06-01 13:55:12,506 - DEBUG - Gradient Function: x.shape = (288, 64), y.shape = (288,)
2025-06-01 13:55:12,506 - DEBUG - Compute Cost Function: x.shape=(288, 64),y.shape=(288,)
2025-06-01 13:55:12,506 - DEBUG - Gradient Function: x.shape = (288, 64), y.shape = (288,)
2025-06-01 13:55:12,506 - DEBUG - Compute Cost Function: x.shape=(288, 64),y.shape=(288,)
2025-06-01 13:55:12,506 - DEBUG - Gradient Function: x.shape = (288, 64), y.shape = (288,)
2025-06-01 13:55:12,506 - DEBUG - Compute Cost Function: x.shape=(288, 64),y.shape=(288,)
2025-06-01 13:55:12,506 - DEBUG - Gradient Function: x.shape = (288, 64), y.shape = (288,)
2025-06-01 13:55:12,506 - DEBUG - Compute Cost Function: x.shape=(288, 64),y.shape=(288,)
2025-06-01 13:55:12,506 - DEBUG - Gradient Function: x.shape = (288, 64), y.shape = (288,)
2025-06-01 13:55:12,508 - DEBUG - Compute Cost Function: x.shape=(288, 64),y.shape=(288,)
2025-06-01 13:55:12,508 - DEBUG - Gradient Function: x.shape = (288, 64), y.shape = (288,)
2025-06-01 13:55:12,508 - DEBUG - Compute Cost Function: x.shape=(288, 64),y.shape=(288,)
2025-06-01 13:55:12,508 - DEBUG - Gradient Function: x.shape = (288, 64), y.shape = (288,)
2025-06-01 13:55:12,509 - DEBUG - Compute Cost Function: x.shape=(288, 64),y.shape=(288,)
2025-06-01 13:55:12,509 - DEBUG - Gradient Function: x.shape = (288, 64), y.shape = (288,)
2025-06-01 13:55:12,509 - DEBUG - Compute Cost Function: x.shape=(288, 64),y.shape=(288,)
2025-06-01 13:55:12,509 - DEBUG - Gradient Function: x.shape = (288, 64), y.shape = (288,)
2025-06-01 13:55:12,509 - DEBUG - Compute Cost Function: x.shape=(288, 64),y.shape=(288,)
2025-06-01 13:55:12,509 - DEBUG - Gradient Function: x.shape = (288, 64), y.shape = (288,)
2025-06-01 13:55:12,509 - DEBUG - Compute Cost Function: x.shape=(288, 64),y.shape=(288,)
2025-06-01 13:55:12,509 - DEBUG - Gradient Function: x.shape = (288, 64), y.shape = (288,)
2025-06-01 13:55:12,509 - DEBUG - Compute Cost Function: x.shape=(288, 64),y.shape=(288,)
2025-06-01 13:55:12,509 - DEBUG - Gradient Function: x.shape = (288, 64), y.shape = (288,)
2025-06-01 13:55:12,509 - DEBUG - Compute Cost Function: x.shape=(288, 64),y.shape=(288,)
2025-06-01 13:55:12,509 - DEBUG - Gradient Function: x.shape = (288, 64), y.shape = (288,)
2025-06-01 13:55:12,511 - DEBUG - Compute Cost Function: x.shape=(288, 64),y.shape=(288,)
2025-06-01 13:55:12,511 - DEBUG - Gradient Function: x.shape = (288, 64), y.shape = (288,)
2025-06-01 13:55:12,511 - DEBUG - Compute Cost Function: x.shape=(288, 64),y.shape=(288,)
2025-06-01 13:55:12,511 - DEBUG - Gradient Function: x.shape = (288, 64), y.shape = (288,)
2025-06-01 13:55:12,511 - DEBUG - Compute Cost Function: x.shape=(288, 64),y.shape=(288,)
2025-06-01 13:55:12,511 - DEBUG - Gradient Function: x.shape = (288, 64), y.shape = (288,)
2025-06-01 13:55:12,511 - DEBUG - Compute Cost Function: x.shape=(288, 64),y.shape=(288,)
2025-06-01 13:55:12,511 - DEBUG - Gradient Function: x.shape = (288, 64), y.shape = (288,)
2025-06-01 13:55:12,511 - DEBUG - Compute Cost Function: x.shape=(288, 64),y.shape=(288,)
2025-06-01 13:55:12,511 - DEBUG - Gradient Function: x.shape = (288, 64), y.shape = (288,)
2025-06-01 13:55:12,511 - DEBUG - Compute Cost Function: x.shape=(288, 64),y.shape=(288,)
2025-06-01 13:55:12,511 - DEBUG - Gradient Function: x.shape = (288, 64), y.shape = (288,)
2025-06-01 13:55:12,511 - DEBUG - Compute Cost Function: x.shape=(288, 64),y.shape=(288,)
2025-06-01 13:55:12,511 - DEBUG - Gradient Function: x.shape = (288, 64), y.shape = (288,)
2025-06-01 13:55:12,511 - DEBUG - Compute Cost Function: x.shape=(288, 64),y.shape=(288,)
2025-06-01 13:55:12,511 - DEBUG - Gradient Function: x.shape = (288, 64), y.shape = (288,)
2025-06-01 13:55:12,511 - DEBUG - Compute Cost Function: x.shape=(288, 64),y.shape=(288,)
2025-06-01 13:55:12,511 - DEBUG - Gradient Function: x.shape = (288, 64), y.shape = (288,)
2025-06-01 13:55:12,511 - DEBUG - Compute Cost Function: x.shape=(288, 64),y.shape=(288,)
2025-06-01 13:55:12,511 - DEBUG - Gradient Function: x.shape = (288, 64), y.shape = (288,)
2025-06-01 13:55:12,511 - INFO - Cost after iteration 700: 0.021215639137714324
2025-06-01 13:55:12,511 - DEBUG - Compute Cost Function: x.shape=(288, 64),y.shape=(288,)
2025-06-01 13:55:12,511 - DEBUG - Gradient Function: x.shape = (288, 64), y.shape = (288,)
2025-06-01 13:55:12,511 - DEBUG - Compute Cost Function: x.shape=(288, 64),y.shape=(288,)
2025-06-01 13:55:12,511 - DEBUG - Gradient Function: x.shape = (288, 64), y.shape = (288,)
2025-06-01 13:55:12,511 - DEBUG - Compute Cost Function: x.shape=(288, 64),y.shape=(288,)
2025-06-01 13:55:12,511 - DEBUG - Gradient Function: x.shape = (288, 64), y.shape = (288,)
2025-06-01 13:55:12,511 - DEBUG - Compute Cost Function: x.shape=(288, 64),y.shape=(288,)
2025-06-01 13:55:12,511 - DEBUG - Gradient Function: x.shape = (288, 64), y.shape = (288,)
2025-06-01 13:55:12,511 - DEBUG - Compute Cost Function: x.shape=(288, 64),y.shape=(288,)
2025-06-01 13:55:12,511 - DEBUG - Gradient Function: x.shape = (288, 64), y.shape = (288,)
2025-06-01 13:55:12,511 - DEBUG - Compute Cost Function: x.shape=(288, 64),y.shape=(288,)
2025-06-01 13:55:12,511 - DEBUG - Gradient Function: x.shape = (288, 64), y.shape = (288,)
2025-06-01 13:55:12,511 - DEBUG - Compute Cost Function: x.shape=(288, 64),y.shape=(288,)
2025-06-01 13:55:12,511 - DEBUG - Gradient Function: x.shape = (288, 64), y.shape = (288,)
2025-06-01 13:55:12,511 - DEBUG - Compute Cost Function: x.shape=(288, 64),y.shape=(288,)
2025-06-01 13:55:12,511 - DEBUG - Gradient Function: x.shape = (288, 64), y.shape = (288,)
2025-06-01 13:55:12,511 - DEBUG - Compute Cost Function: x.shape=(288, 64),y.shape=(288,)
2025-06-01 13:55:12,511 - DEBUG - Gradient Function: x.shape = (288, 64), y.shape = (288,)
2025-06-01 13:55:12,511 - DEBUG - Compute Cost Function: x.shape=(288, 64),y.shape=(288,)
2025-06-01 13:55:12,511 - DEBUG - Gradient Function: x.shape = (288, 64), y.shape = (288,)
2025-06-01 13:55:12,511 - DEBUG - Compute Cost Function: x.shape=(288, 64),y.shape=(288,)
2025-06-01 13:55:12,511 - DEBUG - Gradient Function: x.shape = (288, 64), y.shape = (288,)
2025-06-01 13:55:12,511 - DEBUG - Compute Cost Function: x.shape=(288, 64),y.shape=(288,)
2025-06-01 13:55:12,511 - DEBUG - Gradient Function: x.shape = (288, 64), y.shape = (288,)
2025-06-01 13:55:12,511 - DEBUG - Compute Cost Function: x.shape=(288, 64),y.shape=(288,)
2025-06-01 13:55:12,511 - DEBUG - Gradient Function: x.shape = (288, 64), y.shape = (288,)
2025-06-01 13:55:12,511 - DEBUG - Compute Cost Function: x.shape=(288, 64),y.shape=(288,)
2025-06-01 13:55:12,511 - DEBUG - Gradient Function: x.shape = (288, 64), y.shape = (288,)
2025-06-01 13:55:12,511 - DEBUG - Compute Cost Function: x.shape=(288, 64),y.shape=(288,)
2025-06-01 13:55:12,511 - DEBUG - Gradient Function: x.shape = (288, 64), y.shape = (288,)
2025-06-01 13:55:12,511 - DEBUG - Compute Cost Function: x.shape=(288, 64),y.shape=(288,)
2025-06-01 13:55:12,511 - DEBUG - Gradient Function: x.shape = (288, 64), y.shape = (288,)
2025-06-01 13:55:12,511 - DEBUG - Compute Cost Function: x.shape=(288, 64),y.shape=(288,)
2025-06-01 13:55:12,511 - DEBUG - Gradient Function: x.shape = (288, 64), y.shape = (288,)
2025-06-01 13:55:12,511 - DEBUG - Compute Cost Function: x.shape=(288, 64),y.shape=(288,)
2025-06-01 13:55:12,511 - DEBUG - Gradient Function: x.shape = (288, 64), y.shape = (288,)
2025-06-01 13:55:12,511 - DEBUG - Compute Cost Function: x.shape=(288, 64),y.shape=(288,)
2025-06-01 13:55:12,522 - DEBUG - Gradient Function: x.shape = (288, 64), y.shape = (288,)
2025-06-01 13:55:12,525 - DEBUG - Compute Cost Function: x.shape=(288, 64),y.shape=(288,)
2025-06-01 13:55:12,525 - DEBUG - Gradient Function: x.shape = (288, 64), y.shape = (288,)
2025-06-01 13:55:12,527 - DEBUG - Compute Cost Function: x.shape=(288, 64),y.shape=(288,)
2025-06-01 13:55:12,527 - DEBUG - Gradient Function: x.shape = (288, 64), y.shape = (288,)
2025-06-01 13:55:12,527 - DEBUG - Compute Cost Function: x.shape=(288, 64),y.shape=(288,)
2025-06-01 13:55:12,527 - DEBUG - Gradient Function: x.shape = (288, 64), y.shape = (288,)
2025-06-01 13:55:12,529 - DEBUG - Compute Cost Function: x.shape=(288, 64),y.shape=(288,)
2025-06-01 13:55:12,529 - DEBUG - Gradient Function: x.shape = (288, 64), y.shape = (288,)
2025-06-01 13:55:12,529 - DEBUG - Compute Cost Function: x.shape=(288, 64),y.shape=(288,)
2025-06-01 13:55:12,529 - DEBUG - Gradient Function: x.shape = (288, 64), y.shape = (288,)
2025-06-01 13:55:12,530 - DEBUG - Compute Cost Function: x.shape=(288, 64),y.shape=(288,)
2025-06-01 13:55:12,530 - DEBUG - Gradient Function: x.shape = (288, 64), y.shape = (288,)
2025-06-01 13:55:12,532 - DEBUG - Compute Cost Function: x.shape=(288, 64),y.shape=(288,)
2025-06-01 13:55:12,532 - DEBUG - Gradient Function: x.shape = (288, 64), y.shape = (288,)
2025-06-01 13:55:12,532 - DEBUG - Compute Cost Function: x.shape=(288, 64),y.shape=(288,)
2025-06-01 13:55:12,532 - DEBUG - Gradient Function: x.shape = (288, 64), y.shape = (288,)
2025-06-01 13:55:12,532 - DEBUG - Compute Cost Function: x.shape=(288, 64),y.shape=(288,)
2025-06-01 13:55:12,532 - DEBUG - Gradient Function: x.shape = (288, 64), y.shape = (288,)
2025-06-01 13:55:12,533 - DEBUG - Compute Cost Function: x.shape=(288, 64),y.shape=(288,)
2025-06-01 13:55:12,533 - DEBUG - Gradient Function: x.shape = (288, 64), y.shape = (288,)
2025-06-01 13:55:12,533 - DEBUG - Compute Cost Function: x.shape=(288, 64),y.shape=(288,)
2025-06-01 13:55:12,533 - DEBUG - Gradient Function: x.shape = (288, 64), y.shape = (288,)
2025-06-01 13:55:12,533 - DEBUG - Compute Cost Function: x.shape=(288, 64),y.shape=(288,)
2025-06-01 13:55:12,533 - DEBUG - Gradient Function: x.shape = (288, 64), y.shape = (288,)
2025-06-01 13:55:12,533 - DEBUG - Compute Cost Function: x.shape=(288, 64),y.shape=(288,)
2025-06-01 13:55:12,533 - DEBUG - Gradient Function: x.shape = (288, 64), y.shape = (288,)
2025-06-01 13:55:12,533 - DEBUG - Compute Cost Function: x.shape=(288, 64),y.shape=(288,)
2025-06-01 13:55:12,533 - DEBUG - Gradient Function: x.shape = (288, 64), y.shape = (288,)
2025-06-01 13:55:12,533 - DEBUG - Compute Cost Function: x.shape=(288, 64),y.shape=(288,)
2025-06-01 13:55:12,533 - DEBUG - Gradient Function: x.shape = (288, 64), y.shape = (288,)
2025-06-01 13:55:12,533 - DEBUG - Compute Cost Function: x.shape=(288, 64),y.shape=(288,)
2025-06-01 13:55:12,533 - DEBUG - Gradient Function: x.shape = (288, 64), y.shape = (288,)
2025-06-01 13:55:12,533 - DEBUG - Compute Cost Function: x.shape=(288, 64),y.shape=(288,)
2025-06-01 13:55:12,533 - DEBUG - Gradient Function: x.shape = (288, 64), y.shape = (288,)
2025-06-01 13:55:12,533 - DEBUG - Compute Cost Function: x.shape=(288, 64),y.shape=(288,)
2025-06-01 13:55:12,533 - DEBUG - Gradient Function: x.shape = (288, 64), y.shape = (288,)
2025-06-01 13:55:12,533 - DEBUG - Compute Cost Function: x.shape=(288, 64),y.shape=(288,)
2025-06-01 13:55:12,533 - DEBUG - Gradient Function: x.shape = (288, 64), y.shape = (288,)
2025-06-01 13:55:12,533 - DEBUG - Compute Cost Function: x.shape=(288, 64),y.shape=(288,)
2025-06-01 13:55:12,533 - DEBUG - Gradient Function: x.shape = (288, 64), y.shape = (288,)
2025-06-01 13:55:12,533 - DEBUG - Compute Cost Function: x.shape=(288, 64),y.shape=(288,)
2025-06-01 13:55:12,533 - DEBUG - Gradient Function: x.shape = (288, 64), y.shape = (288,)
2025-06-01 13:55:12,533 - DEBUG - Compute Cost Function: x.shape=(288, 64),y.shape=(288,)
2025-06-01 13:55:12,533 - DEBUG - Gradient Function: x.shape = (288, 64), y.shape = (288,)
2025-06-01 13:55:12,535 - DEBUG - Compute Cost Function: x.shape=(288, 64),y.shape=(288,)
2025-06-01 13:55:12,535 - DEBUG - Gradient Function: x.shape = (288, 64), y.shape = (288,)
2025-06-01 13:55:12,535 - DEBUG - Compute Cost Function: x.shape=(288, 64),y.shape=(288,)
2025-06-01 13:55:12,535 - DEBUG - Gradient Function: x.shape = (288, 64), y.shape = (288,)
2025-06-01 13:55:12,535 - DEBUG - Compute Cost Function: x.shape=(288, 64),y.shape=(288,)
2025-06-01 13:55:12,535 - DEBUG - Gradient Function: x.shape = (288, 64), y.shape = (288,)
2025-06-01 13:55:12,535 - DEBUG - Compute Cost Function: x.shape=(288, 64),y.shape=(288,)
2025-06-01 13:55:12,535 - DEBUG - Gradient Function: x.shape = (288, 64), y.shape = (288,)
2025-06-01 13:55:12,535 - DEBUG - Compute Cost Function: x.shape=(288, 64),y.shape=(288,)
2025-06-01 13:55:12,535 - DEBUG - Gradient Function: x.shape = (288, 64), y.shape = (288,)
2025-06-01 13:55:12,535 - DEBUG - Compute Cost Function: x.shape=(288, 64),y.shape=(288,)
2025-06-01 13:55:12,535 - DEBUG - Gradient Function: x.shape = (288, 64), y.shape = (288,)
2025-06-01 13:55:12,537 - DEBUG - Compute Cost Function: x.shape=(288, 64),y.shape=(288,)
2025-06-01 13:55:12,537 - DEBUG - Gradient Function: x.shape = (288, 64), y.shape = (288,)
2025-06-01 13:55:12,537 - DEBUG - Compute Cost Function: x.shape=(288, 64),y.shape=(288,)
2025-06-01 13:55:12,537 - DEBUG - Gradient Function: x.shape = (288, 64), y.shape = (288,)
2025-06-01 13:55:12,537 - DEBUG - Compute Cost Function: x.shape=(288, 64),y.shape=(288,)
2025-06-01 13:55:12,538 - DEBUG - Gradient Function: x.shape = (288, 64), y.shape = (288,)
2025-06-01 13:55:12,538 - DEBUG - Compute Cost Function: x.shape=(288, 64),y.shape=(288,)
2025-06-01 13:55:12,538 - DEBUG - Gradient Function: x.shape = (288, 64), y.shape = (288,)
2025-06-01 13:55:12,538 - DEBUG - Compute Cost Function: x.shape=(288, 64),y.shape=(288,)
2025-06-01 13:55:12,538 - DEBUG - Gradient Function: x.shape = (288, 64), y.shape = (288,)
2025-06-01 13:55:12,538 - DEBUG - Compute Cost Function: x.shape=(288, 64),y.shape=(288,)
2025-06-01 13:55:12,538 - DEBUG - Gradient Function: x.shape = (288, 64), y.shape = (288,)
2025-06-01 13:55:12,538 - DEBUG - Compute Cost Function: x.shape=(288, 64),y.shape=(288,)
2025-06-01 13:55:12,538 - DEBUG - Gradient Function: x.shape = (288, 64), y.shape = (288,)
2025-06-01 13:55:12,538 - DEBUG - Compute Cost Function: x.shape=(288, 64),y.shape=(288,)
2025-06-01 13:55:12,538 - DEBUG - Gradient Function: x.shape = (288, 64), y.shape = (288,)
2025-06-01 13:55:12,538 - DEBUG - Compute Cost Function: x.shape=(288, 64),y.shape=(288,)
2025-06-01 13:55:12,538 - DEBUG - Gradient Function: x.shape = (288, 64), y.shape = (288,)
2025-06-01 13:55:12,538 - DEBUG - Compute Cost Function: x.shape=(288, 64),y.shape=(288,)
2025-06-01 13:55:12,538 - DEBUG - Gradient Function: x.shape = (288, 64), y.shape = (288,)
2025-06-01 13:55:12,538 - DEBUG - Compute Cost Function: x.shape=(288, 64),y.shape=(288,)
2025-06-01 13:55:12,538 - DEBUG - Gradient Function: x.shape = (288, 64), y.shape = (288,)
2025-06-01 13:55:12,538 - DEBUG - Compute Cost Function: x.shape=(288, 64),y.shape=(288,)
2025-06-01 13:55:12,538 - DEBUG - Gradient Function: x.shape = (288, 64), y.shape = (288,)
2025-06-01 13:55:12,538 - DEBUG - Compute Cost Function: x.shape=(288, 64),y.shape=(288,)
2025-06-01 13:55:12,538 - DEBUG - Gradient Function: x.shape = (288, 64), y.shape = (288,)
2025-06-01 13:55:12,538 - DEBUG - Compute Cost Function: x.shape=(288, 64),y.shape=(288,)
2025-06-01 13:55:12,538 - DEBUG - Gradient Function: x.shape = (288, 64), y.shape = (288,)
2025-06-01 13:55:12,543 - DEBUG - Compute Cost Function: x.shape=(288, 64),y.shape=(288,)
2025-06-01 13:55:12,543 - DEBUG - Gradient Function: x.shape = (288, 64), y.shape = (288,)
2025-06-01 13:55:12,544 - DEBUG - Compute Cost Function: x.shape=(288, 64),y.shape=(288,)
2025-06-01 13:55:12,544 - DEBUG - Gradient Function: x.shape = (288, 64), y.shape = (288,)
2025-06-01 13:55:12,544 - DEBUG - Compute Cost Function: x.shape=(288, 64),y.shape=(288,)
2025-06-01 13:55:12,544 - DEBUG - Gradient Function: x.shape = (288, 64), y.shape = (288,)
2025-06-01 13:55:12,544 - DEBUG - Compute Cost Function: x.shape=(288, 64),y.shape=(288,)
2025-06-01 13:55:12,544 - DEBUG - Gradient Function: x.shape = (288, 64), y.shape = (288,)
2025-06-01 13:55:12,545 - DEBUG - Compute Cost Function: x.shape=(288, 64),y.shape=(288,)
2025-06-01 13:55:12,546 - DEBUG - Gradient Function: x.shape = (288, 64), y.shape = (288,)
2025-06-01 13:55:12,546 - DEBUG - Compute Cost Function: x.shape=(288, 64),y.shape=(288,)
2025-06-01 13:55:12,546 - DEBUG - Gradient Function: x.shape = (288, 64), y.shape = (288,)
2025-06-01 13:55:12,546 - DEBUG - Compute Cost Function: x.shape=(288, 64),y.shape=(288,)
2025-06-01 13:55:12,546 - DEBUG - Gradient Function: x.shape = (288, 64), y.shape = (288,)
2025-06-01 13:55:12,546 - DEBUG - Compute Cost Function: x.shape=(288, 64),y.shape=(288,)
2025-06-01 13:55:12,546 - DEBUG - Gradient Function: x.shape = (288, 64), y.shape = (288,)
2025-06-01 13:55:12,546 - DEBUG - Compute Cost Function: x.shape=(288, 64),y.shape=(288,)
2025-06-01 13:55:12,546 - DEBUG - Gradient Function: x.shape = (288, 64), y.shape = (288,)
2025-06-01 13:55:12,546 - DEBUG - Compute Cost Function: x.shape=(288, 64),y.shape=(288,)
2025-06-01 13:55:12,546 - DEBUG - Gradient Function: x.shape = (288, 64), y.shape = (288,)
2025-06-01 13:55:12,546 - DEBUG - Compute Cost Function: x.shape=(288, 64),y.shape=(288,)
2025-06-01 13:55:12,546 - DEBUG - Gradient Function: x.shape = (288, 64), y.shape = (288,)
2025-06-01 13:55:12,546 - DEBUG - Compute Cost Function: x.shape=(288, 64),y.shape=(288,)
2025-06-01 13:55:12,546 - DEBUG - Gradient Function: x.shape = (288, 64), y.shape = (288,)
2025-06-01 13:55:12,546 - DEBUG - Compute Cost Function: x.shape=(288, 64),y.shape=(288,)
2025-06-01 13:55:12,546 - DEBUG - Gradient Function: x.shape = (288, 64), y.shape = (288,)
2025-06-01 13:55:12,546 - DEBUG - Compute Cost Function: x.shape=(288, 64),y.shape=(288,)
2025-06-01 13:55:12,546 - DEBUG - Gradient Function: x.shape = (288, 64), y.shape = (288,)
2025-06-01 13:55:12,546 - DEBUG - Compute Cost Function: x.shape=(288, 64),y.shape=(288,)
2025-06-01 13:55:12,546 - DEBUG - Gradient Function: x.shape = (288, 64), y.shape = (288,)
2025-06-01 13:55:12,546 - DEBUG - Compute Cost Function: x.shape=(288, 64),y.shape=(288,)
2025-06-01 13:55:12,546 - DEBUG - Gradient Function: x.shape = (288, 64), y.shape = (288,)
2025-06-01 13:55:12,546 - DEBUG - Compute Cost Function: x.shape=(288, 64),y.shape=(288,)
2025-06-01 13:55:12,546 - DEBUG - Gradient Function: x.shape = (288, 64), y.shape = (288,)
2025-06-01 13:55:12,546 - DEBUG - Compute Cost Function: x.shape=(288, 64),y.shape=(288,)
2025-06-01 13:55:12,546 - DEBUG - Gradient Function: x.shape = (288, 64), y.shape = (288,)
2025-06-01 13:55:12,546 - DEBUG - Compute Cost Function: x.shape=(288, 64),y.shape=(288,)
2025-06-01 13:55:12,546 - DEBUG - Gradient Function: x.shape = (288, 64), y.shape = (288,)
2025-06-01 13:55:12,546 - DEBUG - Compute Cost Function: x.shape=(288, 64),y.shape=(288,)
2025-06-01 13:55:12,546 - DEBUG - Gradient Function: x.shape = (288, 64), y.shape = (288,)
2025-06-01 13:55:12,546 - DEBUG - Compute Cost Function: x.shape=(288, 64),y.shape=(288,)
2025-06-01 13:55:12,546 - DEBUG - Gradient Function: x.shape = (288, 64), y.shape = (288,)
2025-06-01 13:55:12,546 - DEBUG - Compute Cost Function: x.shape=(288, 64),y.shape=(288,)
2025-06-01 13:55:12,546 - DEBUG - Gradient Function: x.shape = (288, 64), y.shape = (288,)
2025-06-01 13:55:12,546 - DEBUG - Compute Cost Function: x.shape=(288, 64),y.shape=(288,)
2025-06-01 13:55:12,546 - DEBUG - Gradient Function: x.shape = (288, 64), y.shape = (288,)
2025-06-01 13:55:12,546 - DEBUG - Compute Cost Function: x.shape=(288, 64),y.shape=(288,)
2025-06-01 13:55:12,546 - DEBUG - Gradient Function: x.shape = (288, 64), y.shape = (288,)
2025-06-01 13:55:12,546 - DEBUG - Compute Cost Function: x.shape=(288, 64),y.shape=(288,)
2025-06-01 13:55:12,546 - DEBUG - Gradient Function: x.shape = (288, 64), y.shape = (288,)
2025-06-01 13:55:12,546 - DEBUG - Compute Cost Function: x.shape=(288, 64),y.shape=(288,)
2025-06-01 13:55:12,546 - DEBUG - Gradient Function: x.shape = (288, 64), y.shape = (288,)
2025-06-01 13:55:12,546 - DEBUG - Compute Cost Function: x.shape=(288, 64),y.shape=(288,)
2025-06-01 13:55:12,546 - DEBUG - Gradient Function: x.shape = (288, 64), y.shape = (288,)
2025-06-01 13:55:12,546 - DEBUG - Compute Cost Function: x.shape=(288, 64),y.shape=(288,)
2025-06-01 13:55:12,546 - DEBUG - Gradient Function: x.shape = (288, 64), y.shape = (288,)
2025-06-01 13:55:12,546 - DEBUG - Compute Cost Function: x.shape=(288, 64),y.shape=(288,)
2025-06-01 13:55:12,546 - DEBUG - Gradient Function: x.shape = (288, 64), y.shape = (288,)
2025-06-01 13:55:12,546 - DEBUG - Compute Cost Function: x.shape=(288, 64),y.shape=(288,)
2025-06-01 13:55:12,546 - DEBUG - Gradient Function: x.shape = (288, 64), y.shape = (288,)
2025-06-01 13:55:12,546 - DEBUG - Compute Cost Function: x.shape=(288, 64),y.shape=(288,)
2025-06-01 13:55:12,546 - DEBUG - Gradient Function: x.shape = (288, 64), y.shape = (288,)
2025-06-01 13:55:12,546 - DEBUG - Compute Cost Function: x.shape=(288, 64),y.shape=(288,)
2025-06-01 13:55:12,546 - DEBUG - Gradient Function: x.shape = (288, 64), y.shape = (288,)
2025-06-01 13:55:12,546 - DEBUG - Compute Cost Function: x.shape=(288, 64),y.shape=(288,)
2025-06-01 13:55:12,546 - DEBUG - Gradient Function: x.shape = (288, 64), y.shape = (288,)
2025-06-01 13:55:12,546 - DEBUG - Compute Cost Function: x.shape=(288, 64),y.shape=(288,)
2025-06-01 13:55:12,546 - DEBUG - Gradient Function: x.shape = (288, 64), y.shape = (288,)
2025-06-01 13:55:12,546 - DEBUG - Compute Cost Function: x.shape=(288, 64),y.shape=(288,)
2025-06-01 13:55:12,546 - DEBUG - Gradient Function: x.shape = (288, 64), y.shape = (288,)
2025-06-01 13:55:12,546 - DEBUG - Compute Cost Function: x.shape=(288, 64),y.shape=(288,)
2025-06-01 13:55:12,546 - DEBUG - Gradient Function: x.shape = (288, 64), y.shape = (288,)
2025-06-01 13:55:12,560 - DEBUG - Compute Cost Function: x.shape=(288, 64),y.shape=(288,)
2025-06-01 13:55:12,560 - DEBUG - Gradient Function: x.shape = (288, 64), y.shape = (288,)
2025-06-01 13:55:12,560 - DEBUG - Compute Cost Function: x.shape=(288, 64),y.shape=(288,)
2025-06-01 13:55:12,560 - DEBUG - Gradient Function: x.shape = (288, 64), y.shape = (288,)
2025-06-01 13:55:12,561 - DEBUG - Compute Cost Function: x.shape=(288, 64),y.shape=(288,)
2025-06-01 13:55:12,561 - DEBUG - Gradient Function: x.shape = (288, 64), y.shape = (288,)
2025-06-01 13:55:12,561 - INFO - Cost after iteration 800: 0.019032703285185016
2025-06-01 13:55:12,561 - DEBUG - Compute Cost Function: x.shape=(288, 64),y.shape=(288,)
2025-06-01 13:55:12,561 - DEBUG - Gradient Function: x.shape = (288, 64), y.shape = (288,)
2025-06-01 13:55:12,561 - DEBUG - Compute Cost Function: x.shape=(288, 64),y.shape=(288,)
2025-06-01 13:55:12,561 - DEBUG - Gradient Function: x.shape = (288, 64), y.shape = (288,)
2025-06-01 13:55:12,561 - DEBUG - Compute Cost Function: x.shape=(288, 64),y.shape=(288,)
2025-06-01 13:55:12,561 - DEBUG - Gradient Function: x.shape = (288, 64), y.shape = (288,)
2025-06-01 13:55:12,561 - DEBUG - Compute Cost Function: x.shape=(288, 64),y.shape=(288,)
2025-06-01 13:55:12,561 - DEBUG - Gradient Function: x.shape = (288, 64), y.shape = (288,)
2025-06-01 13:55:12,561 - DEBUG - Compute Cost Function: x.shape=(288, 64),y.shape=(288,)
2025-06-01 13:55:12,561 - DEBUG - Gradient Function: x.shape = (288, 64), y.shape = (288,)
2025-06-01 13:55:12,561 - DEBUG - Compute Cost Function: x.shape=(288, 64),y.shape=(288,)
2025-06-01 13:55:12,561 - DEBUG - Gradient Function: x.shape = (288, 64), y.shape = (288,)
2025-06-01 13:55:12,561 - DEBUG - Compute Cost Function: x.shape=(288, 64),y.shape=(288,)
2025-06-01 13:55:12,561 - DEBUG - Gradient Function: x.shape = (288, 64), y.shape = (288,)
2025-06-01 13:55:12,561 - DEBUG - Compute Cost Function: x.shape=(288, 64),y.shape=(288,)
2025-06-01 13:55:12,561 - DEBUG - Gradient Function: x.shape = (288, 64), y.shape = (288,)
2025-06-01 13:55:12,561 - DEBUG - Compute Cost Function: x.shape=(288, 64),y.shape=(288,)
2025-06-01 13:55:12,561 - DEBUG - Gradient Function: x.shape = (288, 64), y.shape = (288,)
2025-06-01 13:55:12,561 - DEBUG - Compute Cost Function: x.shape=(288, 64),y.shape=(288,)
2025-06-01 13:55:12,561 - DEBUG - Gradient Function: x.shape = (288, 64), y.shape = (288,)
2025-06-01 13:55:12,561 - DEBUG - Compute Cost Function: x.shape=(288, 64),y.shape=(288,)
2025-06-01 13:55:12,561 - DEBUG - Gradient Function: x.shape = (288, 64), y.shape = (288,)
2025-06-01 13:55:12,561 - DEBUG - Compute Cost Function: x.shape=(288, 64),y.shape=(288,)
2025-06-01 13:55:12,561 - DEBUG - Gradient Function: x.shape = (288, 64), y.shape = (288,)
2025-06-01 13:55:12,561 - DEBUG - Compute Cost Function: x.shape=(288, 64),y.shape=(288,)
2025-06-01 13:55:12,561 - DEBUG - Gradient Function: x.shape = (288, 64), y.shape = (288,)
2025-06-01 13:55:12,561 - DEBUG - Compute Cost Function: x.shape=(288, 64),y.shape=(288,)
2025-06-01 13:55:12,561 - DEBUG - Gradient Function: x.shape = (288, 64), y.shape = (288,)
2025-06-01 13:55:12,561 - DEBUG - Compute Cost Function: x.shape=(288, 64),y.shape=(288,)
2025-06-01 13:55:12,561 - DEBUG - Gradient Function: x.shape = (288, 64), y.shape = (288,)
2025-06-01 13:55:12,561 - DEBUG - Compute Cost Function: x.shape=(288, 64),y.shape=(288,)
2025-06-01 13:55:12,561 - DEBUG - Gradient Function: x.shape = (288, 64), y.shape = (288,)
2025-06-01 13:55:12,561 - DEBUG - Compute Cost Function: x.shape=(288, 64),y.shape=(288,)
2025-06-01 13:55:12,561 - DEBUG - Gradient Function: x.shape = (288, 64), y.shape = (288,)
2025-06-01 13:55:12,561 - DEBUG - Compute Cost Function: x.shape=(288, 64),y.shape=(288,)
2025-06-01 13:55:12,561 - DEBUG - Gradient Function: x.shape = (288, 64), y.shape = (288,)
2025-06-01 13:55:12,561 - DEBUG - Compute Cost Function: x.shape=(288, 64),y.shape=(288,)
2025-06-01 13:55:12,561 - DEBUG - Gradient Function: x.shape = (288, 64), y.shape = (288,)
2025-06-01 13:55:12,561 - DEBUG - Compute Cost Function: x.shape=(288, 64),y.shape=(288,)
2025-06-01 13:55:12,561 - DEBUG - Gradient Function: x.shape = (288, 64), y.shape = (288,)
2025-06-01 13:55:12,561 - DEBUG - Compute Cost Function: x.shape=(288, 64),y.shape=(288,)
2025-06-01 13:55:12,561 - DEBUG - Gradient Function: x.shape = (288, 64), y.shape = (288,)
2025-06-01 13:55:12,561 - DEBUG - Compute Cost Function: x.shape=(288, 64),y.shape=(288,)
2025-06-01 13:55:12,561 - DEBUG - Gradient Function: x.shape = (288, 64), y.shape = (288,)
2025-06-01 13:55:12,561 - DEBUG - Compute Cost Function: x.shape=(288, 64),y.shape=(288,)
2025-06-01 13:55:12,561 - DEBUG - Gradient Function: x.shape = (288, 64), y.shape = (288,)
2025-06-01 13:55:12,561 - DEBUG - Compute Cost Function: x.shape=(288, 64),y.shape=(288,)
2025-06-01 13:55:12,561 - DEBUG - Gradient Function: x.shape = (288, 64), y.shape = (288,)
2025-06-01 13:55:12,561 - DEBUG - Compute Cost Function: x.shape=(288, 64),y.shape=(288,)
2025-06-01 13:55:12,561 - DEBUG - Gradient Function: x.shape = (288, 64), y.shape = (288,)
2025-06-01 13:55:12,561 - DEBUG - Compute Cost Function: x.shape=(288, 64),y.shape=(288,)
2025-06-01 13:55:12,561 - DEBUG - Gradient Function: x.shape = (288, 64), y.shape = (288,)
2025-06-01 13:55:12,561 - DEBUG - Compute Cost Function: x.shape=(288, 64),y.shape=(288,)
2025-06-01 13:55:12,561 - DEBUG - Gradient Function: x.shape = (288, 64), y.shape = (288,)
2025-06-01 13:55:12,561 - DEBUG - Compute Cost Function: x.shape=(288, 64),y.shape=(288,)
2025-06-01 13:55:12,561 - DEBUG - Gradient Function: x.shape = (288, 64), y.shape = (288,)
2025-06-01 13:55:12,561 - DEBUG - Compute Cost Function: x.shape=(288, 64),y.shape=(288,)
2025-06-01 13:55:12,561 - DEBUG - Gradient Function: x.shape = (288, 64), y.shape = (288,)
2025-06-01 13:55:12,561 - DEBUG - Compute Cost Function: x.shape=(288, 64),y.shape=(288,)
2025-06-01 13:55:12,561 - DEBUG - Gradient Function: x.shape = (288, 64), y.shape = (288,)
2025-06-01 13:55:12,561 - DEBUG - Compute Cost Function: x.shape=(288, 64),y.shape=(288,)
2025-06-01 13:55:12,561 - DEBUG - Gradient Function: x.shape = (288, 64), y.shape = (288,)
2025-06-01 13:55:12,561 - DEBUG - Compute Cost Function: x.shape=(288, 64),y.shape=(288,)
2025-06-01 13:55:12,561 - DEBUG - Gradient Function: x.shape = (288, 64), y.shape = (288,)
2025-06-01 13:55:12,561 - DEBUG - Compute Cost Function: x.shape=(288, 64),y.shape=(288,)
2025-06-01 13:55:12,561 - DEBUG - Gradient Function: x.shape = (288, 64), y.shape = (288,)
2025-06-01 13:55:12,561 - DEBUG - Compute Cost Function: x.shape=(288, 64),y.shape=(288,)
2025-06-01 13:55:12,561 - DEBUG - Gradient Function: x.shape = (288, 64), y.shape = (288,)
2025-06-01 13:55:12,561 - DEBUG - Compute Cost Function: x.shape=(288, 64),y.shape=(288,)
2025-06-01 13:55:12,561 - DEBUG - Gradient Function: x.shape = (288, 64), y.shape = (288,)
2025-06-01 13:55:12,561 - DEBUG - Compute Cost Function: x.shape=(288, 64),y.shape=(288,)
2025-06-01 13:55:12,561 - DEBUG - Gradient Function: x.shape = (288, 64), y.shape = (288,)
2025-06-01 13:55:12,561 - DEBUG - Compute Cost Function: x.shape=(288, 64),y.shape=(288,)
2025-06-01 13:55:12,561 - DEBUG - Gradient Function: x.shape = (288, 64), y.shape = (288,)
2025-06-01 13:55:12,561 - DEBUG - Compute Cost Function: x.shape=(288, 64),y.shape=(288,)
2025-06-01 13:55:12,575 - DEBUG - Gradient Function: x.shape = (288, 64), y.shape = (288,)
2025-06-01 13:55:12,575 - DEBUG - Compute Cost Function: x.shape=(288, 64),y.shape=(288,)
2025-06-01 13:55:12,575 - DEBUG - Gradient Function: x.shape = (288, 64), y.shape = (288,)
2025-06-01 13:55:12,575 - DEBUG - Compute Cost Function: x.shape=(288, 64),y.shape=(288,)
2025-06-01 13:55:12,575 - DEBUG - Gradient Function: x.shape = (288, 64), y.shape = (288,)
2025-06-01 13:55:12,575 - DEBUG - Compute Cost Function: x.shape=(288, 64),y.shape=(288,)
2025-06-01 13:55:12,575 - DEBUG - Gradient Function: x.shape = (288, 64), y.shape = (288,)
2025-06-01 13:55:12,575 - DEBUG - Compute Cost Function: x.shape=(288, 64),y.shape=(288,)
2025-06-01 13:55:12,575 - DEBUG - Gradient Function: x.shape = (288, 64), y.shape = (288,)
2025-06-01 13:55:12,575 - DEBUG - Compute Cost Function: x.shape=(288, 64),y.shape=(288,)
2025-06-01 13:55:12,575 - DEBUG - Gradient Function: x.shape = (288, 64), y.shape = (288,)
2025-06-01 13:55:12,575 - DEBUG - Compute Cost Function: x.shape=(288, 64),y.shape=(288,)
2025-06-01 13:55:12,575 - DEBUG - Gradient Function: x.shape = (288, 64), y.shape = (288,)
2025-06-01 13:55:12,575 - DEBUG - Compute Cost Function: x.shape=(288, 64),y.shape=(288,)
2025-06-01 13:55:12,575 - DEBUG - Gradient Function: x.shape = (288, 64), y.shape = (288,)
2025-06-01 13:55:12,575 - DEBUG - Compute Cost Function: x.shape=(288, 64),y.shape=(288,)
2025-06-01 13:55:12,575 - DEBUG - Gradient Function: x.shape = (288, 64), y.shape = (288,)
2025-06-01 13:55:12,575 - DEBUG - Compute Cost Function: x.shape=(288, 64),y.shape=(288,)
2025-06-01 13:55:12,575 - DEBUG - Gradient Function: x.shape = (288, 64), y.shape = (288,)
2025-06-01 13:55:12,575 - DEBUG - Compute Cost Function: x.shape=(288, 64),y.shape=(288,)
2025-06-01 13:55:12,575 - DEBUG - Gradient Function: x.shape = (288, 64), y.shape = (288,)
2025-06-01 13:55:12,575 - DEBUG - Compute Cost Function: x.shape=(288, 64),y.shape=(288,)
2025-06-01 13:55:12,575 - DEBUG - Gradient Function: x.shape = (288, 64), y.shape = (288,)
2025-06-01 13:55:12,575 - DEBUG - Compute Cost Function: x.shape=(288, 64),y.shape=(288,)
2025-06-01 13:55:12,575 - DEBUG - Gradient Function: x.shape = (288, 64), y.shape = (288,)
2025-06-01 13:55:12,575 - DEBUG - Compute Cost Function: x.shape=(288, 64),y.shape=(288,)
2025-06-01 13:55:12,575 - DEBUG - Gradient Function: x.shape = (288, 64), y.shape = (288,)
2025-06-01 13:55:12,575 - DEBUG - Compute Cost Function: x.shape=(288, 64),y.shape=(288,)
2025-06-01 13:55:12,575 - DEBUG - Gradient Function: x.shape = (288, 64), y.shape = (288,)
2025-06-01 13:55:12,575 - DEBUG - Compute Cost Function: x.shape=(288, 64),y.shape=(288,)
2025-06-01 13:55:12,575 - DEBUG - Gradient Function: x.shape = (288, 64), y.shape = (288,)
2025-06-01 13:55:12,575 - DEBUG - Compute Cost Function: x.shape=(288, 64),y.shape=(288,)
2025-06-01 13:55:12,575 - DEBUG - Gradient Function: x.shape = (288, 64), y.shape = (288,)
2025-06-01 13:55:12,575 - DEBUG - Compute Cost Function: x.shape=(288, 64),y.shape=(288,)
2025-06-01 13:55:12,575 - DEBUG - Gradient Function: x.shape = (288, 64), y.shape = (288,)
2025-06-01 13:55:12,575 - DEBUG - Compute Cost Function: x.shape=(288, 64),y.shape=(288,)
2025-06-01 13:55:12,575 - DEBUG - Gradient Function: x.shape = (288, 64), y.shape = (288,)
2025-06-01 13:55:12,575 - DEBUG - Compute Cost Function: x.shape=(288, 64),y.shape=(288,)
2025-06-01 13:55:12,575 - DEBUG - Gradient Function: x.shape = (288, 64), y.shape = (288,)
2025-06-01 13:55:12,575 - DEBUG - Compute Cost Function: x.shape=(288, 64),y.shape=(288,)
2025-06-01 13:55:12,575 - DEBUG - Gradient Function: x.shape = (288, 64), y.shape = (288,)
2025-06-01 13:55:12,575 - DEBUG - Compute Cost Function: x.shape=(288, 64),y.shape=(288,)
2025-06-01 13:55:12,575 - DEBUG - Gradient Function: x.shape = (288, 64), y.shape = (288,)
2025-06-01 13:55:12,575 - DEBUG - Compute Cost Function: x.shape=(288, 64),y.shape=(288,)
2025-06-01 13:55:12,575 - DEBUG - Gradient Function: x.shape = (288, 64), y.shape = (288,)
2025-06-01 13:55:12,575 - DEBUG - Compute Cost Function: x.shape=(288, 64),y.shape=(288,)
2025-06-01 13:55:12,575 - DEBUG - Gradient Function: x.shape = (288, 64), y.shape = (288,)
2025-06-01 13:55:12,575 - DEBUG - Compute Cost Function: x.shape=(288, 64),y.shape=(288,)
2025-06-01 13:55:12,575 - DEBUG - Gradient Function: x.shape = (288, 64), y.shape = (288,)
2025-06-01 13:55:12,575 - DEBUG - Compute Cost Function: x.shape=(288, 64),y.shape=(288,)
2025-06-01 13:55:12,575 - DEBUG - Gradient Function: x.shape = (288, 64), y.shape = (288,)
2025-06-01 13:55:12,575 - DEBUG - Compute Cost Function: x.shape=(288, 64),y.shape=(288,)
2025-06-01 13:55:12,575 - DEBUG - Gradient Function: x.shape = (288, 64), y.shape = (288,)
2025-06-01 13:55:12,575 - DEBUG - Compute Cost Function: x.shape=(288, 64),y.shape=(288,)
2025-06-01 13:55:12,575 - DEBUG - Gradient Function: x.shape = (288, 64), y.shape = (288,)
2025-06-01 13:55:12,575 - DEBUG - Compute Cost Function: x.shape=(288, 64),y.shape=(288,)
2025-06-01 13:55:12,575 - DEBUG - Gradient Function: x.shape = (288, 64), y.shape = (288,)
2025-06-01 13:55:12,575 - DEBUG - Compute Cost Function: x.shape=(288, 64),y.shape=(288,)
2025-06-01 13:55:12,575 - DEBUG - Gradient Function: x.shape = (288, 64), y.shape = (288,)
2025-06-01 13:55:12,575 - DEBUG - Compute Cost Function: x.shape=(288, 64),y.shape=(288,)
2025-06-01 13:55:12,575 - DEBUG - Gradient Function: x.shape = (288, 64), y.shape = (288,)
2025-06-01 13:55:12,575 - DEBUG - Compute Cost Function: x.shape=(288, 64),y.shape=(288,)
2025-06-01 13:55:12,575 - DEBUG - Gradient Function: x.shape = (288, 64), y.shape = (288,)
2025-06-01 13:55:12,575 - DEBUG - Compute Cost Function: x.shape=(288, 64),y.shape=(288,)
2025-06-01 13:55:12,575 - DEBUG - Gradient Function: x.shape = (288, 64), y.shape = (288,)
2025-06-01 13:55:12,575 - DEBUG - Compute Cost Function: x.shape=(288, 64),y.shape=(288,)
2025-06-01 13:55:12,575 - DEBUG - Gradient Function: x.shape = (288, 64), y.shape = (288,)
2025-06-01 13:55:12,575 - DEBUG - Compute Cost Function: x.shape=(288, 64),y.shape=(288,)
2025-06-01 13:55:12,575 - DEBUG - Gradient Function: x.shape = (288, 64), y.shape = (288,)
2025-06-01 13:55:12,575 - DEBUG - Compute Cost Function: x.shape=(288, 64),y.shape=(288,)
2025-06-01 13:55:12,575 - DEBUG - Gradient Function: x.shape = (288, 64), y.shape = (288,)
2025-06-01 13:55:12,575 - DEBUG - Compute Cost Function: x.shape=(288, 64),y.shape=(288,)
2025-06-01 13:55:12,575 - DEBUG - Gradient Function: x.shape = (288, 64), y.shape = (288,)
2025-06-01 13:55:12,575 - DEBUG - Compute Cost Function: x.shape=(288, 64),y.shape=(288,)
2025-06-01 13:55:12,575 - DEBUG - Gradient Function: x.shape = (288, 64), y.shape = (288,)
2025-06-01 13:55:12,575 - DEBUG - Compute Cost Function: x.shape=(288, 64),y.shape=(288,)
2025-06-01 13:55:12,575 - DEBUG - Gradient Function: x.shape = (288, 64), y.shape = (288,)
2025-06-01 13:55:12,575 - DEBUG - Compute Cost Function: x.shape=(288, 64),y.shape=(288,)
2025-06-01 13:55:12,575 - DEBUG - Gradient Function: x.shape = (288, 64), y.shape = (288,)
2025-06-01 13:55:12,575 - DEBUG - Compute Cost Function: x.shape=(288, 64),y.shape=(288,)
2025-06-01 13:55:12,591 - DEBUG - Gradient Function: x.shape = (288, 64), y.shape = (288,)
2025-06-01 13:55:12,591 - DEBUG - Compute Cost Function: x.shape=(288, 64),y.shape=(288,)
2025-06-01 13:55:12,591 - DEBUG - Gradient Function: x.shape = (288, 64), y.shape = (288,)
2025-06-01 13:55:12,591 - DEBUG - Compute Cost Function: x.shape=(288, 64),y.shape=(288,)
2025-06-01 13:55:12,591 - DEBUG - Gradient Function: x.shape = (288, 64), y.shape = (288,)
2025-06-01 13:55:12,591 - DEBUG - Compute Cost Function: x.shape=(288, 64),y.shape=(288,)
2025-06-01 13:55:12,591 - DEBUG - Gradient Function: x.shape = (288, 64), y.shape = (288,)
2025-06-01 13:55:12,591 - DEBUG - Compute Cost Function: x.shape=(288, 64),y.shape=(288,)
2025-06-01 13:55:12,591 - DEBUG - Gradient Function: x.shape = (288, 64), y.shape = (288,)
2025-06-01 13:55:12,593 - DEBUG - Compute Cost Function: x.shape=(288, 64),y.shape=(288,)
2025-06-01 13:55:12,593 - DEBUG - Gradient Function: x.shape = (288, 64), y.shape = (288,)
2025-06-01 13:55:12,593 - DEBUG - Compute Cost Function: x.shape=(288, 64),y.shape=(288,)
2025-06-01 13:55:12,593 - DEBUG - Gradient Function: x.shape = (288, 64), y.shape = (288,)
2025-06-01 13:55:12,593 - DEBUG - Compute Cost Function: x.shape=(288, 64),y.shape=(288,)
2025-06-01 13:55:12,594 - DEBUG - Gradient Function: x.shape = (288, 64), y.shape = (288,)
2025-06-01 13:55:12,594 - DEBUG - Compute Cost Function: x.shape=(288, 64),y.shape=(288,)
2025-06-01 13:55:12,594 - DEBUG - Gradient Function: x.shape = (288, 64), y.shape = (288,)
2025-06-01 13:55:12,594 - DEBUG - Compute Cost Function: x.shape=(288, 64),y.shape=(288,)
2025-06-01 13:55:12,594 - DEBUG - Gradient Function: x.shape = (288, 64), y.shape = (288,)
2025-06-01 13:55:12,595 - DEBUG - Compute Cost Function: x.shape=(288, 64),y.shape=(288,)
2025-06-01 13:55:12,595 - DEBUG - Gradient Function: x.shape = (288, 64), y.shape = (288,)
2025-06-01 13:55:12,595 - DEBUG - Compute Cost Function: x.shape=(288, 64),y.shape=(288,)
2025-06-01 13:55:12,595 - DEBUG - Gradient Function: x.shape = (288, 64), y.shape = (288,)
2025-06-01 13:55:12,596 - DEBUG - Compute Cost Function: x.shape=(288, 64),y.shape=(288,)
2025-06-01 13:55:12,596 - DEBUG - Gradient Function: x.shape = (288, 64), y.shape = (288,)
2025-06-01 13:55:12,596 - DEBUG - Compute Cost Function: x.shape=(288, 64),y.shape=(288,)
2025-06-01 13:55:12,596 - DEBUG - Gradient Function: x.shape = (288, 64), y.shape = (288,)
2025-06-01 13:55:12,597 - DEBUG - Compute Cost Function: x.shape=(288, 64),y.shape=(288,)
2025-06-01 13:55:12,597 - DEBUG - Gradient Function: x.shape = (288, 64), y.shape = (288,)
2025-06-01 13:55:12,597 - DEBUG - Compute Cost Function: x.shape=(288, 64),y.shape=(288,)
2025-06-01 13:55:12,597 - DEBUG - Gradient Function: x.shape = (288, 64), y.shape = (288,)
2025-06-01 13:55:12,597 - DEBUG - Compute Cost Function: x.shape=(288, 64),y.shape=(288,)
2025-06-01 13:55:12,597 - DEBUG - Gradient Function: x.shape = (288, 64), y.shape = (288,)
2025-06-01 13:55:12,599 - DEBUG - Compute Cost Function: x.shape=(288, 64),y.shape=(288,)
2025-06-01 13:55:12,599 - DEBUG - Gradient Function: x.shape = (288, 64), y.shape = (288,)
2025-06-01 13:55:12,599 - DEBUG - Compute Cost Function: x.shape=(288, 64),y.shape=(288,)
2025-06-01 13:55:12,599 - DEBUG - Gradient Function: x.shape = (288, 64), y.shape = (288,)
2025-06-01 13:55:12,599 - DEBUG - Compute Cost Function: x.shape=(288, 64),y.shape=(288,)
2025-06-01 13:55:12,599 - DEBUG - Gradient Function: x.shape = (288, 64), y.shape = (288,)
2025-06-01 13:55:12,600 - DEBUG - Compute Cost Function: x.shape=(288, 64),y.shape=(288,)
2025-06-01 13:55:12,600 - DEBUG - Gradient Function: x.shape = (288, 64), y.shape = (288,)
2025-06-01 13:55:12,600 - DEBUG - Compute Cost Function: x.shape=(288, 64),y.shape=(288,)
2025-06-01 13:55:12,600 - DEBUG - Gradient Function: x.shape = (288, 64), y.shape = (288,)
2025-06-01 13:55:12,600 - DEBUG - Compute Cost Function: x.shape=(288, 64),y.shape=(288,)
2025-06-01 13:55:12,601 - DEBUG - Gradient Function: x.shape = (288, 64), y.shape = (288,)
2025-06-01 13:55:12,601 - INFO - Cost after iteration 900: 0.017287824077214405
2025-06-01 13:55:12,601 - DEBUG - Compute Cost Function: x.shape=(288, 64),y.shape=(288,)
2025-06-01 13:55:12,601 - DEBUG - Gradient Function: x.shape = (288, 64), y.shape = (288,)
2025-06-01 13:55:12,601 - DEBUG - Compute Cost Function: x.shape=(288, 64),y.shape=(288,)
2025-06-01 13:55:12,601 - DEBUG - Gradient Function: x.shape = (288, 64), y.shape = (288,)
2025-06-01 13:55:12,601 - DEBUG - Compute Cost Function: x.shape=(288, 64),y.shape=(288,)
2025-06-01 13:55:12,601 - DEBUG - Gradient Function: x.shape = (288, 64), y.shape = (288,)
2025-06-01 13:55:12,602 - DEBUG - Compute Cost Function: x.shape=(288, 64),y.shape=(288,)
2025-06-01 13:55:12,602 - DEBUG - Gradient Function: x.shape = (288, 64), y.shape = (288,)
2025-06-01 13:55:12,602 - DEBUG - Compute Cost Function: x.shape=(288, 64),y.shape=(288,)
2025-06-01 13:55:12,602 - DEBUG - Gradient Function: x.shape = (288, 64), y.shape = (288,)
2025-06-01 13:55:12,602 - DEBUG - Compute Cost Function: x.shape=(288, 64),y.shape=(288,)
2025-06-01 13:55:12,602 - DEBUG - Gradient Function: x.shape = (288, 64), y.shape = (288,)
2025-06-01 13:55:12,603 - DEBUG - Compute Cost Function: x.shape=(288, 64),y.shape=(288,)
2025-06-01 13:55:12,604 - DEBUG - Gradient Function: x.shape = (288, 64), y.shape = (288,)
2025-06-01 13:55:12,604 - DEBUG - Compute Cost Function: x.shape=(288, 64),y.shape=(288,)
2025-06-01 13:55:12,604 - DEBUG - Gradient Function: x.shape = (288, 64), y.shape = (288,)
2025-06-01 13:55:12,604 - DEBUG - Compute Cost Function: x.shape=(288, 64),y.shape=(288,)
2025-06-01 13:55:12,604 - DEBUG - Gradient Function: x.shape = (288, 64), y.shape = (288,)
2025-06-01 13:55:12,604 - DEBUG - Compute Cost Function: x.shape=(288, 64),y.shape=(288,)
2025-06-01 13:55:12,604 - DEBUG - Gradient Function: x.shape = (288, 64), y.shape = (288,)
2025-06-01 13:55:12,604 - DEBUG - Compute Cost Function: x.shape=(288, 64),y.shape=(288,)
2025-06-01 13:55:12,604 - DEBUG - Gradient Function: x.shape = (288, 64), y.shape = (288,)
2025-06-01 13:55:12,604 - DEBUG - Compute Cost Function: x.shape=(288, 64),y.shape=(288,)
2025-06-01 13:55:12,604 - DEBUG - Gradient Function: x.shape = (288, 64), y.shape = (288,)
2025-06-01 13:55:12,604 - DEBUG - Compute Cost Function: x.shape=(288, 64),y.shape=(288,)
2025-06-01 13:55:12,604 - DEBUG - Gradient Function: x.shape = (288, 64), y.shape = (288,)
2025-06-01 13:55:12,604 - DEBUG - Compute Cost Function: x.shape=(288, 64),y.shape=(288,)
2025-06-01 13:55:12,604 - DEBUG - Gradient Function: x.shape = (288, 64), y.shape = (288,)
2025-06-01 13:55:12,604 - DEBUG - Compute Cost Function: x.shape=(288, 64),y.shape=(288,)
2025-06-01 13:55:12,604 - DEBUG - Gradient Function: x.shape = (288, 64), y.shape = (288,)
2025-06-01 13:55:12,604 - DEBUG - Compute Cost Function: x.shape=(288, 64),y.shape=(288,)
2025-06-01 13:55:12,604 - DEBUG - Gradient Function: x.shape = (288, 64), y.shape = (288,)
2025-06-01 13:55:12,604 - DEBUG - Compute Cost Function: x.shape=(288, 64),y.shape=(288,)
2025-06-01 13:55:12,604 - DEBUG - Gradient Function: x.shape = (288, 64), y.shape = (288,)
2025-06-01 13:55:12,604 - DEBUG - Compute Cost Function: x.shape=(288, 64),y.shape=(288,)
2025-06-01 13:55:12,604 - DEBUG - Gradient Function: x.shape = (288, 64), y.shape = (288,)
2025-06-01 13:55:12,604 - DEBUG - Compute Cost Function: x.shape=(288, 64),y.shape=(288,)
2025-06-01 13:55:12,604 - DEBUG - Gradient Function: x.shape = (288, 64), y.shape = (288,)
2025-06-01 13:55:12,604 - DEBUG - Compute Cost Function: x.shape=(288, 64),y.shape=(288,)
2025-06-01 13:55:12,604 - DEBUG - Gradient Function: x.shape = (288, 64), y.shape = (288,)
2025-06-01 13:55:12,604 - DEBUG - Compute Cost Function: x.shape=(288, 64),y.shape=(288,)
2025-06-01 13:55:12,604 - DEBUG - Gradient Function: x.shape = (288, 64), y.shape = (288,)
2025-06-01 13:55:12,604 - DEBUG - Compute Cost Function: x.shape=(288, 64),y.shape=(288,)
2025-06-01 13:55:12,604 - DEBUG - Gradient Function: x.shape = (288, 64), y.shape = (288,)
2025-06-01 13:55:12,610 - DEBUG - Compute Cost Function: x.shape=(288, 64),y.shape=(288,)
2025-06-01 13:55:12,610 - DEBUG - Gradient Function: x.shape = (288, 64), y.shape = (288,)
2025-06-01 13:55:12,610 - DEBUG - Compute Cost Function: x.shape=(288, 64),y.shape=(288,)
2025-06-01 13:55:12,610 - DEBUG - Gradient Function: x.shape = (288, 64), y.shape = (288,)
2025-06-01 13:55:12,611 - DEBUG - Compute Cost Function: x.shape=(288, 64),y.shape=(288,)
2025-06-01 13:55:12,611 - DEBUG - Gradient Function: x.shape = (288, 64), y.shape = (288,)
2025-06-01 13:55:12,611 - DEBUG - Compute Cost Function: x.shape=(288, 64),y.shape=(288,)
2025-06-01 13:55:12,611 - DEBUG - Gradient Function: x.shape = (288, 64), y.shape = (288,)
2025-06-01 13:55:12,612 - DEBUG - Compute Cost Function: x.shape=(288, 64),y.shape=(288,)
2025-06-01 13:55:12,612 - DEBUG - Gradient Function: x.shape = (288, 64), y.shape = (288,)
2025-06-01 13:55:12,612 - DEBUG - Compute Cost Function: x.shape=(288, 64),y.shape=(288,)
2025-06-01 13:55:12,612 - DEBUG - Gradient Function: x.shape = (288, 64), y.shape = (288,)
2025-06-01 13:55:12,612 - DEBUG - Compute Cost Function: x.shape=(288, 64),y.shape=(288,)
2025-06-01 13:55:12,613 - DEBUG - Gradient Function: x.shape = (288, 64), y.shape = (288,)
2025-06-01 13:55:12,613 - DEBUG - Compute Cost Function: x.shape=(288, 64),y.shape=(288,)
2025-06-01 13:55:12,613 - DEBUG - Gradient Function: x.shape = (288, 64), y.shape = (288,)
2025-06-01 13:55:12,613 - DEBUG - Compute Cost Function: x.shape=(288, 64),y.shape=(288,)
2025-06-01 13:55:12,613 - DEBUG - Gradient Function: x.shape = (288, 64), y.shape = (288,)
2025-06-01 13:55:12,613 - DEBUG - Compute Cost Function: x.shape=(288, 64),y.shape=(288,)
2025-06-01 13:55:12,614 - DEBUG - Gradient Function: x.shape = (288, 64), y.shape = (288,)
2025-06-01 13:55:12,614 - DEBUG - Compute Cost Function: x.shape=(288, 64),y.shape=(288,)
2025-06-01 13:55:12,614 - DEBUG - Gradient Function: x.shape = (288, 64), y.shape = (288,)
2025-06-01 13:55:12,614 - DEBUG - Compute Cost Function: x.shape=(288, 64),y.shape=(288,)
2025-06-01 13:55:12,614 - DEBUG - Gradient Function: x.shape = (288, 64), y.shape = (288,)
2025-06-01 13:55:12,614 - DEBUG - Compute Cost Function: x.shape=(288, 64),y.shape=(288,)
2025-06-01 13:55:12,614 - DEBUG - Gradient Function: x.shape = (288, 64), y.shape = (288,)
2025-06-01 13:55:12,614 - DEBUG - Compute Cost Function: x.shape=(288, 64),y.shape=(288,)
2025-06-01 13:55:12,614 - DEBUG - Gradient Function: x.shape = (288, 64), y.shape = (288,)
2025-06-01 13:55:12,614 - DEBUG - Compute Cost Function: x.shape=(288, 64),y.shape=(288,)
2025-06-01 13:55:12,614 - DEBUG - Gradient Function: x.shape = (288, 64), y.shape = (288,)
2025-06-01 13:55:12,614 - DEBUG - Compute Cost Function: x.shape=(288, 64),y.shape=(288,)
2025-06-01 13:55:12,614 - DEBUG - Gradient Function: x.shape = (288, 64), y.shape = (288,)
2025-06-01 13:55:12,614 - DEBUG - Compute Cost Function: x.shape=(288, 64),y.shape=(288,)
2025-06-01 13:55:12,614 - DEBUG - Gradient Function: x.shape = (288, 64), y.shape = (288,)
2025-06-01 13:55:12,614 - DEBUG - Compute Cost Function: x.shape=(288, 64),y.shape=(288,)
2025-06-01 13:55:12,614 - DEBUG - Gradient Function: x.shape = (288, 64), y.shape = (288,)
2025-06-01 13:55:12,614 - DEBUG - Compute Cost Function: x.shape=(288, 64),y.shape=(288,)
2025-06-01 13:55:12,614 - DEBUG - Gradient Function: x.shape = (288, 64), y.shape = (288,)
2025-06-01 13:55:12,614 - DEBUG - Compute Cost Function: x.shape=(288, 64),y.shape=(288,)
2025-06-01 13:55:12,614 - DEBUG - Gradient Function: x.shape = (288, 64), y.shape = (288,)
2025-06-01 13:55:12,614 - DEBUG - Compute Cost Function: x.shape=(288, 64),y.shape=(288,)
2025-06-01 13:55:12,614 - DEBUG - Gradient Function: x.shape = (288, 64), y.shape = (288,)
2025-06-01 13:55:12,614 - DEBUG - Compute Cost Function: x.shape=(288, 64),y.shape=(288,)
2025-06-01 13:55:12,614 - DEBUG - Gradient Function: x.shape = (288, 64), y.shape = (288,)
2025-06-01 13:55:12,614 - DEBUG - Compute Cost Function: x.shape=(288, 64),y.shape=(288,)
2025-06-01 13:55:12,614 - DEBUG - Gradient Function: x.shape = (288, 64), y.shape = (288,)
2025-06-01 13:55:12,614 - DEBUG - Compute Cost Function: x.shape=(288, 64),y.shape=(288,)
2025-06-01 13:55:12,614 - DEBUG - Gradient Function: x.shape = (288, 64), y.shape = (288,)
2025-06-01 13:55:12,614 - DEBUG - Compute Cost Function: x.shape=(288, 64),y.shape=(288,)
2025-06-01 13:55:12,614 - DEBUG - Gradient Function: x.shape = (288, 64), y.shape = (288,)
2025-06-01 13:55:12,614 - DEBUG - Compute Cost Function: x.shape=(288, 64),y.shape=(288,)
2025-06-01 13:55:12,614 - DEBUG - Gradient Function: x.shape = (288, 64), y.shape = (288,)
2025-06-01 13:55:12,614 - DEBUG - Compute Cost Function: x.shape=(288, 64),y.shape=(288,)
2025-06-01 13:55:12,614 - DEBUG - Gradient Function: x.shape = (288, 64), y.shape = (288,)
2025-06-01 13:55:12,614 - DEBUG - Compute Cost Function: x.shape=(288, 64),y.shape=(288,)
2025-06-01 13:55:12,614 - DEBUG - Gradient Function: x.shape = (288, 64), y.shape = (288,)
2025-06-01 13:55:12,614 - DEBUG - Compute Cost Function: x.shape=(288, 64),y.shape=(288,)
2025-06-01 13:55:12,614 - DEBUG - Gradient Function: x.shape = (288, 64), y.shape = (288,)
2025-06-01 13:55:12,614 - DEBUG - Compute Cost Function: x.shape=(288, 64),y.shape=(288,)
2025-06-01 13:55:12,614 - DEBUG - Gradient Function: x.shape = (288, 64), y.shape = (288,)
2025-06-01 13:55:12,614 - DEBUG - Compute Cost Function: x.shape=(288, 64),y.shape=(288,)
2025-06-01 13:55:12,614 - DEBUG - Gradient Function: x.shape = (288, 64), y.shape = (288,)
2025-06-01 13:55:12,614 - DEBUG - Compute Cost Function: x.shape=(288, 64),y.shape=(288,)
2025-06-01 13:55:12,614 - DEBUG - Gradient Function: x.shape = (288, 64), y.shape = (288,)
2025-06-01 13:55:12,614 - DEBUG - Compute Cost Function: x.shape=(288, 64),y.shape=(288,)
2025-06-01 13:55:12,614 - DEBUG - Gradient Function: x.shape = (288, 64), y.shape = (288,)
2025-06-01 13:55:12,614 - DEBUG - Compute Cost Function: x.shape=(288, 64),y.shape=(288,)
2025-06-01 13:55:12,614 - DEBUG - Gradient Function: x.shape = (288, 64), y.shape = (288,)
2025-06-01 13:55:12,614 - DEBUG - Compute Cost Function: x.shape=(288, 64),y.shape=(288,)
2025-06-01 13:55:12,614 - DEBUG - Gradient Function: x.shape = (288, 64), y.shape = (288,)
2025-06-01 13:55:12,614 - DEBUG - Compute Cost Function: x.shape=(288, 64),y.shape=(288,)
2025-06-01 13:55:12,614 - DEBUG - Gradient Function: x.shape = (288, 64), y.shape = (288,)
2025-06-01 13:55:12,614 - DEBUG - Compute Cost Function: x.shape=(288, 64),y.shape=(288,)
2025-06-01 13:55:12,614 - DEBUG - Gradient Function: x.shape = (288, 64), y.shape = (288,)
2025-06-01 13:55:12,614 - DEBUG - Compute Cost Function: x.shape=(288, 64),y.shape=(288,)
2025-06-01 13:55:12,614 - DEBUG - Gradient Function: x.shape = (288, 64), y.shape = (288,)
2025-06-01 13:55:12,614 - DEBUG - Compute Cost Function: x.shape=(288, 64),y.shape=(288,)
2025-06-01 13:55:12,614 - DEBUG - Gradient Function: x.shape = (288, 64), y.shape = (288,)
2025-06-01 13:55:12,614 - DEBUG - Compute Cost Function: x.shape=(288, 64),y.shape=(288,)
2025-06-01 13:55:12,614 - DEBUG - Gradient Function: x.shape = (288, 64), y.shape = (288,)
2025-06-01 13:55:12,614 - DEBUG - Compute Cost Function: x.shape=(288, 64),y.shape=(288,)
2025-06-01 13:55:12,614 - DEBUG - Gradient Function: x.shape = (288, 64), y.shape = (288,)
2025-06-01 13:55:12,614 - DEBUG - Compute Cost Function: x.shape=(288, 64),y.shape=(288,)
2025-06-01 13:55:12,614 - DEBUG - Gradient Function: x.shape = (288, 64), y.shape = (288,)
2025-06-01 13:55:12,627 - DEBUG - Compute Cost Function: x.shape=(288, 64),y.shape=(288,)
2025-06-01 13:55:12,627 - DEBUG - Gradient Function: x.shape = (288, 64), y.shape = (288,)
2025-06-01 13:55:12,627 - DEBUG - Compute Cost Function: x.shape=(288, 64),y.shape=(288,)
2025-06-01 13:55:12,628 - DEBUG - Gradient Function: x.shape = (288, 64), y.shape = (288,)
2025-06-01 13:55:12,628 - DEBUG - Compute Cost Function: x.shape=(288, 64),y.shape=(288,)
2025-06-01 13:55:12,628 - DEBUG - Gradient Function: x.shape = (288, 64), y.shape = (288,)
2025-06-01 13:55:12,628 - DEBUG - Compute Cost Function: x.shape=(288, 64),y.shape=(288,)
2025-06-01 13:55:12,628 - DEBUG - Gradient Function: x.shape = (288, 64), y.shape = (288,)
2025-06-01 13:55:12,629 - DEBUG - Compute Cost Function: x.shape=(288, 64),y.shape=(288,)
2025-06-01 13:55:12,629 - DEBUG - Gradient Function: x.shape = (288, 64), y.shape = (288,)
2025-06-01 13:55:12,630 - DEBUG - Compute Cost Function: x.shape=(288, 64),y.shape=(288,)
2025-06-01 13:55:12,630 - DEBUG - Gradient Function: x.shape = (288, 64), y.shape = (288,)
2025-06-01 13:55:12,630 - DEBUG - Compute Cost Function: x.shape=(288, 64),y.shape=(288,)
2025-06-01 13:55:12,630 - DEBUG - Gradient Function: x.shape = (288, 64), y.shape = (288,)
2025-06-01 13:55:12,630 - DEBUG - Compute Cost Function: x.shape=(288, 64),y.shape=(288,)
2025-06-01 13:55:12,630 - DEBUG - Gradient Function: x.shape = (288, 64), y.shape = (288,)
2025-06-01 13:55:12,630 - DEBUG - Compute Cost Function: x.shape=(288, 64),y.shape=(288,)
2025-06-01 13:55:12,630 - DEBUG - Gradient Function: x.shape = (288, 64), y.shape = (288,)
2025-06-01 13:55:12,630 - DEBUG - Compute Cost Function: x.shape=(288, 64),y.shape=(288,)
2025-06-01 13:55:12,630 - DEBUG - Gradient Function: x.shape = (288, 64), y.shape = (288,)
2025-06-01 13:55:12,630 - DEBUG - Compute Cost Function: x.shape=(288, 64),y.shape=(288,)
2025-06-01 13:55:12,630 - DEBUG - Gradient Function: x.shape = (288, 64), y.shape = (288,)
2025-06-01 13:55:12,630 - DEBUG - Compute Cost Function: x.shape=(288, 64),y.shape=(288,)
2025-06-01 13:55:12,630 - DEBUG - Gradient Function: x.shape = (288, 64), y.shape = (288,)
2025-06-01 13:55:12,630 - DEBUG - Compute Cost Function: x.shape=(288, 64),y.shape=(288,)
2025-06-01 13:55:12,630 - DEBUG - Gradient Function: x.shape = (288, 64), y.shape = (288,)
2025-06-01 13:55:12,630 - DEBUG - Compute Cost Function: x.shape=(288, 64),y.shape=(288,)
2025-06-01 13:55:12,630 - DEBUG - Gradient Function: x.shape = (288, 64), y.shape = (288,)
2025-06-01 13:55:12,630 - DEBUG - Compute Cost Function: x.shape=(288, 64),y.shape=(288,)
2025-06-01 13:55:12,630 - DEBUG - Gradient Function: x.shape = (288, 64), y.shape = (288,)
2025-06-01 13:55:12,630 - DEBUG - Compute Cost Function: x.shape=(288, 64),y.shape=(288,)
2025-06-01 13:55:12,630 - DEBUG - Gradient Function: x.shape = (288, 64), y.shape = (288,)
2025-06-01 13:55:12,630 - DEBUG - Compute Cost Function: x.shape=(288, 64),y.shape=(288,)
2025-06-01 13:55:12,630 - DEBUG - Gradient Function: x.shape = (288, 64), y.shape = (288,)
2025-06-01 13:55:12,630 - DEBUG - Compute Cost Function: x.shape=(288, 64),y.shape=(288,)
2025-06-01 13:55:12,630 - DEBUG - Gradient Function: x.shape = (288, 64), y.shape = (288,)
2025-06-01 13:55:12,630 - DEBUG - Compute Cost Function: x.shape=(288, 64),y.shape=(288,)
2025-06-01 13:55:12,630 - DEBUG - Gradient Function: x.shape = (288, 64), y.shape = (288,)
2025-06-01 13:55:12,630 - DEBUG - Compute Cost Function: x.shape=(288, 64),y.shape=(288,)
2025-06-01 13:55:12,630 - DEBUG - Gradient Function: x.shape = (288, 64), y.shape = (288,)
2025-06-01 13:55:12,630 - DEBUG - Compute Cost Function: x.shape=(288, 64),y.shape=(288,)
2025-06-01 13:55:12,630 - DEBUG - Gradient Function: x.shape = (288, 64), y.shape = (288,)
2025-06-01 13:55:12,630 - DEBUG - Compute Cost Function: x.shape=(288, 64),y.shape=(288,)
2025-06-01 13:55:12,630 - DEBUG - Gradient Function: x.shape = (288, 64), y.shape = (288,)
2025-06-01 13:55:12,630 - DEBUG - Compute Cost Function: x.shape=(288, 64),y.shape=(288,)
2025-06-01 13:55:12,630 - DEBUG - Gradient Function: x.shape = (288, 64), y.shape = (288,)
2025-06-01 13:55:12,630 - DEBUG - Compute Cost Function: x.shape=(288, 64),y.shape=(288,)
2025-06-01 13:55:12,630 - DEBUG - Gradient Function: x.shape = (288, 64), y.shape = (288,)
2025-06-01 13:55:12,630 - DEBUG - Compute Cost Function: x.shape=(288, 64),y.shape=(288,)
2025-06-01 13:55:12,630 - DEBUG - Gradient Function: x.shape = (288, 64), y.shape = (288,)
2025-06-01 13:55:12,630 - DEBUG - Compute Cost Function: x.shape=(288, 64),y.shape=(288,)
2025-06-01 13:55:12,630 - DEBUG - Gradient Function: x.shape = (288, 64), y.shape = (288,)
2025-06-01 13:55:12,630 - DEBUG - Compute Cost Function: x.shape=(288, 64),y.shape=(288,)
2025-06-01 13:55:12,630 - DEBUG - Gradient Function: x.shape = (288, 64), y.shape = (288,)
2025-06-01 13:55:12,630 - DEBUG - Compute Cost Function: x.shape=(288, 64),y.shape=(288,)
2025-06-01 13:55:12,630 - DEBUG - Gradient Function: x.shape = (288, 64), y.shape = (288,)
2025-06-01 13:55:12,630 - DEBUG - Compute Cost Function: x.shape=(288, 64),y.shape=(288,)
2025-06-01 13:55:12,630 - DEBUG - Gradient Function: x.shape = (288, 64), y.shape = (288,)
2025-06-01 13:55:12,630 - DEBUG - Compute Cost Function: x.shape=(288, 64),y.shape=(288,)
2025-06-01 13:55:12,630 - DEBUG - Gradient Function: x.shape = (288, 64), y.shape = (288,)
2025-06-01 13:55:12,630 - DEBUG - Compute Cost Function: x.shape=(288, 64),y.shape=(288,)
2025-06-01 13:55:12,630 - DEBUG - Gradient Function: x.shape = (288, 64), y.shape = (288,)
2025-06-01 13:55:12,630 - DEBUG - Compute Cost Function: x.shape=(288, 64),y.shape=(288,)
2025-06-01 13:55:12,630 - DEBUG - Gradient Function: x.shape = (288, 64), y.shape = (288,)
2025-06-01 13:55:12,630 - DEBUG - Compute Cost Function: x.shape=(288, 64),y.shape=(288,)
2025-06-01 13:55:12,630 - DEBUG - Gradient Function: x.shape = (288, 64), y.shape = (288,)
2025-06-01 13:55:12,630 - DEBUG - Compute Cost Function: x.shape=(288, 64),y.shape=(288,)
2025-06-01 13:55:12,630 - DEBUG - Gradient Function: x.shape = (288, 64), y.shape = (288,)
2025-06-01 13:55:12,630 - DEBUG - Compute Cost Function: x.shape=(288, 64),y.shape=(288,)
2025-06-01 13:55:12,630 - DEBUG - Gradient Function: x.shape = (288, 64), y.shape = (288,)
2025-06-01 13:55:12,630 - DEBUG - Predict Function: x.shape = (72, 64)
2025-06-01 13:55:12,756 - DEBUG - Fit Function: x.shape = (80, 2), y.shape = (80,)
2025-06-01 13:55:12,758 - DEBUG - Compute Cost Function: x.shape=(80, 2),y.shape=(80,)
2025-06-01 13:55:12,758 - DEBUG - Gradient Function: x.shape = (80, 2), y.shape = (80,)
2025-06-01 13:55:12,758 - INFO - Cost after iteration 0: 0.6931471805599453
2025-06-01 13:55:12,758 - DEBUG - Compute Cost Function: x.shape=(80, 2),y.shape=(80,)
2025-06-01 13:55:12,758 - DEBUG - Gradient Function: x.shape = (80, 2), y.shape = (80,)
2025-06-01 13:55:12,760 - DEBUG - Compute Cost Function: x.shape=(80, 2),y.shape=(80,)
2025-06-01 13:55:12,760 - DEBUG - Gradient Function: x.shape = (80, 2), y.shape = (80,)
2025-06-01 13:55:12,760 - DEBUG - Compute Cost Function: x.shape=(80, 2),y.shape=(80,)
2025-06-01 13:55:12,760 - DEBUG - Gradient Function: x.shape = (80, 2), y.shape = (80,)
2025-06-01 13:55:12,760 - DEBUG - Compute Cost Function: x.shape=(80, 2),y.shape=(80,)
2025-06-01 13:55:12,761 - DEBUG - Gradient Function: x.shape = (80, 2), y.shape = (80,)
2025-06-01 13:55:12,761 - DEBUG - Compute Cost Function: x.shape=(80, 2),y.shape=(80,)
2025-06-01 13:55:12,761 - DEBUG - Gradient Function: x.shape = (80, 2), y.shape = (80,)
2025-06-01 13:55:12,761 - DEBUG - Compute Cost Function: x.shape=(80, 2),y.shape=(80,)
2025-06-01 13:55:12,761 - DEBUG - Gradient Function: x.shape = (80, 2), y.shape = (80,)
2025-06-01 13:55:12,761 - DEBUG - Compute Cost Function: x.shape=(80, 2),y.shape=(80,)
2025-06-01 13:55:12,761 - DEBUG - Gradient Function: x.shape = (80, 2), y.shape = (80,)
2025-06-01 13:55:12,761 - DEBUG - Compute Cost Function: x.shape=(80, 2),y.shape=(80,)
2025-06-01 13:55:12,762 - DEBUG - Gradient Function: x.shape = (80, 2), y.shape = (80,)
2025-06-01 13:55:12,762 - DEBUG - Compute Cost Function: x.shape=(80, 2),y.shape=(80,)
2025-06-01 13:55:12,762 - DEBUG - Gradient Function: x.shape = (80, 2), y.shape = (80,)
2025-06-01 13:55:12,762 - DEBUG - Compute Cost Function: x.shape=(80, 2),y.shape=(80,)
2025-06-01 13:55:12,762 - DEBUG - Gradient Function: x.shape = (80, 2), y.shape = (80,)
2025-06-01 13:55:12,763 - DEBUG - Compute Cost Function: x.shape=(80, 2),y.shape=(80,)
2025-06-01 13:55:12,764 - DEBUG - Gradient Function: x.shape = (80, 2), y.shape = (80,)
2025-06-01 13:55:12,764 - DEBUG - Compute Cost Function: x.shape=(80, 2),y.shape=(80,)
2025-06-01 13:55:12,764 - DEBUG - Gradient Function: x.shape = (80, 2), y.shape = (80,)
2025-06-01 13:55:12,764 - DEBUG - Compute Cost Function: x.shape=(80, 2),y.shape=(80,)
2025-06-01 13:55:12,764 - DEBUG - Gradient Function: x.shape = (80, 2), y.shape = (80,)
2025-06-01 13:55:12,764 - DEBUG - Compute Cost Function: x.shape=(80, 2),y.shape=(80,)
2025-06-01 13:55:12,765 - DEBUG - Gradient Function: x.shape = (80, 2), y.shape = (80,)
2025-06-01 13:55:12,765 - DEBUG - Compute Cost Function: x.shape=(80, 2),y.shape=(80,)
2025-06-01 13:55:12,765 - DEBUG - Gradient Function: x.shape = (80, 2), y.shape = (80,)
2025-06-01 13:55:12,765 - DEBUG - Compute Cost Function: x.shape=(80, 2),y.shape=(80,)
2025-06-01 13:55:12,765 - DEBUG - Gradient Function: x.shape = (80, 2), y.shape = (80,)
2025-06-01 13:55:12,765 - DEBUG - Compute Cost Function: x.shape=(80, 2),y.shape=(80,)
2025-06-01 13:55:12,765 - DEBUG - Gradient Function: x.shape = (80, 2), y.shape = (80,)
2025-06-01 13:55:12,765 - DEBUG - Compute Cost Function: x.shape=(80, 2),y.shape=(80,)
2025-06-01 13:55:12,765 - DEBUG - Gradient Function: x.shape = (80, 2), y.shape = (80,)
2025-06-01 13:55:12,765 - DEBUG - Compute Cost Function: x.shape=(80, 2),y.shape=(80,)
2025-06-01 13:55:12,767 - DEBUG - Gradient Function: x.shape = (80, 2), y.shape = (80,)
2025-06-01 13:55:12,767 - DEBUG - Compute Cost Function: x.shape=(80, 2),y.shape=(80,)
2025-06-01 13:55:12,767 - DEBUG - Gradient Function: x.shape = (80, 2), y.shape = (80,)
2025-06-01 13:55:12,767 - DEBUG - Compute Cost Function: x.shape=(80, 2),y.shape=(80,)
2025-06-01 13:55:12,767 - DEBUG - Gradient Function: x.shape = (80, 2), y.shape = (80,)
2025-06-01 13:55:12,767 - DEBUG - Compute Cost Function: x.shape=(80, 2),y.shape=(80,)
2025-06-01 13:55:12,767 - DEBUG - Gradient Function: x.shape = (80, 2), y.shape = (80,)
2025-06-01 13:55:12,767 - DEBUG - Compute Cost Function: x.shape=(80, 2),y.shape=(80,)
2025-06-01 13:55:12,767 - DEBUG - Gradient Function: x.shape = (80, 2), y.shape = (80,)
2025-06-01 13:55:12,767 - DEBUG - Compute Cost Function: x.shape=(80, 2),y.shape=(80,)
2025-06-01 13:55:12,767 - DEBUG - Gradient Function: x.shape = (80, 2), y.shape = (80,)
2025-06-01 13:55:12,767 - DEBUG - Compute Cost Function: x.shape=(80, 2),y.shape=(80,)
2025-06-01 13:55:12,767 - DEBUG - Gradient Function: x.shape = (80, 2), y.shape = (80,)
2025-06-01 13:55:12,767 - DEBUG - Compute Cost Function: x.shape=(80, 2),y.shape=(80,)
2025-06-01 13:55:12,767 - DEBUG - Gradient Function: x.shape = (80, 2), y.shape = (80,)
2025-06-01 13:55:12,767 - DEBUG - Compute Cost Function: x.shape=(80, 2),y.shape=(80,)
2025-06-01 13:55:12,767 - DEBUG - Gradient Function: x.shape = (80, 2), y.shape = (80,)
2025-06-01 13:55:12,767 - DEBUG - Compute Cost Function: x.shape=(80, 2),y.shape=(80,)
2025-06-01 13:55:12,768 - DEBUG - Gradient Function: x.shape = (80, 2), y.shape = (80,)
2025-06-01 13:55:12,768 - DEBUG - Compute Cost Function: x.shape=(80, 2),y.shape=(80,)
2025-06-01 13:55:12,768 - DEBUG - Gradient Function: x.shape = (80, 2), y.shape = (80,)
2025-06-01 13:55:12,768 - DEBUG - Compute Cost Function: x.shape=(80, 2),y.shape=(80,)
2025-06-01 13:55:12,768 - DEBUG - Gradient Function: x.shape = (80, 2), y.shape = (80,)
2025-06-01 13:55:12,768 - DEBUG - Compute Cost Function: x.shape=(80, 2),y.shape=(80,)
2025-06-01 13:55:12,768 - DEBUG - Gradient Function: x.shape = (80, 2), y.shape = (80,)
2025-06-01 13:55:12,768 - DEBUG - Compute Cost Function: x.shape=(80, 2),y.shape=(80,)
2025-06-01 13:55:12,768 - DEBUG - Gradient Function: x.shape = (80, 2), y.shape = (80,)
2025-06-01 13:55:12,768 - DEBUG - Compute Cost Function: x.shape=(80, 2),y.shape=(80,)
2025-06-01 13:55:12,768 - DEBUG - Gradient Function: x.shape = (80, 2), y.shape = (80,)
2025-06-01 13:55:12,768 - DEBUG - Compute Cost Function: x.shape=(80, 2),y.shape=(80,)
2025-06-01 13:55:12,768 - DEBUG - Gradient Function: x.shape = (80, 2), y.shape = (80,)
2025-06-01 13:55:12,768 - DEBUG - Compute Cost Function: x.shape=(80, 2),y.shape=(80,)
2025-06-01 13:55:12,768 - DEBUG - Gradient Function: x.shape = (80, 2), y.shape = (80,)
2025-06-01 13:55:12,768 - DEBUG - Compute Cost Function: x.shape=(80, 2),y.shape=(80,)
2025-06-01 13:55:12,768 - DEBUG - Gradient Function: x.shape = (80, 2), y.shape = (80,)
2025-06-01 13:55:12,768 - DEBUG - Compute Cost Function: x.shape=(80, 2),y.shape=(80,)
2025-06-01 13:55:12,769 - DEBUG - Gradient Function: x.shape = (80, 2), y.shape = (80,)
2025-06-01 13:55:12,769 - DEBUG - Compute Cost Function: x.shape=(80, 2),y.shape=(80,)
2025-06-01 13:55:12,769 - DEBUG - Gradient Function: x.shape = (80, 2), y.shape = (80,)
2025-06-01 13:55:12,769 - DEBUG - Compute Cost Function: x.shape=(80, 2),y.shape=(80,)
2025-06-01 13:55:12,769 - DEBUG - Gradient Function: x.shape = (80, 2), y.shape = (80,)
2025-06-01 13:55:12,769 - DEBUG - Compute Cost Function: x.shape=(80, 2),y.shape=(80,)
2025-06-01 13:55:12,769 - DEBUG - Gradient Function: x.shape = (80, 2), y.shape = (80,)
2025-06-01 13:55:12,769 - DEBUG - Compute Cost Function: x.shape=(80, 2),y.shape=(80,)
2025-06-01 13:55:12,769 - DEBUG - Gradient Function: x.shape = (80, 2), y.shape = (80,)
2025-06-01 13:55:12,769 - DEBUG - Compute Cost Function: x.shape=(80, 2),y.shape=(80,)
2025-06-01 13:55:12,769 - DEBUG - Gradient Function: x.shape = (80, 2), y.shape = (80,)
2025-06-01 13:55:12,769 - DEBUG - Compute Cost Function: x.shape=(80, 2),y.shape=(80,)
2025-06-01 13:55:12,769 - DEBUG - Gradient Function: x.shape = (80, 2), y.shape = (80,)
2025-06-01 13:55:12,769 - DEBUG - Compute Cost Function: x.shape=(80, 2),y.shape=(80,)
2025-06-01 13:55:12,769 - DEBUG - Gradient Function: x.shape = (80, 2), y.shape = (80,)
2025-06-01 13:55:12,769 - DEBUG - Compute Cost Function: x.shape=(80, 2),y.shape=(80,)
2025-06-01 13:55:12,769 - DEBUG - Gradient Function: x.shape = (80, 2), y.shape = (80,)
2025-06-01 13:55:12,769 - DEBUG - Compute Cost Function: x.shape=(80, 2),y.shape=(80,)
2025-06-01 13:55:12,769 - DEBUG - Gradient Function: x.shape = (80, 2), y.shape = (80,)
2025-06-01 13:55:12,769 - DEBUG - Compute Cost Function: x.shape=(80, 2),y.shape=(80,)
2025-06-01 13:55:12,769 - DEBUG - Gradient Function: x.shape = (80, 2), y.shape = (80,)
2025-06-01 13:55:12,769 - DEBUG - Compute Cost Function: x.shape=(80, 2),y.shape=(80,)
2025-06-01 13:55:12,769 - DEBUG - Gradient Function: x.shape = (80, 2), y.shape = (80,)
2025-06-01 13:55:12,769 - DEBUG - Compute Cost Function: x.shape=(80, 2),y.shape=(80,)
2025-06-01 13:55:12,769 - DEBUG - Gradient Function: x.shape = (80, 2), y.shape = (80,)
2025-06-01 13:55:12,769 - DEBUG - Compute Cost Function: x.shape=(80, 2),y.shape=(80,)
2025-06-01 13:55:12,769 - DEBUG - Gradient Function: x.shape = (80, 2), y.shape = (80,)
2025-06-01 13:55:12,769 - DEBUG - Compute Cost Function: x.shape=(80, 2),y.shape=(80,)
2025-06-01 13:55:12,769 - DEBUG - Gradient Function: x.shape = (80, 2), y.shape = (80,)
2025-06-01 13:55:12,769 - DEBUG - Compute Cost Function: x.shape=(80, 2),y.shape=(80,)
2025-06-01 13:55:12,769 - DEBUG - Gradient Function: x.shape = (80, 2), y.shape = (80,)
2025-06-01 13:55:12,769 - DEBUG - Compute Cost Function: x.shape=(80, 2),y.shape=(80,)
2025-06-01 13:55:12,769 - DEBUG - Gradient Function: x.shape = (80, 2), y.shape = (80,)
2025-06-01 13:55:12,769 - DEBUG - Compute Cost Function: x.shape=(80, 2),y.shape=(80,)
2025-06-01 13:55:12,769 - DEBUG - Gradient Function: x.shape = (80, 2), y.shape = (80,)
2025-06-01 13:55:12,769 - DEBUG - Compute Cost Function: x.shape=(80, 2),y.shape=(80,)
2025-06-01 13:55:12,769 - DEBUG - Gradient Function: x.shape = (80, 2), y.shape = (80,)
2025-06-01 13:55:12,769 - DEBUG - Compute Cost Function: x.shape=(80, 2),y.shape=(80,)
2025-06-01 13:55:12,769 - DEBUG - Gradient Function: x.shape = (80, 2), y.shape = (80,)
2025-06-01 13:55:12,769 - DEBUG - Compute Cost Function: x.shape=(80, 2),y.shape=(80,)
2025-06-01 13:55:12,769 - DEBUG - Gradient Function: x.shape = (80, 2), y.shape = (80,)
2025-06-01 13:55:12,769 - DEBUG - Compute Cost Function: x.shape=(80, 2),y.shape=(80,)
2025-06-01 13:55:12,769 - DEBUG - Gradient Function: x.shape = (80, 2), y.shape = (80,)
2025-06-01 13:55:12,769 - DEBUG - Compute Cost Function: x.shape=(80, 2),y.shape=(80,)
2025-06-01 13:55:12,769 - DEBUG - Gradient Function: x.shape = (80, 2), y.shape = (80,)
2025-06-01 13:55:12,769 - DEBUG - Compute Cost Function: x.shape=(80, 2),y.shape=(80,)
2025-06-01 13:55:12,769 - DEBUG - Gradient Function: x.shape = (80, 2), y.shape = (80,)
2025-06-01 13:55:12,769 - DEBUG - Compute Cost Function: x.shape=(80, 2),y.shape=(80,)
2025-06-01 13:55:12,769 - DEBUG - Gradient Function: x.shape = (80, 2), y.shape = (80,)
2025-06-01 13:55:12,769 - DEBUG - Compute Cost Function: x.shape=(80, 2),y.shape=(80,)
2025-06-01 13:55:12,769 - DEBUG - Gradient Function: x.shape = (80, 2), y.shape = (80,)
2025-06-01 13:55:12,769 - DEBUG - Compute Cost Function: x.shape=(80, 2),y.shape=(80,)
2025-06-01 13:55:12,769 - DEBUG - Gradient Function: x.shape = (80, 2), y.shape = (80,)
2025-06-01 13:55:12,769 - DEBUG - Compute Cost Function: x.shape=(80, 2),y.shape=(80,)
2025-06-01 13:55:12,776 - DEBUG - Gradient Function: x.shape = (80, 2), y.shape = (80,)
2025-06-01 13:55:12,776 - DEBUG - Compute Cost Function: x.shape=(80, 2),y.shape=(80,)
2025-06-01 13:55:12,776 - DEBUG - Gradient Function: x.shape = (80, 2), y.shape = (80,)
2025-06-01 13:55:12,776 - DEBUG - Compute Cost Function: x.shape=(80, 2),y.shape=(80,)
2025-06-01 13:55:12,776 - DEBUG - Gradient Function: x.shape = (80, 2), y.shape = (80,)
2025-06-01 13:55:12,776 - DEBUG - Compute Cost Function: x.shape=(80, 2),y.shape=(80,)
2025-06-01 13:55:12,776 - DEBUG - Gradient Function: x.shape = (80, 2), y.shape = (80,)
2025-06-01 13:55:12,776 - DEBUG - Compute Cost Function: x.shape=(80, 2),y.shape=(80,)
2025-06-01 13:55:12,777 - DEBUG - Gradient Function: x.shape = (80, 2), y.shape = (80,)
2025-06-01 13:55:12,777 - DEBUG - Compute Cost Function: x.shape=(80, 2),y.shape=(80,)
2025-06-01 13:55:12,777 - DEBUG - Gradient Function: x.shape = (80, 2), y.shape = (80,)
2025-06-01 13:55:12,777 - DEBUG - Compute Cost Function: x.shape=(80, 2),y.shape=(80,)
2025-06-01 13:55:12,777 - DEBUG - Gradient Function: x.shape = (80, 2), y.shape = (80,)
2025-06-01 13:55:12,777 - DEBUG - Compute Cost Function: x.shape=(80, 2),y.shape=(80,)
2025-06-01 13:55:12,777 - DEBUG - Gradient Function: x.shape = (80, 2), y.shape = (80,)
2025-06-01 13:55:12,777 - DEBUG - Compute Cost Function: x.shape=(80, 2),y.shape=(80,)
2025-06-01 13:55:12,777 - DEBUG - Gradient Function: x.shape = (80, 2), y.shape = (80,)
2025-06-01 13:55:12,778 - DEBUG - Compute Cost Function: x.shape=(80, 2),y.shape=(80,)
2025-06-01 13:55:12,778 - DEBUG - Gradient Function: x.shape = (80, 2), y.shape = (80,)
2025-06-01 13:55:12,778 - DEBUG - Compute Cost Function: x.shape=(80, 2),y.shape=(80,)
2025-06-01 13:55:12,778 - DEBUG - Gradient Function: x.shape = (80, 2), y.shape = (80,)
2025-06-01 13:55:12,778 - DEBUG - Compute Cost Function: x.shape=(80, 2),y.shape=(80,)
2025-06-01 13:55:12,778 - DEBUG - Gradient Function: x.shape = (80, 2), y.shape = (80,)
2025-06-01 13:55:12,778 - DEBUG - Compute Cost Function: x.shape=(80, 2),y.shape=(80,)
2025-06-01 13:55:12,778 - DEBUG - Gradient Function: x.shape = (80, 2), y.shape = (80,)
2025-06-01 13:55:12,778 - DEBUG - Compute Cost Function: x.shape=(80, 2),y.shape=(80,)
2025-06-01 13:55:12,778 - DEBUG - Gradient Function: x.shape = (80, 2), y.shape = (80,)
2025-06-01 13:55:12,778 - DEBUG - Compute Cost Function: x.shape=(80, 2),y.shape=(80,)
2025-06-01 13:55:12,778 - DEBUG - Gradient Function: x.shape = (80, 2), y.shape = (80,)
2025-06-01 13:55:12,778 - DEBUG - Compute Cost Function: x.shape=(80, 2),y.shape=(80,)
2025-06-01 13:55:12,778 - DEBUG - Gradient Function: x.shape = (80, 2), y.shape = (80,)
2025-06-01 13:55:12,778 - DEBUG - Compute Cost Function: x.shape=(80, 2),y.shape=(80,)
2025-06-01 13:55:12,778 - DEBUG - Gradient Function: x.shape = (80, 2), y.shape = (80,)
2025-06-01 13:55:12,779 - DEBUG - Compute Cost Function: x.shape=(80, 2),y.shape=(80,)
2025-06-01 13:55:12,779 - DEBUG - Gradient Function: x.shape = (80, 2), y.shape = (80,)
2025-06-01 13:55:12,779 - DEBUG - Compute Cost Function: x.shape=(80, 2),y.shape=(80,)
2025-06-01 13:55:12,779 - DEBUG - Gradient Function: x.shape = (80, 2), y.shape = (80,)
2025-06-01 13:55:12,779 - DEBUG - Compute Cost Function: x.shape=(80, 2),y.shape=(80,)
2025-06-01 13:55:12,779 - DEBUG - Gradient Function: x.shape = (80, 2), y.shape = (80,)
2025-06-01 13:55:12,779 - DEBUG - Compute Cost Function: x.shape=(80, 2),y.shape=(80,)
2025-06-01 13:55:12,779 - DEBUG - Gradient Function: x.shape = (80, 2), y.shape = (80,)
2025-06-01 13:55:12,779 - DEBUG - Compute Cost Function: x.shape=(80, 2),y.shape=(80,)
2025-06-01 13:55:12,779 - DEBUG - Gradient Function: x.shape = (80, 2), y.shape = (80,)
2025-06-01 13:55:12,779 - DEBUG - Compute Cost Function: x.shape=(80, 2),y.shape=(80,)
2025-06-01 13:55:12,779 - DEBUG - Gradient Function: x.shape = (80, 2), y.shape = (80,)
2025-06-01 13:55:12,779 - DEBUG - Compute Cost Function: x.shape=(80, 2),y.shape=(80,)
2025-06-01 13:55:12,779 - DEBUG - Gradient Function: x.shape = (80, 2), y.shape = (80,)
2025-06-01 13:55:12,779 - DEBUG - Compute Cost Function: x.shape=(80, 2),y.shape=(80,)
2025-06-01 13:55:12,779 - DEBUG - Gradient Function: x.shape = (80, 2), y.shape = (80,)
2025-06-01 13:55:12,779 - DEBUG - Compute Cost Function: x.shape=(80, 2),y.shape=(80,)
2025-06-01 13:55:12,779 - DEBUG - Gradient Function: x.shape = (80, 2), y.shape = (80,)
2025-06-01 13:55:12,779 - DEBUG - Compute Cost Function: x.shape=(80, 2),y.shape=(80,)
2025-06-01 13:55:12,779 - DEBUG - Gradient Function: x.shape = (80, 2), y.shape = (80,)
2025-06-01 13:55:12,779 - DEBUG - Compute Cost Function: x.shape=(80, 2),y.shape=(80,)
2025-06-01 13:55:12,779 - DEBUG - Gradient Function: x.shape = (80, 2), y.shape = (80,)
2025-06-01 13:55:12,779 - DEBUG - Compute Cost Function: x.shape=(80, 2),y.shape=(80,)
2025-06-01 13:55:12,780 - DEBUG - Gradient Function: x.shape = (80, 2), y.shape = (80,)
2025-06-01 13:55:12,780 - DEBUG - Compute Cost Function: x.shape=(80, 2),y.shape=(80,)
2025-06-01 13:55:12,780 - DEBUG - Gradient Function: x.shape = (80, 2), y.shape = (80,)
2025-06-01 13:55:12,780 - DEBUG - Compute Cost Function: x.shape=(80, 2),y.shape=(80,)
2025-06-01 13:55:12,780 - DEBUG - Gradient Function: x.shape = (80, 2), y.shape = (80,)
2025-06-01 13:55:12,780 - DEBUG - Compute Cost Function: x.shape=(80, 2),y.shape=(80,)
2025-06-01 13:55:12,780 - DEBUG - Gradient Function: x.shape = (80, 2), y.shape = (80,)
2025-06-01 13:55:12,780 - DEBUG - Compute Cost Function: x.shape=(80, 2),y.shape=(80,)
2025-06-01 13:55:12,780 - DEBUG - Gradient Function: x.shape = (80, 2), y.shape = (80,)
2025-06-01 13:55:12,780 - DEBUG - Compute Cost Function: x.shape=(80, 2),y.shape=(80,)
2025-06-01 13:55:12,780 - DEBUG - Gradient Function: x.shape = (80, 2), y.shape = (80,)
2025-06-01 13:55:12,780 - DEBUG - Compute Cost Function: x.shape=(80, 2),y.shape=(80,)
2025-06-01 13:55:12,780 - DEBUG - Gradient Function: x.shape = (80, 2), y.shape = (80,)
2025-06-01 13:55:12,780 - DEBUG - Compute Cost Function: x.shape=(80, 2),y.shape=(80,)
2025-06-01 13:55:12,780 - DEBUG - Gradient Function: x.shape = (80, 2), y.shape = (80,)
2025-06-01 13:55:12,780 - DEBUG - Predict Function: x.shape = (20, 2)
